user_id,item_id,User Rating
861,11,3.64
1295,37,3.83
1131,20,2.68
1096,3,3.84
1639,13,3.01
2170,11,3.86
467,27,3.31
1239,16,3.23
331,27,2.67
1483,0,2.39
2136,28,2.93
2920,30,3.74
131,30,2.82
1686,8,4.3
770,37,1.76
2392,26,2.86
1516,35,3.24
2854,1,1.87
2434,8,2.97
1216,29,3.65
956,28,3.07
2325,4,2.63
1185,36,3.14
460,33,2.68
22,22,2.62
2301,2,2.77
748,12,3.58
2905,19,3.73
475,33,4.31
1083,21,3.18
2559,19,3.53
2048,30,3.16
2748,9,3.27
976,23,2.95
1807,19,2.87
190,27,3.02
2735,21,3.3
563,28,3.64
1900,35,2.23
1268,15,1.89
2880,4,3.11
1529,39,3.41
647,13,2.87
2069,4,3.35
2889,26,3.25
2215,36,3.98
1298,14,3.06
2436,29,3.92
601,9,3.86
2364,28,3.27
2062,20,2.99
242,1,2.75
2042,14,3.48
2825,32,4.43
2613,0,2.88
2946,23,2.99
1364,17,3.02
2140,18,1.91
1391,21,1.44
1479,38,3.08
2557,8,1.76
776,32,2.89
35,37,3.06
2254,19,3.95
1956,1,3.97
1586,7,2.96
1022,7,2.99
2614,19,2.99
1130,27,3.48
1501,12,2.33
703,36,2.96
2450,14,3.66
2778,33,3.47
1580,37,4.1
162,36,2.91
202,33,3.2
1982,10,3.39
996,9,3.83
2318,27,3.75
816,18,2.89
456,19,2.25
1276,6,2.46
1017,6,2.5
2344,7,3.41
2768,13,3.75
338,6,3.19
879,25,2.51
1077,38,2.86
792,24,3.57
2265,16,3.47
764,11,4.41
2236,36,3.26
380,18,3.24
493,9,3.11
1181,2,3.32
2063,36,1.71
65,32,2.84
2569,18,2.02
1368,13,2.14
1153,13,4.61
2028,20,4.05
2696,39,1.39
1496,18,2.09
1163,12,2.08
1523,23,2.22
2641,34,1.85
392,35,2.53
1699,12,3.85
419,17,2.67
2337,10,3.49
379,7,3.49
1797,10,2.31
2279,22,3.18
2089,17,3.07
2183,5,2.26
201,19,3.24
1864,31,3.47
780,38,3.63
2978,35,3.77
503,18,3.24
2455,13,3.67
1752,28,2.33
805,25,2.66
2147,0,4.6
2732,5,2.07
1896,2,3.64
2774,7,2.87
1571,0,2.52
961,9,2.16
2661,22,2.53
1486,33,4.44
2691,20,1.57
1029,14,2.28
503,36,3.06
2815,11,3.74
398,16,1.86
871,8,4.45
2843,21,2.91
393,3,2.49
207,6,2.44
1039,9,3.69
1882,34,3.6
2940,23,1.13
1485,37,2.87
864,24,3.34
2791,25,3.0
564,16,1.96
1021,23,2.62
96,18,4.17
1924,27,4.63
1758,34,2.36
2533,0,2.55
2279,3,3.73
2797,4,1.56
1679,4,2.5
541,38,3.71
1060,15,3.13
2573,8,4.17
1184,3,2.92
1723,38,3.14
1820,4,2.37
2626,13,2.91
2730,24,2.96
2605,28,1.94
1598,26,2.81
2694,34,1.32
796,33,1.63
1052,36,3.05
1644,7,4.0
1364,20,4.81
1982,9,2.86
1355,30,2.38
1664,28,3.3
1530,35,2.57
2039,7,3.44
1497,15,2.93
2238,22,1.63
1409,12,2.23
1401,36,3.4
1307,27,2.59
2681,19,3.53
2676,28,2.12
973,22,2.76
1769,32,2.25
1283,21,1.83
710,24,3.37
1480,16,2.81
1435,17,2.05
649,14,3.43
318,13,3.49
1258,17,3.45
684,15,3.61
664,1,3.76
1999,38,1.8
1632,26,2.99
1496,29,1.72
1137,17,2.64
1854,6,2.83
1521,7,3.32
2490,9,1.8
564,18,2.68
1292,15,3.08
1637,38,2.72
3000,25,2.81
699,37,3.48
2161,36,3.21
2,27,2.5
642,35,1.96
2268,30,3.29
1590,37,4.51
855,29,3.14
1760,13,2.61
2433,27,2.26
1662,15,3.9
1154,38,2.37
1077,34,3.36
1708,10,2.37
2778,18,2.31
1696,19,2.31
1734,35,3.7
1440,3,3.22
2295,28,3.39
836,1,2.52
203,10,2.16
123,31,2.95
401,36,3.52
767,1,1.82
294,26,3.74
2328,8,3.17
2932,19,3.37
198,4,2.3
1931,0,2.8
2800,13,3.89
2192,3,2.07
609,24,2.64
1148,4,3.88
187,29,3.74
2512,13,2.26
1795,15,2.76
660,18,2.78
2812,12,2.91
1956,6,2.43
2451,7,2.64
1370,3,2.69
1987,15,2.29
1535,22,2.61
147,27,4.13
2912,5,2.92
1735,6,2.82
1844,0,3.25
489,2,3.08
2977,7,3.04
1960,6,3.63
1664,33,2.13
2599,5,3.02
2386,14,3.28
2920,30,3.07
641,7,3.01
1803,35,1.18
2521,33,3.3
1970,39,3.89
2199,37,2.66
1439,31,3.61
1635,29,1.99
263,4,1.98
1788,13,3.11
2192,8,2.59
2394,4,3.33
624,1,3.98
1017,32,2.75
881,10,2.94
2050,5,3.08
2945,21,2.94
1328,17,3.23
2302,33,2.48
453,31,2.89
1184,3,3.06
2057,10,4.4
1683,14,3.87
2864,37,2.22
2256,24,2.43
1155,26,4.0
404,1,3.29
2200,27,2.35
2102,5,1.8
1697,16,2.97
628,15,1.78
587,35,3.04
1649,30,3.14
1444,35,2.96
1446,6,3.5
104,6,4.27
254,8,2.02
2558,38,3.58
1497,38,3.62
99,21,1.82
2201,33,1.38
1885,33,3.58
2962,35,2.02
1920,16,3.89
878,20,2.59
338,15,2.78
2870,0,2.75
957,4,3.18
1705,6,4.37
161,23,3.66
1604,34,4.03
2849,16,2.5
398,38,2.56
1301,29,4.05
816,30,2.57
1528,6,4.4
1920,38,2.5
1416,0,2.12
1159,22,3.14
1219,34,2.95
401,21,2.35
640,22,3.37
2736,24,1.85
460,30,2.76
955,20,3.7
470,24,4.31
1046,32,3.09
2798,18,4.11
1694,14,3.63
2086,24,3.43
2278,39,3.3
563,20,3.28
2486,21,3.44
1800,0,2.8
2075,22,3.82
226,25,2.21
798,5,3.74
2332,39,3.41
2927,22,1.98
960,6,2.59
1505,34,4.4
453,22,3.92
816,17,4.51
659,12,4.29
547,23,3.1
1216,29,3.6
17,20,3.04
1244,33,3.9
2206,16,2.76
2525,35,1.48
1070,17,3.73
2566,22,4.05
2147,13,2.9
1769,2,2.87
1061,36,1.43
2328,29,2.73
2545,11,2.17
302,28,4.13
181,3,2.41
607,8,2.94
700,31,2.82
993,25,3.2
1140,3,2.79
191,38,2.77
2301,10,2.87
981,35,2.26
2976,16,3.87
2007,32,3.8
1185,34,3.5
128,12,3.05
2066,34,1.69
1817,35,2.57
1759,28,2.47
2614,11,3.75
570,11,3.23
1347,2,3.48
1896,38,1.9
2734,8,3.88
626,33,1.83
2902,23,2.28
1687,19,2.59
155,25,3.48
2538,1,1.96
1410,25,2.04
785,39,3.23
246,8,3.64
1501,34,3.31
1706,28,4.09
2807,19,2.73
538,5,3.68
1891,13,2.54
1842,7,2.18
921,23,2.85
2456,21,3.04
525,14,3.19
2876,15,3.88
1530,16,4.34
2951,21,2.88
36,29,3.47
685,26,2.85
20,8,2.46
2369,15,3.18
2560,20,2.92
400,12,3.85
2702,17,3.28
972,34,3.29
1907,2,3.08
2519,38,3.21
1167,26,2.61
1116,3,2.38
834,7,2.36
1824,37,3.51
2775,35,3.06
1983,32,3.74
854,9,2.83
51,39,4.49
575,22,4.02
1149,36,3.01
2198,31,1.41
2362,11,2.31
2618,26,2.75
2353,34,2.73
1716,13,3.29
682,17,2.52
838,37,1.62
1078,18,3.52
2492,24,2.33
2661,39,3.64
2312,30,3.47
1596,2,3.69
5,12,2.68
1127,35,3.39
1220,36,1.52
774,13,2.6
877,18,3.86
992,7,2.61
2932,9,2.87
47,21,2.27
2915,34,4.47
2871,3,3.22
2984,3,4.19
2704,19,2.6
269,32,3.54
370,4,2.88
636,22,3.06
1130,27,3.35
1694,9,2.23
1683,32,2.48
657,7,2.24
120,27,3.64
831,0,3.59
1811,14,2.29
1082,36,2.11
1975,39,1.43
1370,20,3.28
741,11,2.24
117,29,3.1
1854,35,3.64
2839,5,2.32
1151,37,2.93
1932,35,2.73
1013,26,1.98
1665,29,1.35
1082,34,3.3
634,10,2.45
513,17,3.29
2850,32,2.78
1120,6,2.87
1142,23,4.42
560,29,2.36
488,28,3.19
897,25,2.73
1213,15,2.97
704,25,3.52
1471,8,3.22
581,13,1.58
2838,23,3.98
2909,3,2.81
2295,2,2.52
154,34,2.06
1680,21,2.64
997,14,2.77
2745,39,2.94
1244,38,3.26
1093,2,2.57
1009,0,3.63
2142,7,2.9
1774,38,1.87
958,19,1.73
453,15,1.78
1228,20,3.04
2960,8,3.26
2266,31,3.14
2522,8,3.88
2480,32,3.58
2389,0,3.43
551,27,2.75
1636,21,2.65
1313,0,1.58
1758,27,2.79
357,7,2.02
2071,21,2.64
1786,24,2.59
2570,27,2.83
1782,24,3.62
2850,0,3.71
2810,22,3.27
2490,18,1.51
1632,23,2.71
2817,39,1.3
1016,33,2.88
1349,14,1.72
516,26,3.09
2840,14,2.79
336,37,3.0
1783,31,2.92
2306,17,1.69
497,14,4.0
896,35,3.36
2208,20,3.57
852,31,2.17
1688,16,3.75
1932,34,2.95
2738,30,3.74
2428,31,3.36
1569,25,2.97
957,36,2.18
2739,14,2.57
1637,17,4.1
1292,11,3.82
1441,12,2.43
1192,32,4.76
1067,9,3.35
285,20,3.55
2445,19,2.56
12,20,2.67
1631,17,3.9
2547,1,3.66
754,16,3.06
2083,27,3.17
2775,20,2.39
2897,10,2.76
90,0,2.34
776,36,2.77
2653,7,1.66
1626,15,2.01
418,0,3.22
115,10,3.34
617,0,2.04
826,32,2.29
1650,3,3.32
1517,35,4.33
413,3,3.15
729,0,2.77
2809,31,2.2
676,23,4.24
1893,21,1.85
2505,26,3.6
2968,12,3.34
2240,12,4.26
2787,23,2.38
1123,22,2.47
1572,24,2.6
978,35,1.98
1009,39,4.16
2144,11,2.27
1688,19,2.24
2711,38,2.46
37,5,3.04
1549,20,2.78
2327,32,2.77
2265,16,3.72
2915,4,2.99
873,36,3.96
1822,13,3.12
1297,36,3.4
2110,2,2.58
596,29,3.8
1904,7,3.6
729,9,2.49
1366,17,2.79
397,15,2.84
699,35,1.25
2225,24,1.67
1636,0,2.72
396,16,2.36
2493,38,3.31
76,4,2.77
265,29,2.09
2503,15,2.56
1820,1,2.13
718,0,2.45
2783,35,2.51
851,32,3.26
1391,4,3.18
144,30,3.49
885,11,2.08
396,38,3.19
2996,37,1.97
2939,35,3.99
1493,20,2.12
1168,39,2.68
2617,34,3.84
1063,18,2.04
2157,15,3.07
1066,7,3.46
1210,32,4.28
2983,3,2.73
2446,23,2.71
634,17,3.3
1157,17,4.55
1239,39,3.77
733,35,3.55
235,6,2.41
2706,10,3.78
751,2,3.17
2636,28,2.48
954,13,3.11
2540,32,2.84
2961,27,4.24
1543,28,2.36
1198,37,3.59
1677,4,1.89
1192,2,2.75
2218,38,1.88
1417,29,2.63
2994,3,4.1
2843,8,3.06
2682,23,3.31
1218,22,3.88
1541,17,2.56
2077,0,2.56
1446,17,2.87
2387,31,1.84
1520,37,2.56
1389,9,3.25
1857,31,2.62
1366,27,3.69
500,38,4.54
1681,23,2.98
511,25,3.56
217,32,2.95
1325,36,3.51
1156,20,4.19
1828,21,1.98
1811,33,1.64
2493,28,3.16
2924,14,2.95
1206,22,2.66
2215,32,4.3
91,13,3.97
714,34,3.66
1882,23,1.93
39,7,2.77
173,12,3.54
653,0,2.02
754,26,4.36
1244,6,3.07
1082,11,1.64
1684,21,1.82
2524,15,1.92
456,0,2.82
829,23,2.84
895,35,2.94
1385,4,3.27
1959,16,3.61
2435,34,3.26
1997,29,3.69
2396,0,3.44
190,3,3.43
505,18,2.51
1215,2,2.25
1532,19,3.99
824,20,3.38
929,20,1.57
934,34,2.74
1141,18,1.8
134,26,2.19
2106,20,3.54
685,31,3.26
2720,28,2.83
2221,11,3.0
1853,22,3.38
815,31,2.07
1173,5,2.63
80,37,3.45
2934,22,3.0
203,33,2.58
2812,28,3.97
1253,8,2.71
1700,19,2.87
1251,13,2.39
1683,21,4.01
1556,18,4.47
2095,24,2.54
1257,39,2.62
1550,14,1.5
1167,21,3.25
1397,32,3.73
2704,28,2.08
471,8,2.93
1036,28,3.0
1354,25,3.61
2784,33,2.67
2832,21,2.68
968,17,3.97
358,25,3.46
668,21,3.64
373,28,2.81
1032,0,3.6
1146,4,3.0
1372,24,2.97
2724,2,2.83
90,25,3.95
2746,26,4.11
540,25,2.36
2780,22,2.7
869,4,4.12
41,36,4.07
740,23,1.98
1947,7,3.0
2550,3,4.45
1225,4,3.97
929,14,1.68
2037,19,2.2
2509,3,1.54
2780,22,3.23
2800,34,3.84
925,23,2.74
2957,2,2.25
1582,13,2.76
390,39,1.79
1618,34,2.72
2931,19,2.39
256,36,2.14
709,13,3.68
1839,30,3.0
1945,27,2.15
2498,33,2.33
10,5,3.5
2872,31,1.26
798,21,2.75
877,27,1.81
1029,31,3.23
1016,6,1.93
1825,5,2.02
374,27,3.27
2194,5,2.93
224,16,3.48
1263,32,3.19
2225,18,2.29
1803,34,2.16
853,7,1.86
63,16,2.13
1241,13,2.52
2875,16,2.74
2843,10,4.33
689,30,4.25
1485,10,3.13
1634,5,3.89
2153,10,2.17
511,9,2.41
385,24,4.11
405,32,2.1
2871,14,2.41
518,20,2.16
476,29,2.98
2001,24,3.65
2757,20,2.42
1669,3,2.85
1894,27,3.08
2819,3,2.76
1461,39,3.02
2725,36,2.75
714,5,4.06
83,6,3.8
1169,8,1.92
2505,11,3.1
1902,37,3.16
2049,10,3.67
51,39,2.54
685,12,1.79
717,3,2.6
1470,27,3.55
449,32,2.89
881,18,3.21
488,21,2.79
1824,37,3.12
2082,7,3.04
2143,37,3.21
1575,23,3.16
2202,20,3.23
250,28,2.34
674,35,2.58
438,3,2.36
2166,1,3.16
771,1,4.08
268,34,2.56
1985,25,2.96
1078,4,3.29
236,22,3.36
389,14,3.25
763,38,1.75
1849,32,2.53
2449,30,2.11
624,30,3.18
2815,20,3.88
2967,36,4.32
1253,18,2.77
2901,28,3.83
578,35,4.05
2123,14,2.52
435,14,2.83
2151,13,3.52
764,31,2.64
2786,17,4.15
2854,37,2.73
1330,24,2.99
2146,12,2.38
2846,6,3.99
1359,10,2.8
2907,36,2.65
2483,14,2.37
447,9,2.37
2018,15,3.44
1332,26,3.87
249,35,3.39
166,35,2.72
1359,4,2.14
1020,6,2.07
542,33,3.75
759,27,2.66
2129,22,4.73
2181,4,1.62
797,9,2.53
2948,0,3.28
138,38,3.53
2232,33,4.12
1354,31,3.14
2833,38,1.49
1876,2,3.42
69,20,2.3
2594,3,2.36
2101,16,4.39
1474,18,3.02
205,3,3.62
2174,6,3.49
43,2,4.43
1907,13,2.71
2159,19,2.31
761,15,3.43
2896,3,3.2
2143,1,2.98
1995,36,2.25
1936,27,3.0
900,37,3.67
360,36,3.12
2948,12,2.7
1720,7,3.23
281,36,2.3
1888,15,3.42
667,21,3.74
93,24,3.65
672,22,2.02
1970,9,4.33
61,5,2.23
2682,19,3.09
1029,3,2.35
1490,23,3.7
604,9,1.58
682,1,2.26
2582,9,2.55
1429,20,3.84
2886,10,2.13
2693,11,3.07
2281,5,3.02
524,1,4.61
2394,29,1.63
2594,35,3.91
1969,12,4.07
1102,0,2.64
1754,22,3.47
1837,33,3.94
2842,18,1.97
2297,21,1.88
2095,23,2.54
1145,20,2.39
2262,27,2.12
2287,10,2.3
1080,11,3.29
2398,36,2.92
107,33,3.56
2879,18,3.54
48,16,4.1
337,13,3.37
1050,14,1.37
2852,14,2.43
1281,19,3.05
2056,0,3.09
625,4,2.53
1891,4,2.3
1277,38,3.05
1716,26,2.66
2767,14,2.89
303,13,1.55
639,23,1.39
56,31,2.51
726,16,3.46
526,10,2.8
474,3,2.8
28,0,3.27
2126,39,2.92
365,36,3.39
2714,0,3.76
526,28,3.66
2747,23,3.34
1336,9,2.71
883,30,2.39
1031,24,2.07
1027,22,2.01
1647,31,3.83
919,6,3.11
2798,23,3.63
2411,33,2.08
1775,21,1.95
1532,7,2.63
2854,15,3.25
2787,28,1.57
1907,4,2.64
1216,27,2.59
1655,27,3.27
485,17,3.65
2076,37,2.18
714,17,4.55
1063,8,2.48
1977,14,4.23
1297,1,3.25
1255,36,3.75
2134,26,2.34
126,33,2.33
2860,19,3.02
537,8,3.87
2193,18,2.4
2073,19,3.84
1604,27,3.8
67,11,2.06
233,0,1.87
2157,19,2.05
1170,5,2.85
2159,9,3.03
2276,4,3.09
111,17,4.07
1494,32,3.15
2082,7,4.71
623,8,3.35
2796,11,2.83
2643,26,1.98
2473,18,1.89
2661,11,3.08
1542,13,2.83
2740,32,2.86
1306,6,3.65
1762,20,2.49
1976,7,3.47
2363,27,1.78
877,1,3.39
1990,29,2.33
1313,24,3.3
1461,15,3.37
2710,36,4.24
2325,34,2.6
1734,12,3.42
1606,5,2.39
1527,8,2.99
2672,13,3.24
2564,1,2.06
2891,4,2.01
2398,19,4.21
1631,7,1.47
2871,36,3.12
1161,21,3.19
759,29,3.19
2947,8,3.0
243,7,3.66
2591,8,3.28
1064,7,2.76
229,10,1.81
2596,10,1.77
920,16,2.66
1247,23,2.06
6,28,3.97
468,7,3.74
1756,35,3.66
75,5,2.3
4,31,3.17
1871,18,2.07
646,15,2.7
118,10,1.62
2929,17,1.39
1630,11,3.47
2552,25,2.99
2022,34,2.75
947,18,1.83
2622,20,2.59
1465,8,3.19
194,8,2.46
847,10,3.25
2763,18,2.68
1416,21,2.45
1459,25,2.62
2221,34,2.82
1669,3,1.83
2374,29,2.2
1434,23,2.23
1142,38,3.88
2884,8,3.11
1811,24,1.52
724,1,3.23
225,12,1.92
532,21,3.68
113,24,2.38
2188,33,2.24
559,27,2.85
2049,14,3.38
2138,38,1.47
654,24,2.45
320,5,3.53
1574,19,2.17
1829,38,3.64
1918,21,3.23
139,19,2.85
2893,21,2.64
2027,6,2.09
2307,10,3.05
902,34,3.48
690,13,3.37
2040,11,3.17
10,5,3.42
261,19,3.99
1943,31,2.18
1674,23,3.38
2220,1,2.26
2946,8,3.04
2061,6,2.29
1192,13,2.19
1620,19,2.53
321,1,4.27
1343,16,3.11
1637,33,4.21
2377,18,3.06
2833,32,3.0
2825,28,1.6
1995,8,1.58
2959,3,4.09
1944,24,2.43
2039,16,2.62
1119,9,3.02
1605,31,3.18
2366,39,1.95
236,6,4.18
1970,21,2.33
334,39,2.34
1909,20,1.61
376,13,2.77
1161,21,2.9
2636,5,2.49
1571,17,4.1
2561,30,4.23
1320,31,4.06
2966,35,3.16
1856,15,3.88
1373,2,3.14
873,27,2.46
1253,31,3.18
2318,31,3.64
1852,33,4.47
2846,34,3.36
1315,19,4.47
725,26,3.26
2053,22,3.32
2899,24,3.69
78,22,4.5
2622,18,2.23
132,34,4.4
601,17,3.23
1773,25,2.86
1066,23,2.96
2137,32,2.75
2450,1,2.57
2344,23,3.8
1864,28,3.2
1319,14,1.58
616,27,3.64
2848,2,2.61
2470,6,2.78
1889,8,1.62
1047,29,3.07
575,0,2.18
2191,18,2.91
993,32,1.94
2713,4,3.19
2193,4,2.85
1249,13,1.77
503,10,2.46
1998,21,1.41
821,23,3.71
2152,30,2.09
1971,26,1.7
198,14,3.44
1670,24,3.22
2627,28,1.9
2439,34,3.32
1203,8,2.52
2602,3,2.14
1472,36,4.39
1647,31,4.15
1693,38,1.99
1313,20,4.4
2036,5,2.96
478,28,2.77
1255,17,4.3
923,1,1.38
420,2,3.16
2205,39,2.44
2598,30,3.0
1121,31,4.18
951,33,2.6
2337,5,3.14
1278,0,2.45
2244,7,1.65
2646,0,3.14
1858,38,3.75
517,29,3.72
1659,8,3.88
1866,31,3.09
2913,8,1.36
1142,13,2.55
2854,7,3.07
1933,33,2.58
815,18,2.96
2276,28,3.7
1901,24,3.09
2264,13,4.15
2996,10,2.42
2063,17,3.19
2095,17,1.99
2372,28,2.34
2892,39,3.4
130,28,2.75
95,23,1.85
2675,9,3.0
2803,33,3.69
1956,18,1.62
794,31,2.69
1835,25,2.91
2117,9,4.2
1684,22,2.67
11,4,3.81
1866,14,2.45
2920,36,3.61
2598,33,4.31
712,24,2.42
2071,37,2.68
815,34,2.13
346,30,4.03
2350,31,3.56
363,37,3.2
2444,7,1.87
2266,10,2.03
2189,21,2.96
985,22,2.3
1640,1,2.19
828,14,3.12
2731,30,3.69
356,26,3.53
1348,37,3.79
2936,27,2.82
1864,3,2.79
127,30,4.36
604,28,2.2
1929,0,3.65
1014,5,3.6
51,16,3.23
2827,27,2.91
1431,24,4.4
1793,10,2.68
2862,23,3.02
1637,16,3.05
1646,36,3.64
2468,0,3.36
1206,3,4.41
2873,12,3.07
1855,38,3.89
567,9,2.88
2419,3,3.69
936,36,2.1
1935,30,1.91
2709,21,2.73
1333,25,2.83
202,5,3.71
2361,15,3.74
117,0,1.88
937,4,4.11
575,1,2.75
2292,32,3.3
537,0,3.51
1626,2,4.01
2123,0,2.42
386,39,3.18
475,7,4.43
418,35,4.24
2395,36,1.62
2688,37,2.16
939,0,4.04
955,2,2.58
876,16,3.48
763,39,2.98
1203,17,2.71
1206,27,3.61
664,6,1.58
25,20,2.76
1991,14,2.01
1204,0,3.06
710,11,3.43
1880,7,2.12
1185,16,3.72
2225,18,3.59
285,16,3.96
63,15,3.56
1003,36,2.38
662,21,3.53
2714,36,3.36
2204,39,2.46
1493,25,2.94
967,5,4.38
849,15,3.06
1108,11,2.33
689,6,3.11
148,7,3.69
342,20,1.92
2524,20,1.55
1087,8,2.4
1725,27,2.53
1384,20,1.48
2609,31,2.84
327,34,3.29
1793,38,2.5
1760,1,1.91
990,11,3.76
2263,6,2.8
2483,29,1.92
952,39,1.63
723,17,3.13
2080,9,2.89
2718,3,2.86
2333,36,2.94
429,13,3.03
1501,2,4.06
286,33,2.05
2066,20,4.6
769,28,2.6
2638,30,2.63
1395,14,2.55
194,19,3.75
2550,1,3.43
988,24,3.61
1137,27,2.97
2162,14,2.8
1702,4,3.76
947,29,3.0
831,16,3.07
1921,21,2.43
2973,35,3.42
55,24,3.03
800,20,3.12
778,8,2.78
1482,6,2.14
1902,6,3.0
2210,19,3.44
2135,7,3.83
55,9,2.34
1824,22,2.31
1202,7,3.55
833,7,1.98
313,7,4.08
2807,21,2.74
1859,27,2.67
2008,14,1.8
2007,23,3.91
2491,27,2.08
1791,37,2.36
328,30,2.44
2809,12,2.49
2627,3,3.39
1288,20,3.27
2144,5,4.45
1112,11,2.91
1312,37,3.68
2862,3,3.21
2539,39,3.34
452,22,2.01
1524,4,3.85
165,16,2.53
182,17,1.78
2517,22,3.91
910,0,3.5
2783,29,3.36
823,25,3.87
944,32,2.52
2002,25,3.34
2055,14,3.36
330,4,2.16
775,1,3.14
2199,26,3.79
147,24,1.73
915,10,1.96
1572,7,3.22
1309,14,3.44
2748,20,3.08
82,35,1.61
514,30,4.08
1921,32,2.93
2863,7,3.19
2757,27,3.61
1940,33,4.78
746,29,3.19
1410,24,2.77
707,28,1.65
471,29,4.26
396,36,2.48
1556,22,3.37
2309,32,3.14
805,24,3.54
934,12,3.17
1280,25,2.88
1758,12,2.61
905,13,3.48
1077,35,2.05
2988,7,1.7
1891,28,4.65
1524,11,4.43
2902,20,3.3
1388,22,3.5
1304,26,2.0
593,30,4.93
2762,29,3.66
2680,39,2.0
2107,21,1.45
128,28,2.94
736,32,1.92
2769,8,3.64
2574,38,3.11
521,13,2.98
2600,34,2.6
237,37,4.08
1305,11,1.93
1782,11,2.6
1302,6,3.36
2542,6,1.93
2052,11,2.41
2714,16,3.3
442,26,4.3
2077,6,4.24
2658,31,2.63
805,6,3.12
75,8,2.18
2886,6,3.98
2176,22,3.21
2090,13,1.95
1380,10,3.73
41,11,1.8
2982,19,2.31
2082,13,2.58
1701,34,2.99
1402,28,2.62
588,9,1.74
1623,10,1.73
342,39,3.75
2075,18,3.91
646,27,3.51
731,28,3.8
168,20,1.99
610,4,4.2
2316,34,2.81
1773,21,3.39
2041,13,2.64
2869,10,1.72
455,19,1.58
2954,13,3.0
1709,38,1.76
2970,23,2.86
702,23,3.39
2682,21,2.7
1600,34,1.47
130,5,2.99
1846,2,1.37
1387,12,2.93
2867,38,3.63
693,23,3.02
1395,37,4.23
794,7,3.79
29,16,2.86
149,5,3.6
1320,10,1.46
2059,10,2.37
2724,22,3.7
1137,0,3.6
187,25,4.44
2855,19,2.84
2792,6,2.97
1251,19,2.4
1334,35,3.74
98,2,1.75
55,27,3.08
2671,16,3.35
2712,19,2.27
758,21,3.64
406,32,1.98
2117,34,4.18
1313,18,2.71
1786,32,2.69
751,17,2.27
1763,25,2.27
365,7,2.11
2027,23,3.33
482,21,3.7
2249,24,2.53
154,6,4.09
1525,15,2.1
2121,20,3.31
2761,6,2.02
2344,18,2.06
1041,4,2.46
1665,28,2.67
1241,21,3.49
61,21,3.98
939,5,3.83
1640,18,1.44
2090,6,3.82
25,32,4.02
1063,15,2.48
131,18,2.97
1253,16,3.16
108,0,1.5
172,8,2.56
1459,21,2.48
102,14,2.5
2914,0,2.05
2572,11,3.36
2323,13,2.87
1637,34,4.09
2865,33,3.6
1041,39,1.74
330,16,2.82
1521,30,4.48
12,33,2.66
1342,32,3.78
216,7,3.47
339,7,1.89
1800,8,3.29
2709,21,4.39
1751,39,2.34
1509,37,2.96
2422,8,3.27
710,13,3.23
1224,10,2.51
2514,5,2.28
1113,38,2.87
1292,20,2.31
489,3,3.6
1562,21,3.51
47,6,1.86
778,34,1.72
1040,25,3.4
711,28,3.17
401,3,3.39
1818,23,2.18
250,20,2.92
391,3,3.76
335,0,2.05
629,3,3.81
137,22,2.2
2931,2,3.1
2736,22,3.14
1522,15,3.85
827,18,2.77
727,1,2.76
1501,5,2.21
2642,21,1.94
990,32,3.19
2420,21,2.65
935,32,1.77
402,8,3.13
1467,1,1.43
615,20,3.57
1297,12,1.97
1183,32,3.42
2668,30,2.86
2236,33,3.94
1122,36,3.42
131,30,2.11
2853,30,2.5
1195,32,3.84
2984,23,2.51
183,0,3.82
364,3,2.62
39,14,2.81
2545,1,2.76
1373,2,3.22
921,31,3.21
2770,14,2.89
16,21,2.8
493,17,3.27
1450,3,4.42
1132,0,2.12
2942,2,2.79
311,17,2.46
739,13,3.13
546,1,3.52
2462,22,3.19
251,39,2.84
759,36,3.19
1805,19,2.04
1298,16,3.13
1632,29,3.96
1915,20,4.17
814,23,2.37
29,3,3.22
958,23,2.92
2033,1,2.47
477,30,2.92
318,17,3.37
245,33,3.87
748,10,1.94
697,38,2.38
272,16,2.98
1772,11,3.92
1263,31,2.94
2425,11,3.21
266,25,3.13
2974,10,1.81
921,6,1.87
340,13,2.86
389,21,1.81
2625,34,4.39
2051,32,3.76
1166,30,3.58
376,16,3.68
2034,11,2.07
2372,10,3.02
146,12,2.29
1982,36,3.87
293,0,3.2
432,5,2.48
705,0,2.39
2997,10,2.0
1999,4,2.46
2633,10,4.34
399,14,4.26
2865,11,3.31
964,37,3.62
2235,9,2.13
2042,6,2.72
1829,36,3.16
2109,22,4.13
939,28,2.68
710,11,3.84
807,34,2.08
1464,6,2.59
1326,3,2.35
11,19,3.31
1086,2,1.45
1869,39,2.79
2274,17,3.56
2612,36,2.67
772,11,3.03
1595,19,2.59
1608,32,1.85
1334,19,2.73
885,13,4.2
1390,10,3.91
226,37,2.52
825,23,3.15
2266,21,3.14
937,0,3.0
2801,15,3.29
2554,2,3.73
2307,24,3.35
1912,7,3.57
1797,31,3.38
54,5,1.6
727,10,2.96
2737,17,4.25
1545,25,2.94
1044,1,4.54
1914,0,3.24
1777,4,3.06
1597,35,2.78
1915,6,3.08
2467,3,1.81
2738,21,2.59
850,29,2.22
2110,2,4.2
2264,39,4.46
3,25,2.93
160,2,4.27
781,16,1.81
893,0,3.09
2031,0,3.29
2377,11,4.13
580,2,2.21
1934,13,3.42
1381,39,2.39
1291,18,2.77
1641,22,2.71
952,24,3.66
2683,13,3.44
988,18,3.38
1219,5,2.85
921,11,3.05
2786,22,2.87
1356,34,2.33
170,37,3.55
521,23,2.28
1487,37,1.94
40,18,4.19
1561,27,1.77
1419,14,3.86
955,15,2.64
984,0,2.31
975,7,2.76
38,19,3.43
2376,27,2.93
1275,36,3.97
1200,15,4.08
1626,30,4.31
914,28,2.17
454,7,2.66
37,3,3.01
1712,10,2.2
796,29,2.32
973,38,3.49
593,5,3.33
1138,19,2.05
1325,15,3.17
2272,16,1.71
318,30,1.89
2397,37,3.24
2163,1,2.8
2746,1,2.77
1347,19,3.24
1592,22,3.76
1890,20,2.25
2088,9,2.05
1997,10,2.5
1773,13,2.76
1313,34,4.16
1286,13,2.87
216,32,3.33
2384,19,3.55
2140,19,3.06
2401,30,2.24
2619,35,3.97
2864,17,3.22
1705,38,2.75
2829,22,3.02
363,36,2.65
2605,37,3.4
1717,1,2.66
1194,21,2.17
356,24,2.81
191,17,4.7
2470,10,2.77
700,5,3.37
2055,30,4.07
2181,0,2.06
557,4,1.56
826,24,2.98
2809,34,2.09
1055,8,2.32
2583,18,2.41
426,1,1.68
2720,19,3.25
2411,2,2.17
1575,10,3.46
2130,5,2.3
2404,18,2.14
589,13,3.46
2013,10,1.86
1548,12,2.4
295,20,2.73
1986,30,1.78
1248,27,1.44
1549,32,3.27
1691,1,3.99
1137,7,3.42
1257,9,2.19
2065,35,4.01
360,26,3.26
2914,12,4.15
700,20,2.68
448,4,4.28
2904,16,1.67
2413,39,3.35
675,2,2.29
1008,29,4.52
1350,36,3.08
2515,26,3.78
2462,15,2.79
586,13,4.03
1257,22,2.9
1248,12,3.71
994,12,3.44
1436,6,2.92
572,18,2.86
2383,5,2.04
1246,0,3.77
2085,9,3.71
989,11,2.22
278,17,3.4
1220,3,1.48
2964,2,2.56
1888,21,2.77
484,32,3.88
1266,31,2.53
731,30,2.7
2240,7,3.7
1041,21,3.16
2572,15,1.44
918,20,3.86
2449,15,2.66
886,0,2.91
2753,19,2.21
22,5,3.74
474,10,3.03
2258,11,3.0
2354,39,3.17
704,9,1.53
687,32,3.45
285,19,4.26
716,38,3.27
763,1,3.4
1251,21,4.09
948,32,2.92
2429,24,3.83
2508,2,3.06
1031,4,2.06
29,29,2.33
907,26,1.7
2927,4,4.17
2127,4,3.5
2995,29,3.66
2507,16,2.97
570,10,2.35
2007,20,2.64
1454,8,2.93
738,23,3.91
516,29,3.69
2001,39,3.63
2445,33,3.07
39,22,2.38
887,39,2.6
2845,12,2.45
2205,2,3.07
1099,39,3.99
2932,7,3.62
1824,0,3.37
1711,16,2.88
974,17,3.83
1563,15,3.46
2897,39,2.56
2796,13,2.61
989,23,1.8
21,12,2.55
2351,17,2.24
869,31,4.04
84,8,3.08
1683,38,4.09
1977,5,3.51
1411,27,3.24
1531,28,2.9
570,38,2.61
934,33,3.44
1981,16,2.47
1856,31,3.08
793,38,3.38
792,27,3.81
1810,7,3.9
1295,12,3.63
2540,29,1.93
2256,16,1.81
1608,4,3.54
1084,37,1.39
2478,38,3.73
985,39,3.15
1681,25,3.17
520,21,2.2
591,8,2.79
1051,29,3.96
1710,30,1.8
2036,36,1.25
2247,33,2.28
2435,26,2.68
349,33,3.35
960,17,3.51
1964,14,4.02
693,29,2.94
1560,12,2.95
378,11,2.44
2947,31,1.77
2964,14,2.09
527,17,3.07
2782,27,3.87
2254,25,2.06
2503,12,2.12
1260,1,1.63
1876,7,3.26
1764,19,1.74
521,18,1.82
1702,2,4.18
1017,14,2.24
2774,28,4.24
1014,4,1.98
2549,1,2.91
117,16,3.64
2434,13,2.89
1368,30,2.56
584,12,3.23
395,38,1.82
1088,16,1.14
2769,3,2.09
72,30,1.67
274,15,3.19
2014,8,2.11
1344,27,3.03
338,1,3.4
1390,8,3.96
607,26,1.93
166,14,3.13
1568,17,2.83
2059,16,3.44
1325,27,4.5
729,39,2.93
2849,1,1.68
2044,0,4.35
102,30,3.78
1416,28,3.9
779,28,3.2
214,15,2.79
1112,11,2.93
1577,12,4.93
2449,25,2.2
2636,34,3.07
2937,3,3.63
1696,34,3.07
592,17,1.6
1334,17,3.51
1110,8,3.0
2140,37,4.03
2721,36,3.35
714,15,2.8
936,35,3.13
1952,36,2.78
242,21,2.56
2044,20,3.69
2,25,2.8
2273,10,3.73
2849,32,2.53
1769,5,2.38
1950,11,4.34
2637,30,2.33
2164,23,3.17
918,19,4.08
2242,35,3.95
2919,20,3.21
90,17,3.76
1710,8,1.73
2170,27,3.04
143,17,2.56
106,25,3.34
887,35,2.24
428,15,4.0
1329,27,3.16
1896,15,3.9
1995,6,2.5
317,3,3.93
1987,13,4.54
635,29,3.38
1926,30,3.5
2057,18,3.37
2822,39,2.98
2271,38,3.18
1440,16,2.69
553,17,3.31
716,38,3.61
1288,6,3.97
1714,39,2.8
1884,26,3.51
1108,9,3.48
1342,20,3.36
111,11,2.74
251,3,2.28
2431,16,2.53
2055,16,3.91
459,32,4.49
1108,12,1.72
208,13,2.76
900,20,3.93
22,4,2.94
410,16,4.03
895,5,2.19
515,19,2.62
809,26,3.39
874,38,2.55
14,0,3.22
971,26,3.35
2135,7,2.45
2957,22,1.72
1561,7,2.88
1325,15,3.38
1267,2,1.63
2170,3,2.25
750,0,2.91
685,4,4.45
1928,30,2.29
2357,16,2.52
695,26,4.02
2336,27,1.76
307,21,3.42
1990,34,3.71
2962,8,3.02
662,5,2.72
549,29,2.51
312,27,4.03
2921,11,2.13
1083,22,3.08
2972,2,2.8
1738,16,3.12
755,29,3.94
35,14,2.59
445,24,3.25
2141,34,2.84
1983,14,3.64
1231,0,1.68
353,25,2.79
903,21,1.85
1356,28,3.02
2910,12,3.97
1749,21,2.92
159,10,2.27
1978,25,2.28
957,28,2.46
2072,14,4.37
404,18,3.14
2853,4,3.74
516,4,2.94
2780,33,3.27
1388,34,3.38
2580,2,1.78
956,2,2.69
2200,29,3.0
1713,10,3.44
2995,2,1.87
608,39,1.64
2468,33,3.03
1274,16,2.72
2914,32,2.37
1536,28,2.75
2626,26,2.7
2383,10,3.97
1442,18,2.94
2980,9,2.95
1798,7,1.95
295,33,3.66
755,20,3.68
1395,27,3.8
186,6,2.09
1270,0,3.4
637,16,4.07
1292,1,1.59
530,2,1.54
2069,15,2.9
2959,24,3.18
2915,18,1.71
794,12,2.55
2148,5,2.13
2800,32,4.11
478,0,3.83
1623,9,3.45
940,15,2.59
526,39,2.81
2382,27,1.45
2,33,2.86
375,32,2.48
2341,37,2.7
2885,9,3.82
553,37,3.03
2366,2,1.83
1526,8,1.68
1852,29,2.62
381,0,3.28
1647,5,3.61
14,22,2.99
504,23,1.86
2279,25,3.11
2009,5,2.1
130,12,2.01
838,20,2.75
2939,18,2.85
2041,14,1.3
28,1,2.27
2114,7,4.57
1253,22,1.76
261,21,1.27
2047,20,3.03
1473,4,3.27
1448,8,4.04
460,13,3.05
301,26,1.66
2967,39,2.2
2335,36,3.29
630,38,2.41
270,19,3.12
2640,34,3.64
1994,26,3.46
1629,31,4.16
1802,22,3.93
2892,37,1.59
862,1,2.45
1281,39,1.51
2181,34,2.66
1800,11,3.76
1707,28,3.35
2561,6,3.03
2361,37,2.89
576,29,1.69
2934,2,1.8
2004,29,4.06
1308,38,1.94
1957,22,3.76
2735,37,2.6
2021,23,2.15
2213,36,2.85
2353,19,3.56
1656,0,3.26
1580,26,2.93
1848,29,3.58
2204,38,2.26
1391,35,3.31
1743,16,2.37
1926,23,3.14
620,26,2.72
1275,23,1.2
957,32,3.24
1940,3,3.09
2382,15,3.36
969,21,4.68
2559,19,2.49
1317,30,3.94
1044,12,1.97
282,10,2.91
2845,38,1.29
2167,21,3.09
1059,37,3.24
198,13,2.52
2533,23,3.71
1083,14,3.38
2885,18,2.09
1185,22,4.26
1009,26,2.06
2739,13,2.43
1230,0,3.11
1036,36,3.68
490,37,1.44
276,37,4.07
2741,22,1.64
2290,33,2.15
1240,37,3.38
1275,3,2.08
126,15,2.8
217,9,4.08
1209,34,2.91
1247,27,3.25
2543,0,4.09
2475,26,3.36
919,32,2.43
1318,22,3.68
2199,2,2.92
2432,34,3.69
1662,9,3.31
308,17,3.18
1360,33,3.83
1970,5,3.66
2794,17,2.49
892,17,3.49
375,16,2.55
2034,21,4.11
1365,25,3.11
129,7,4.23
1015,6,3.53
1800,24,2.29
2717,39,2.48
1382,4,3.44
517,22,3.21
1519,35,3.31
86,19,3.39
1199,9,2.86
2359,7,3.19
1143,1,2.93
2475,15,1.96
1994,19,2.69
2162,15,2.41
303,27,3.76
2792,3,4.08
588,38,2.04
987,4,4.51
1864,0,1.84
345,3,1.77
814,22,3.94
1988,31,3.36
2849,32,2.56
1311,12,3.46
2000,37,2.69
1678,29,1.93
1328,21,3.6
1093,25,3.35
2409,17,2.82
1010,39,3.17
704,9,1.49
575,19,1.76
1609,2,3.17
1113,17,2.25
688,37,3.23
2829,30,4.07
2633,12,1.94
2637,35,3.38
489,27,3.41
1348,19,2.45
494,6,2.88
1668,20,4.56
1638,22,2.71
19,34,3.67
2445,22,4.44
1001,6,2.97
851,30,3.83
1389,29,3.78
1355,11,2.86
1368,4,3.71
822,32,3.12
455,28,2.86
1625,35,4.3
2773,25,2.07
711,12,3.61
2191,20,2.19
917,30,2.44
2876,14,2.25
2653,10,2.64
1497,12,1.91
1441,1,1.78
305,2,1.56
736,0,3.56
2339,15,4.23
1964,16,3.45
2150,39,3.71
2010,18,3.86
2915,36,3.21
2890,37,2.65
962,1,2.26
2990,35,3.66
1027,33,3.72
2133,15,3.31
2376,27,3.91
2864,11,2.25
1474,3,2.28
2502,20,3.52
1948,36,3.13
2677,33,1.66
1178,38,3.75
665,11,2.51
12,12,2.57
1157,11,2.94
304,26,2.47
1764,11,1.25
2831,34,3.09
43,1,1.97
944,27,2.77
2391,35,2.84
1350,20,4.1
2546,17,2.4
2412,4,2.53
891,4,3.12
2475,16,3.28
1005,3,2.92
21,24,1.63
407,9,4.0
2667,15,3.84
1015,1,3.2
336,20,2.65
1839,1,1.74
1148,25,3.55
2447,3,1.94
2841,7,1.67
1828,38,1.88
715,14,2.67
51,0,3.21
324,23,4.32
789,12,1.76
141,34,4.18
470,36,1.52
787,20,2.44
1826,30,2.94
1358,27,2.13
1917,15,2.62
964,30,4.12
373,2,4.75
2542,30,2.52
1693,3,4.31
2799,8,3.68
1180,35,2.61
2339,21,4.69
1672,39,2.72
106,36,3.58
1444,39,3.77
2718,33,3.18
1682,7,2.3
2,36,3.24
2637,10,3.01
2692,30,3.02
2138,15,2.3
350,33,2.84
1287,23,3.02
1063,38,2.72
2957,35,4.09
2207,36,3.81
2360,23,3.87
445,8,3.82
2346,9,3.44
952,6,2.0
36,0,2.61
1108,11,1.8
1476,12,3.38
1799,5,2.02
1846,12,2.95
1409,16,3.34
1196,6,4.35
1400,32,3.81
1709,1,4.22
1386,24,2.9
2607,3,3.33
2939,36,2.66
2189,12,3.24
2935,16,2.89
1301,36,3.94
2774,2,3.68
1244,18,3.17
521,8,2.8
1807,22,2.69
10,12,2.56
984,21,3.37
2426,19,4.1
1657,25,2.13
1661,7,2.5
2730,22,3.44
2632,8,3.2
2200,15,2.72
720,16,1.15
1073,15,1.35
859,29,3.26
1317,16,2.0
1604,29,1.93
50,30,3.2
2712,26,2.07
2579,31,2.61
2905,23,4.14
146,15,3.01
915,28,3.98
1463,32,2.9
2290,24,3.32
581,37,2.41
2735,27,4.48
1585,36,4.61
483,38,2.05
1250,11,3.76
673,23,1.89
631,4,2.85
2709,11,3.46
662,34,2.38
2853,36,3.25
2467,24,4.1
988,37,3.12
1547,3,3.24
650,39,3.45
969,32,3.15
2638,33,1.76
1101,2,2.65
2557,4,3.51
441,23,2.62
921,10,1.91
770,27,2.54
1344,36,1.77
1827,35,2.8
263,20,3.24
1578,6,2.58
2685,10,3.93
2507,37,2.64
999,35,3.32
700,25,2.4
2350,23,3.81
1604,3,2.91
1242,10,3.22
1126,7,3.29
2602,12,2.68
2336,0,3.28
1191,19,3.19
2669,29,3.96
1006,3,3.07
36,24,2.78
744,17,3.33
1765,20,1.95
353,30,2.83
1923,35,3.67
73,18,1.49
2696,39,1.79
1377,36,2.38
1915,8,4.15
1094,10,3.76
2473,35,3.68
708,16,2.15
1805,16,1.96
2609,11,2.65
2876,17,2.84
956,25,3.0
2565,33,3.15
2476,34,1.86
160,33,2.37
2197,21,3.97
2824,39,1.89
1736,32,2.54
1586,10,1.64
67,16,2.77
2429,2,3.16
58,0,2.86
342,19,2.12
1154,14,2.47
2775,14,3.6
1196,13,3.17
2818,19,3.52
2662,14,1.96
1233,19,3.35
2402,39,3.98
1495,13,2.12
1822,10,1.89
116,20,1.54
662,0,2.18
1466,18,3.44
2501,22,2.84
1869,35,3.93
2335,19,3.63
1017,26,4.15
311,16,1.96
208,23,2.48
2666,14,3.36
2494,21,2.28
2718,21,3.54
633,25,2.77
2103,0,2.93
2960,36,1.13
657,17,1.74
1424,26,2.96
1932,15,3.77
2563,24,3.92
1680,11,3.23
237,33,2.65
348,0,2.6
2675,31,3.27
630,13,3.14
1541,11,3.96
2004,11,2.86
1272,27,2.99
364,33,3.75
2369,9,1.84
286,32,2.01
149,27,2.77
1108,29,3.43
2454,19,1.95
456,14,3.35
1767,15,3.35
800,26,3.77
1185,15,2.36
1013,8,2.3
2832,32,2.07
2508,25,3.53
1524,21,3.03
2786,26,4.49
2557,17,2.74
481,10,3.73
1687,27,3.04
2162,15,1.86
2797,6,1.28
1602,37,4.01
2409,4,2.73
341,3,1.9
2818,13,2.08
2011,31,3.71
2809,15,3.64
2497,0,2.07
1867,5,2.73
835,23,2.6
1204,6,3.77
1726,28,1.89
1690,30,3.02
311,11,3.5
262,9,2.02
1443,13,2.73
406,4,2.5
2191,3,1.8
342,28,3.55
1340,9,2.74
244,31,3.61
490,28,2.96
12,32,3.09
561,33,3.52
42,35,3.43
2726,22,2.57
594,12,3.47
1453,13,3.56
1827,1,3.22
1694,20,2.26
134,19,1.98
948,3,3.31
73,8,3.55
399,26,2.12
1429,12,4.42
2626,5,4.03
2907,37,2.33
130,28,2.3
2979,12,2.5
1812,24,2.28
2002,28,3.84
266,32,3.49
1561,15,3.27
1986,37,2.72
793,19,2.89
2301,39,3.84
2870,17,1.57
1313,33,2.32
164,34,4.11
95,33,2.99
1806,9,3.42
2881,33,2.88
1134,18,1.56
2384,16,3.09
822,6,4.61
238,13,3.73
2429,1,3.11
2947,13,2.88
2531,18,2.94
1961,37,2.88
2950,6,2.14
1049,0,3.08
1677,13,3.62
2530,7,2.51
2965,10,1.78
964,9,1.89
537,23,1.79
1604,12,3.32
1980,20,3.81
128,19,4.3
92,38,4.21
543,15,2.31
846,38,2.73
1682,5,2.81
1852,19,2.16
2495,36,2.38
390,13,3.65
2720,30,4.27
1885,29,3.01
43,24,2.48
254,23,3.16
1084,0,2.82
2711,8,1.98
2515,33,3.04
2335,12,4.63
1541,3,2.3
1954,13,2.47
2826,32,3.85
2393,30,1.9
642,30,2.65
2430,15,4.04
690,24,2.62
1277,27,2.84
1951,0,2.94
1080,38,2.86
1487,5,3.65
457,36,2.49
983,23,2.29
2131,33,2.21
1123,7,2.05
149,8,2.47
1353,35,2.47
1180,1,1.17
190,31,3.03
883,7,1.9
2311,0,3.62
400,24,3.15
2812,25,4.26
609,28,1.33
1796,7,3.51
1639,26,2.84
1576,5,2.1
2833,19,3.03
2149,30,2.84
1383,19,2.62
1404,24,3.03
820,36,1.79
820,29,4.22
420,27,3.54
124,8,2.25
422,6,2.85
1509,31,2.33
1598,30,3.13
768,0,4.23
2045,28,2.54
2531,25,1.68
2567,21,2.59
2203,33,2.32
2140,6,1.45
1550,21,3.82
2503,27,3.26
1765,24,3.26
2045,30,3.21
2646,36,2.09
510,1,3.19
1207,22,2.99
386,16,3.99
1598,20,3.16
2453,33,4.1
2294,13,4.42
742,11,2.47
2709,38,2.11
2698,36,4.31
1912,36,1.43
1447,27,2.45
901,25,3.11
2113,4,1.88
2261,23,3.7
2010,35,2.91
242,7,3.01
2541,19,2.51
2386,29,2.73
2021,13,1.67
173,6,4.57
672,9,2.88
164,20,1.4
465,22,2.88
497,24,3.07
700,20,3.08
2443,38,2.35
703,12,4.07
1941,39,4.0
2356,29,3.16
1792,30,3.1
183,26,3.32
629,1,4.42
2558,4,3.61
1732,14,3.61
546,28,4.39
1588,39,2.05
624,2,3.69
594,10,3.3
744,28,2.81
1769,19,2.41
1460,0,2.58
1949,9,3.38
2602,6,3.61
2069,28,1.58
2602,34,4.68
2445,1,3.07
2673,22,3.22
105,34,3.09
2240,19,1.97
17,26,3.97
393,37,2.57
425,12,3.4
2177,25,4.05
572,16,2.21
2077,23,2.52
1121,30,3.17
242,19,3.17
2280,22,2.75
789,37,2.34
715,14,4.26
759,2,2.41
2850,15,2.4
776,17,3.39
2774,36,4.05
2248,26,2.41
2993,14,3.52
79,20,2.43
856,20,3.52
2515,5,4.57
2629,23,3.41
1440,19,3.19
2988,38,3.34
2497,37,2.02
2135,9,3.35
2149,19,2.44
1032,10,3.15
845,5,3.15
87,15,3.36
2091,24,2.96
408,32,2.96
2712,9,3.54
1669,34,1.84
148,25,2.61
2325,19,2.13
232,31,3.07
1951,14,4.18
366,31,2.75
1675,7,3.31
436,11,3.27
399,17,3.2
1235,7,2.64
1415,38,3.17
2547,16,1.92
2588,36,3.79
563,35,3.49
2490,10,1.99
1285,1,2.25
773,20,3.59
2398,37,4.09
2038,18,2.17
2568,34,2.78
1344,25,1.49
2186,12,2.82
1574,17,3.93
992,26,2.72
2416,0,1.97
1247,32,3.23
360,18,3.99
921,1,3.95
2377,32,2.84
2511,3,2.15
2994,28,3.72
963,2,3.09
1828,30,3.73
2884,31,3.14
1614,13,2.35
1641,28,2.12
2217,15,3.96
217,7,1.22
378,28,2.78
119,28,2.38
190,6,4.29
2815,24,2.11
370,9,3.32
1802,17,3.53
2197,10,2.67
652,33,2.94
1883,14,3.81
1512,25,3.61
770,5,3.4
2422,24,3.28
781,4,1.18
1717,18,4.21
2208,14,1.53
2399,28,2.84
1312,34,2.41
2940,19,3.03
1250,6,2.63
523,27,3.35
522,32,2.59
783,3,2.49
2321,33,1.89
936,29,3.1
2231,24,1.92
1689,29,3.97
488,18,3.35
1851,33,2.68
846,18,3.18
2172,14,2.91
2838,10,1.93
2462,4,2.78
2004,39,2.17
1749,24,3.94
686,7,3.83
2161,1,3.55
2936,26,2.54
2170,15,1.9
1568,33,2.71
1246,37,1.71
39,29,1.79
2545,26,3.95
780,32,3.7
1257,28,4.57
2991,20,3.89
2197,33,2.45
2709,9,2.52
1928,22,2.28
302,35,2.89
2286,26,2.54
647,31,3.43
663,4,2.03
2284,25,2.06
1760,20,3.25
2251,23,2.1
256,18,3.02
598,28,2.01
662,32,3.03
235,29,1.9
1369,9,2.67
2582,29,2.34
2908,3,2.46
770,27,2.49
2589,5,2.24
213,33,4.42
463,12,3.45
2484,29,2.45
283,24,2.66
1487,7,2.2
1431,28,2.23
88,2,2.38
1068,38,3.07
461,38,2.32
2326,5,3.82
2469,0,3.47
1725,37,1.21
1377,14,2.44
2744,18,2.1
515,16,2.26
703,28,2.09
1654,25,3.43
2067,33,2.65
23,15,3.72
2461,5,3.68
1054,22,1.56
1831,38,3.46
2156,33,3.56
1305,19,3.22
1135,15,3.33
2184,2,2.91
362,24,2.31
2177,5,3.91
1900,5,4.4
1285,39,2.51
515,7,2.95
449,7,2.94
1924,31,2.34
1507,9,2.52
1248,7,3.0
1856,14,2.73
874,20,2.68
2521,8,2.55
1429,23,3.1
2350,19,2.29
2279,33,3.24
1755,11,2.9
923,10,3.93
2985,24,2.53
2160,8,3.63
1037,7,3.03
1417,9,3.14
2548,30,1.93
2980,2,3.16
2646,30,1.86
2282,0,2.48
2650,17,3.66
314,29,3.56
2614,26,2.4
2257,0,3.22
1998,39,3.09
1038,13,2.61
1657,35,1.69
2635,7,2.69
1779,4,1.37
1015,38,4.46
1094,21,2.68
1125,3,4.32
698,1,2.97
2180,29,3.19
1405,20,2.53
1156,29,3.11
1044,5,4.07
1930,24,3.22
2584,6,2.76
1014,11,2.83
227,14,1.81
1829,19,2.42
1493,8,2.3
822,26,2.14
2024,39,2.69
871,19,2.13
2453,35,1.51
2250,5,1.64
2086,30,1.57
2990,3,3.67
1796,23,2.39
188,5,2.29
1081,21,3.98
941,20,3.95
2321,24,3.4
2631,17,2.38
2564,0,3.09
526,37,3.23
336,3,2.08
2746,1,2.69
1079,17,2.97
2548,16,4.29
2948,31,3.23
2814,13,3.12
2584,9,2.04
162,12,2.22
594,11,3.46
1939,30,2.77
2207,36,3.86
60,4,3.34
2963,27,2.87
1902,31,3.65
2259,31,3.46
406,23,3.35
664,26,3.85
1133,20,2.16
1100,32,2.48
542,16,2.61
1338,32,2.59
998,24,1.32
1141,14,3.85
2975,19,2.82
868,31,4.72
2067,8,2.19
432,22,3.22
740,36,2.22
1374,5,2.14
183,39,2.02
2161,25,2.03
1207,31,3.17
2529,0,2.61
1170,15,3.29
831,4,2.24
1652,0,1.69
1137,28,4.14
2811,0,2.28
476,1,2.69
2811,28,2.04
1327,33,3.84
971,30,2.98
1020,9,2.81
1142,31,3.43
1837,28,3.29
161,13,2.54
2449,11,2.43
198,24,3.12
1284,1,4.89
660,9,3.33
1776,12,3.67
1071,28,2.85
2011,15,3.86
399,39,2.64
1734,0,3.13
1583,18,3.5
2126,11,3.28
2172,24,2.59
75,8,2.88
2185,10,3.9
602,6,3.69
837,6,2.01
1529,13,2.96
500,34,3.35
1597,38,1.58
138,4,1.87
2098,0,3.21
1795,17,3.1
973,16,2.52
1643,27,4.55
1886,11,2.89
2302,12,2.87
2029,10,3.92
2758,39,1.85
1901,21,3.02
2611,7,3.31
2805,4,2.85
1450,33,2.75
547,33,2.5
922,14,3.38
581,29,2.61
1373,27,1.7
1957,15,3.8
2004,32,3.56
2097,31,3.79
2965,5,4.27
704,9,4.46
2309,29,2.5
2404,30,1.86
1626,37,4.11
638,14,3.22
2791,2,3.61
1010,3,3.31
2979,28,3.51
641,34,3.8
2840,20,3.19
2660,13,3.29
1862,17,3.22
2857,22,3.3
1206,24,3.95
686,4,2.67
1852,34,2.88
188,17,3.31
1620,12,4.54
1688,16,4.25
985,0,3.94
548,23,1.65
2773,32,3.19
2974,16,3.19
1432,38,2.7
876,17,3.88
618,20,3.58
2462,12,3.14
1366,24,3.47
1244,18,2.62
903,38,2.0
163,35,3.04
1975,4,3.31
270,33,2.82
632,16,3.57
906,18,3.55
2015,34,2.15
1642,25,3.22
205,15,2.51
582,10,2.65
1580,22,2.16
841,31,1.31
1837,6,3.39
1252,14,3.05
1720,21,2.97
1643,8,4.55
2644,30,3.73
2298,5,4.27
875,17,3.76
1465,28,1.84
2244,17,3.01
690,25,4.33
2011,20,2.26
2687,39,1.75
1423,21,3.5
2002,31,4.03
672,19,2.66
1172,28,2.08
1496,26,3.29
944,3,2.95
2247,37,2.65
1450,5,3.71
2540,0,3.54
896,36,3.05
2190,12,4.06
1337,32,3.46
165,29,1.84
2362,25,3.47
2069,12,2.86
1106,3,3.87
1754,7,1.58
2353,25,2.64
1939,30,3.3
371,28,1.83
1881,35,2.65
853,14,3.34
384,23,3.08
1932,6,3.89
2493,4,2.41
425,30,3.52
2209,34,2.12
629,20,3.21
895,16,2.21
2538,31,2.25
2375,6,2.76
598,31,3.31
2337,23,2.56
593,11,2.61
1688,23,2.42
573,27,3.25
2076,28,3.5
2091,9,3.31
1705,29,3.26
2471,22,2.9
177,27,3.72
529,5,3.58
1634,38,2.86
966,32,3.44
1518,17,4.93
198,39,2.53
2658,22,2.69
2890,16,1.94
853,14,3.34
1538,20,4.14
2070,13,3.45
1081,29,4.42
2890,1,2.14
98,28,2.52
1904,31,1.81
435,36,3.68
637,32,2.31
588,31,2.19
344,33,3.15
1318,16,3.5
1980,15,1.9
571,10,3.54
611,11,3.52
1728,3,2.85
2291,33,1.79
1855,23,1.47
2609,21,1.86
960,0,4.25
2080,23,2.68
2439,3,3.21
2325,11,3.31
532,15,3.76
1178,4,2.33
2431,29,2.58
1092,39,4.09
1902,21,2.8
884,6,2.13
2262,29,3.23
1679,11,3.42
2424,37,2.08
2792,37,3.05
2261,34,2.8
2127,12,4.41
1750,11,1.72
2676,21,2.8
2652,32,2.05
782,14,4.07
2728,4,1.91
2106,8,3.87
881,6,2.47
447,15,4.04
2114,4,3.07
1784,18,2.96
1278,9,2.25
1992,31,2.05
1068,12,2.77
1578,0,3.21
1012,36,3.51
2275,26,2.63
774,36,3.27
2727,8,3.32
1815,35,1.44
2649,26,3.03
2427,0,4.39
1202,35,4.3
1451,3,3.12
2757,6,2.62
307,26,2.67
779,4,3.96
2552,8,2.5
2316,28,3.47
8,8,1.91
2556,4,2.22
476,19,2.74
1321,37,3.22
2212,21,2.5
485,27,2.15
2615,36,1.83
905,28,2.84
559,22,3.07
1968,1,2.71
2286,5,4.89
1128,37,2.2
1234,7,3.69
2602,19,1.6
2876,36,2.61
468,30,2.3
2434,15,2.79
2823,25,2.02
848,17,2.38
2435,23,3.01
2925,18,2.93
259,17,2.68
283,15,3.65
1650,4,4.16
1899,37,4.4
40,27,3.88
2534,19,4.19
2977,35,3.43
2268,12,2.43
1015,6,2.84
613,6,2.22
2976,37,2.67
1916,4,1.44
688,15,2.63
613,16,1.54
2308,14,3.74
2414,16,3.12
1782,24,2.23
1811,10,2.48
2592,3,2.39
2697,27,3.93
1548,0,3.46
1931,0,1.49
2862,2,2.87
1153,26,2.94
575,26,2.16
1911,37,4.16
1013,15,2.32
670,1,3.66
269,1,1.66
1284,28,2.7
924,38,4.25
1126,7,2.89
1530,10,3.16
1759,37,3.8
1595,23,2.49
247,20,2.27
1561,34,2.87
2179,4,3.34
2401,17,2.92
2244,11,3.76
1940,16,2.74
930,36,4.16
2693,38,3.34
227,31,3.38
2749,15,3.34
265,10,3.68
1396,31,2.45
1458,35,2.6
646,35,2.37
2259,17,3.13
1419,31,2.9
1474,0,3.86
2991,21,2.94
1388,9,3.71
1900,24,4.16
2505,27,4.0
2773,37,3.08
1250,1,2.21
982,4,3.05
1155,39,3.46
588,11,3.13
476,13,2.32
1822,2,1.8
986,10,2.14
2204,25,1.45
1242,5,2.42
190,20,1.82
1441,28,3.43
981,17,3.54
1699,2,4.32
1716,24,3.62
2594,30,2.81
41,15,2.9
2355,12,1.34
943,35,4.15
338,5,3.84
1338,8,3.74
1099,37,4.33
2327,28,3.61
896,19,3.68
2321,32,3.04
2885,34,4.21
2668,25,3.74
1675,17,3.24
2910,24,1.71
931,20,2.55
289,27,2.11
724,30,3.57
2941,16,3.61
2320,22,3.04
1954,30,3.44
1090,4,2.36
483,24,3.36
936,5,2.49
2296,9,3.26
156,20,3.75
1071,35,3.85
1959,36,4.01
2502,4,1.82
2249,39,2.53
1684,21,1.81
124,39,3.42
2049,2,3.58
968,2,2.47
855,0,3.26
640,31,3.27
2239,31,2.67
1603,35,1.56
2564,9,2.27
442,25,2.11
1945,23,2.6
1839,30,4.42
1830,6,2.93
2191,15,1.9
533,34,2.36
2275,11,2.83
1337,10,2.2
949,14,3.79
2020,14,3.05
460,23,2.2
551,1,3.18
393,13,2.23
1788,12,3.59
845,23,2.53
2258,3,4.11
1139,26,4.16
646,2,3.84
2267,22,2.79
2455,11,3.05
1467,11,3.05
1378,15,4.44
2936,25,2.86
2606,22,3.79
2598,17,3.39
142,25,3.19
2660,37,2.1
501,21,2.53
840,24,2.35
2750,7,2.18
1683,31,4.06
1566,20,4.07
2047,15,3.47
1531,28,3.03
596,29,3.06
1905,25,2.39
281,31,3.81
424,19,2.22
2904,30,1.73
270,10,3.76
154,10,3.68
2662,26,2.72
1751,9,3.07
662,32,3.51
1968,20,2.88
83,9,4.24
2995,16,4.34
2947,27,1.71
1450,5,4.48
1299,7,2.4
2332,11,3.4
980,23,4.53
2221,23,3.11
2811,4,3.02
1660,21,2.82
1399,15,2.63
633,7,2.45
1532,0,2.74
787,32,2.81
2991,1,2.57
398,6,3.55
1144,39,2.55
934,25,1.89
1461,13,3.06
1853,11,4.36
2724,32,1.57
2984,12,4.09
2513,0,1.69
286,32,3.32
265,5,2.88
2368,15,4.08
2721,8,3.93
2868,0,2.18
2137,29,3.62
1678,30,3.02
1227,10,2.71
821,11,3.41
1763,28,3.29
2382,7,2.56
2270,27,2.04
41,21,3.46
1732,10,3.55
68,27,1.78
988,15,2.41
1800,26,3.38
2562,27,4.22
1622,3,2.73
1656,11,3.71
1279,12,1.48
695,30,2.54
2525,38,3.72
1086,18,1.71
2929,1,1.61
2480,12,1.22
1694,10,3.74
2316,1,1.73
1059,25,4.31
779,6,3.31
494,6,3.45
1586,1,1.77
1493,8,2.88
1791,7,3.99
661,30,3.5
1349,31,2.82
1328,34,2.86
1300,5,2.08
1987,36,2.26
2045,14,3.42
1929,32,1.57
1348,33,2.47
1059,0,4.0
977,0,3.48
482,23,3.55
728,4,3.62
2528,14,3.16
1032,23,3.75
343,0,2.73
1448,32,3.05
2380,32,3.74
2486,18,2.04
2222,10,2.5
2607,0,1.64
527,16,2.81
1897,36,3.39
659,23,3.36
2074,35,3.77
820,19,1.84
2653,4,3.3
406,37,3.39
2280,23,3.29
2581,21,1.56
1574,9,3.14
1812,29,2.78
505,20,4.14
179,12,2.89
132,8,1.96
1847,5,2.58
1479,4,2.08
2396,4,4.19
2588,27,3.01
772,22,4.03
1430,19,3.55
2124,16,2.52
579,19,1.87
2902,32,2.92
1516,1,4.24
194,35,2.69
2008,19,2.93
1186,39,3.52
2395,9,2.07
2999,2,3.85
1385,22,3.56
1793,7,3.55
1111,23,2.86
2262,11,1.51
1937,32,1.46
2621,16,2.97
780,37,3.73
262,30,2.41
730,2,4.44
283,27,2.43
1491,21,3.66
362,31,2.79
441,26,1.49
2141,20,2.34
1645,19,1.55
2801,31,3.76
867,38,2.27
1448,10,2.36
142,33,3.91
1315,23,2.84
1456,6,2.81
2797,26,2.98
1876,9,3.15
1848,36,2.36
1713,22,2.09
2701,14,1.85
701,31,2.99
998,13,4.02
2097,18,1.9
1326,10,3.51
881,1,2.26
1214,1,1.66
1160,8,2.03
555,26,2.1
404,8,4.73
892,9,2.56
2913,22,3.39
602,35,3.33
1831,17,2.11
341,24,2.57
1969,3,3.18
704,4,2.26
318,37,2.88
2666,2,3.2
1387,11,3.44
2430,36,2.03
2281,13,1.99
1801,36,3.78
1368,0,2.84
1573,1,1.93
817,13,3.03
553,7,2.39
856,30,1.98
1813,34,1.75
2867,24,3.13
183,31,3.14
1575,3,2.32
397,29,4.37
1728,15,2.25
2827,34,2.92
1518,29,2.69
907,0,2.22
1357,33,2.74
2175,34,2.9
1,19,1.89
19,3,1.85
584,30,2.75
456,3,3.46
2037,20,1.75
1133,34,1.92
2493,13,3.97
1953,9,2.46
2650,37,2.57
2151,31,3.0
988,14,2.41
520,21,2.87
859,30,2.36
174,1,3.1
1367,37,3.5
2479,11,3.03
727,38,3.98
1711,20,2.65
1876,3,2.77
2898,25,3.07
1682,21,3.76
1348,14,3.57
990,3,3.15
2687,16,3.66
420,37,2.25
594,33,4.07
2533,38,2.38
1775,12,4.25
2460,14,3.46
936,5,2.23
1108,15,3.13
1137,11,1.58
332,35,3.18
2703,8,3.79
2089,37,1.6
1794,11,2.96
959,10,1.98
105,34,2.94
202,22,1.66
2498,17,2.97
1843,13,1.7
1867,8,2.08
1997,9,1.92
1290,18,3.86
910,15,3.73
210,38,3.5
563,26,3.84
2761,3,2.21
1564,15,2.02
771,2,1.82
2502,9,2.7
2715,36,4.47
629,26,3.18
1629,0,2.86
1702,0,2.94
387,15,2.61
1936,9,3.67
2344,14,3.07
2306,26,3.0
1105,6,3.16
268,24,3.13
2467,6,3.91
2283,35,1.18
1857,2,4.2
1999,35,3.49
1381,11,2.17
1237,39,2.3
574,6,3.64
49,33,3.06
1151,5,2.9
223,34,2.82
2969,21,2.61
1432,25,1.57
1529,10,1.82
1820,3,1.75
2325,3,3.21
1462,24,3.33
1131,35,2.63
1682,8,3.31
2468,7,2.12
2659,10,3.86
375,28,3.35
2121,16,1.93
2022,24,1.63
1054,28,2.59
1890,17,2.91
1824,37,2.51
1475,11,1.92
2243,38,3.92
1180,0,3.66
2895,39,2.21
1065,10,2.68
2071,13,3.98
360,14,3.14
2608,25,2.93
2720,11,2.13
2042,14,2.2
1142,18,2.51
1636,33,3.4
1404,16,2.85
1944,16,2.82
679,20,3.66
2488,25,2.71
2981,5,2.12
7,32,4.22
2469,36,3.0
1592,8,3.32
833,9,3.26
2607,29,2.61
1811,11,2.95
914,19,3.04
2012,9,3.88
1443,38,1.16
1451,25,2.96
1503,19,4.0
126,17,3.88
2443,33,2.81
817,27,2.71
2929,7,3.82
1830,26,1.88
576,1,3.44
2373,2,3.71
1416,37,1.91
930,31,2.65
1464,39,2.43
833,0,3.04
1055,9,3.44
1649,17,2.96
1901,15,2.56
1458,32,1.95
2885,17,3.37
2974,16,2.74
1400,1,3.74
443,10,3.44
2123,29,2.32
557,0,2.02
1179,21,2.98
2038,8,4.74
363,28,3.22
2496,5,2.67
1258,3,2.2
1842,30,2.23
2310,13,2.63
1851,10,2.61
2173,20,2.93
911,24,3.29
245,13,1.42
542,20,3.97
2533,19,1.57
2170,28,2.38
2173,21,4.46
1573,39,3.68
2218,30,2.77
124,36,3.89
2694,11,2.57
1732,38,2.5
786,35,3.91
2044,14,1.59
2249,13,3.07
2417,3,3.6
797,22,2.08
77,17,3.78
59,39,2.17
2479,13,3.52
2686,21,3.2
1524,20,2.03
1937,21,4.06
2157,39,3.01
1302,15,3.05
68,21,3.49
2353,22,2.79
1933,37,2.43
2722,35,2.6
365,15,2.86
821,15,1.65
1403,18,3.91
2391,21,3.48
947,8,3.16
2947,5,2.75
1578,25,3.05
1378,21,3.21
1440,28,2.84
762,31,2.31
341,1,2.81
2990,1,3.36
383,25,2.43
1004,17,2.72
1557,15,2.18
300,25,3.69
139,13,2.2
359,11,1.75
836,16,2.93
1523,39,4.03
1628,21,3.84
1983,15,3.71
1304,8,2.35
2531,39,2.71
909,35,3.81
1135,12,3.58
2914,29,2.08
2187,3,1.5
996,10,3.45
2483,13,1.31
2557,37,2.9
2321,3,2.6
2152,8,3.46
1238,32,1.54
1785,18,3.65
2810,36,1.54
2835,8,3.23
165,34,3.24
999,11,2.21
2568,20,3.15
1308,35,1.4
2565,20,3.07
657,31,2.99
2661,14,4.49
2212,5,2.54
1910,2,3.92
2047,5,4.45
2112,8,2.86
1141,26,3.92
1890,16,2.81
267,35,2.75
1846,30,3.52
1709,1,2.86
2294,34,3.0
2443,15,2.53
1511,3,2.43
476,14,2.14
977,13,1.47
1208,16,3.15
1044,3,1.98
1961,7,2.78
558,19,2.28
1018,30,2.81
1606,23,2.36
883,10,4.09
2195,15,3.23
666,4,2.75
2668,33,2.61
1772,19,3.78
2868,13,2.48
864,17,1.83
582,30,4.34
695,1,2.33
1252,16,4.45
1611,5,1.61
1240,35,2.71
2455,8,2.8
399,21,3.79
1947,35,2.83
715,12,3.53
704,17,3.61
2809,6,2.99
2547,22,2.94
1715,28,2.57
1973,26,3.4
82,6,1.42
604,24,2.15
1971,27,2.71
1711,32,3.38
2047,9,3.38
2820,4,4.23
903,10,4.33
365,0,3.02
163,31,4.16
2559,27,2.83
1864,32,2.96
116,4,3.34
2989,17,4.23
2385,12,3.26
881,14,2.9
2785,13,3.25
840,11,2.11
2195,31,2.56
1347,30,2.86
2491,4,3.52
2885,24,2.74
1037,34,2.84
943,30,3.13
1725,23,3.76
2335,24,4.6
2768,4,2.5
1138,35,3.29
2528,38,3.11
22,26,3.5
1750,33,2.43
683,24,3.84
2954,9,2.1
1834,5,2.38
2368,0,2.55
126,11,2.24
277,15,2.46
2000,36,1.11
1228,7,4.17
2242,22,3.06
696,34,2.06
1310,0,3.06
57,27,3.97
19,26,2.84
2312,15,3.98
2842,6,3.93
113,24,3.19
542,29,1.5
2695,5,2.65
579,22,3.79
1089,7,3.14
25,16,3.16
1573,33,1.46
2049,35,3.09
2959,8,2.24
1573,35,1.53
141,20,1.82
1768,7,2.74
648,21,2.0
2236,9,3.46
201,31,2.34
257,17,2.78
547,11,2.42
2242,14,2.66
2751,39,2.88
802,17,4.31
942,19,4.25
414,9,2.87
2015,36,2.43
1382,34,2.21
1099,20,3.07
910,22,1.52
188,36,2.71
2016,2,2.93
1314,16,2.72
2093,11,2.75
2131,33,4.42
1147,34,3.49
358,33,1.97
1552,17,2.23
1090,34,2.07
2984,22,3.3
1681,2,1.77
2423,20,3.17
162,16,2.86
2370,3,2.84
450,22,1.57
1498,37,2.94
1037,34,3.03
2232,27,3.91
2159,17,3.4
1951,3,3.16
2556,36,3.01
1314,25,2.37
2343,5,1.32
2952,0,3.09
1239,22,3.78
974,24,3.21
632,23,2.5
1591,21,1.61
1051,1,2.31
2781,31,2.73
1589,15,2.06
2369,27,2.76
2961,16,1.66
1694,30,3.65
437,11,3.23
2829,18,1.46
1557,31,2.93
1077,26,4.0
1305,24,2.17
2774,36,4.17
2079,24,3.35
2385,3,3.21
183,9,2.42
2592,6,4.28
1470,9,2.07
1480,16,3.25
1590,28,2.79
1588,29,3.54
660,24,4.15
160,4,2.37
2460,32,4.02
1012,37,4.26
53,32,2.51
2456,33,3.53
2895,39,3.21
1046,20,3.54
1054,19,2.32
2751,37,2.14
2308,2,3.64
1229,19,2.64
1495,10,3.34
2824,7,2.83
1490,36,3.18
1036,22,2.24
1951,10,1.69
850,30,3.45
354,9,3.46
1099,13,3.01
2921,4,1.75
1740,31,3.55
1465,27,3.11
991,38,3.69
1265,11,3.62
1885,10,2.49
1810,36,3.32
2342,11,3.85
2257,8,2.46
1112,5,2.64
818,6,2.35
1800,37,3.05
1961,11,2.18
2438,0,2.9
2373,22,3.15
2988,27,3.21
889,30,3.82
1856,15,2.29
1181,15,3.46
668,9,2.03
633,6,2.08
2625,34,2.52
1643,22,1.97
137,21,3.56
1947,23,2.58
1698,36,3.06
428,17,2.64
1476,39,2.63
2660,29,2.97
2959,20,3.03
819,3,3.93
2189,13,2.93
1107,33,2.77
2225,38,3.67
198,7,3.13
2672,1,3.82
1996,27,2.85
2739,30,3.1
2449,39,2.38
471,10,2.5
2266,14,2.37
1949,8,3.25
929,23,1.96
2011,24,2.75
2680,16,2.25
2999,1,2.48
906,32,4.51
2223,31,2.44
23,20,2.93
235,20,2.72
1125,27,2.07
929,18,2.15
523,26,3.28
1809,23,3.37
431,1,3.87
793,15,4.14
1630,30,3.47
1737,37,3.26
533,25,3.56
1747,5,4.61
1676,34,2.74
1317,9,2.13
2858,39,3.88
913,30,1.82
1125,21,3.1
1526,18,2.41
1328,3,3.2
2919,22,3.48
2588,33,2.8
1024,12,2.42
1577,33,3.35
1379,31,2.11
1520,4,3.97
1682,23,2.52
1998,10,3.9
227,3,2.69
1260,4,2.83
873,14,2.12
892,7,2.78
1479,38,2.63
1037,11,2.49
2258,38,2.38
2789,11,4.28
397,12,2.91
1124,6,3.76
2079,18,3.68
2946,10,3.39
649,22,4.0
329,7,3.5
1483,20,3.14
952,2,2.29
2006,32,3.3
2017,34,2.15
2669,39,1.69
1879,14,2.12
1197,23,3.71
1773,26,3.89
162,26,2.65
1752,7,3.29
776,36,1.62
1828,34,3.04
2322,30,2.9
1052,13,2.81
2374,6,3.59
940,37,3.44
540,26,3.23
2536,9,2.69
822,13,3.18
1462,20,2.79
1089,21,2.62
356,16,2.5
235,24,2.32
2275,4,2.82
1549,8,1.72
2097,17,4.31
118,20,3.68
2102,8,1.19
1674,35,3.2
2613,38,3.0
1068,14,3.48
2101,38,2.85
558,10,2.78
1816,26,2.1
2006,22,3.65
2916,10,1.7
398,0,2.7
675,18,3.93
387,11,2.85
2159,31,4.38
2662,26,3.35
2065,17,2.38
884,10,3.91
541,4,2.05
171,0,3.01
2457,3,4.28
740,8,3.61
1402,34,3.55
2906,26,2.93
2278,2,4.07
119,2,1.87
2832,24,3.24
2513,32,3.24
2152,30,3.32
2746,23,3.03
1996,24,3.29
1706,31,2.78
1723,0,2.99
2223,28,2.85
2793,20,1.9
1698,26,4.22
1445,27,2.5
1760,33,2.39
1525,28,3.72
665,27,2.76
33,20,3.03
2103,26,4.2
2567,33,2.8
2804,12,2.75
2060,26,2.92
1552,37,2.45
720,30,2.26
2603,5,2.91
2421,2,3.83
484,26,1.99
973,26,3.38
2671,35,4.16
307,12,1.96
457,20,2.57
2208,30,2.49
331,15,3.06
2824,22,3.15
225,7,3.28
2777,27,2.75
1480,3,2.98
1083,18,2.92
644,15,2.82
616,37,2.67
195,20,2.86
489,10,3.12
2205,2,2.62
2658,10,2.03
1250,11,2.55
2460,37,3.21
1103,29,1.99
1148,39,3.02
2519,27,4.79
1242,29,2.24
516,1,3.27
1626,16,3.97
1128,25,2.99
393,38,2.75
631,20,1.23
1848,13,2.92
2656,23,3.34
980,3,2.12
434,29,2.33
2588,10,2.1
278,5,3.55
233,21,4.0
1553,33,1.8
1595,11,2.03
1114,33,2.41
2410,22,3.43
26,21,2.92
1418,35,2.17
2555,14,3.12
2315,32,3.17
461,34,1.83
2504,20,2.88
1092,32,3.11
1007,2,3.21
2911,5,2.05
1995,38,2.85
491,14,3.13
1073,13,3.29
2612,16,2.73
216,30,3.05
1724,3,1.94
1593,17,1.63
2607,37,1.48
159,31,3.92
2537,32,1.59
686,8,2.33
2842,5,2.51
1777,35,3.06
2053,8,3.67
1844,30,1.71
2409,16,3.79
2507,22,4.2
2296,30,2.82
1590,29,3.31
1697,22,2.13
2994,17,3.12
2470,28,2.77
1947,14,3.29
2063,25,2.75
2784,14,4.29
1146,20,2.41
2325,4,2.67
1582,4,3.46
2501,21,4.37
2646,33,2.03
2494,2,4.69
2258,28,2.97
2762,27,3.67
2350,34,2.63
1933,9,1.55
1758,24,1.48
2051,11,3.36
990,3,2.26
1542,23,3.19
1117,35,3.28
2568,13,3.72
493,21,2.62
620,39,2.87
2379,12,3.1
2381,36,3.17
2098,29,3.61
1547,5,2.38
863,39,2.69
1692,6,2.84
1606,18,2.83
2320,30,2.31
580,39,2.99
1891,14,2.58
1276,19,3.82
2608,22,3.2
2744,19,3.15
1856,37,1.14
2494,39,1.97
1356,15,1.53
1163,34,3.13
357,30,2.42
1625,27,3.83
2322,2,3.79
2007,7,2.56
2359,30,2.66
870,19,3.11
886,22,3.96
2002,7,2.96
2202,16,2.05
1414,39,3.72
1284,26,3.4
620,12,2.76
883,31,2.89
797,21,3.36
2173,39,2.82
1297,2,4.14
619,30,2.69
1835,18,2.27
245,22,3.14
2896,31,3.12
2498,7,2.73
930,4,3.35
1271,9,4.15
520,39,3.18
2410,24,3.48
8,19,3.92
2526,0,2.24
2020,33,3.72
495,10,2.25
1630,13,3.11
2881,14,3.53
1063,21,3.94
2641,21,2.68
187,3,3.1
2802,16,2.3
1878,13,2.91
2141,24,4.12
86,8,1.52
137,27,2.69
2469,21,1.96
2122,11,2.52
1637,18,2.46
2219,34,3.37
1752,32,3.17
2218,12,1.74
1788,31,2.86
872,10,2.71
2370,10,2.03
2504,35,2.2
944,39,3.86
1627,10,1.84
2838,24,4.26
2661,14,3.01
2937,13,4.62
349,25,3.54
1677,15,3.84
1197,19,3.29
10,3,2.42
2788,16,2.09
1462,37,2.91
667,24,3.53
2594,31,3.0
1523,26,3.65
2177,0,2.92
601,21,2.63
2653,9,3.29
327,39,2.01
980,24,2.53
2452,18,3.12
629,38,2.44
1630,19,3.49
2766,28,2.43
274,36,3.3
685,0,2.59
116,0,3.56
861,26,2.66
2004,20,2.63
693,11,3.47
1106,11,3.18
2372,0,2.79
2162,4,2.25
1793,5,2.41
154,36,2.91
1901,8,3.57
1428,1,4.11
1290,22,3.75
315,16,3.75
1065,20,2.53
105,12,1.62
1925,2,2.49
1914,2,2.28
1217,13,1.76
1425,36,4.52
2402,13,2.01
1773,31,3.17
1961,11,3.14
2781,18,3.62
1604,8,3.94
709,17,3.07
651,31,2.21
2872,22,2.91
947,28,2.72
661,38,2.0
2147,35,2.98
2636,39,2.5
2330,21,2.47
2451,10,4.2
1133,36,3.78
700,26,3.2
2247,26,2.84
2039,19,4.17
2375,28,2.4
2202,8,2.8
552,7,2.55
405,14,3.07
462,33,3.17
2180,15,2.08
2839,2,4.57
874,12,4.3
84,5,3.69
1423,26,2.79
2802,4,3.89
2676,29,2.72
221,6,2.21
2601,35,2.89
1392,25,2.7
112,39,4.53
615,27,2.98
1582,2,3.15
2972,10,3.53
475,24,1.98
2884,15,3.05
1914,14,3.65
271,28,3.12
2469,5,3.28
1921,37,3.15
2755,32,2.24
1391,39,3.95
40,30,1.58
1983,38,4.41
2237,12,3.84
994,34,4.01
2013,34,3.14
2584,31,2.0
290,30,2.42
2481,14,3.52
2519,25,1.65
2676,9,1.43
279,8,3.17
2925,14,3.76
581,8,3.1
863,27,1.87
254,26,2.65
181,38,3.26
681,39,1.74
825,28,2.84
700,13,3.03
2614,34,1.99
1350,30,3.53
1381,33,4.07
1674,35,2.3
2728,31,2.69
2439,19,2.53
1639,32,3.24
1958,25,1.79
212,7,3.31
1539,34,3.09
384,19,2.76
1715,0,2.39
342,5,2.94
1839,3,2.58
1988,5,3.15
844,0,3.01
1535,1,2.32
420,2,3.04
2799,16,3.48
1989,16,2.18
1933,20,2.99
1850,14,3.87
306,37,2.32
2750,7,2.91
869,25,2.8
2585,31,3.13
1136,21,1.56
1435,11,3.09
206,25,4.02
496,33,2.82
1910,3,3.75
2552,36,3.15
1046,24,4.19
213,13,1.38
310,28,4.37
2709,27,3.71
1992,16,2.73
2801,10,2.35
272,22,3.61
1823,8,2.1
2986,16,2.1
2080,5,3.29
443,0,3.2
2210,10,3.86
2815,36,4.44
254,14,3.85
521,29,2.34
977,19,3.6
10,11,1.82
2774,30,2.17
2553,13,1.56
2833,39,3.25
1584,17,2.85
2484,6,3.22
1135,13,2.54
153,33,3.33
1659,12,1.85
2965,15,2.08
2917,29,1.69
2801,19,2.61
1857,15,2.84
1215,31,2.44
1753,25,2.18
2611,24,2.92
1105,33,2.89
2537,20,2.67
895,3,3.22
1112,17,2.16
104,38,2.17
1915,36,2.95
1007,0,2.28
407,14,4.32
1402,4,2.67
167,17,3.22
509,7,3.85
1662,26,2.76
2361,0,2.35
763,5,1.7
681,10,2.83
2525,15,2.53
2121,3,2.66
1165,12,2.92
582,1,3.33
262,36,3.62
1364,38,4.53
1332,30,4.06
2293,12,4.24
1539,35,1.82
561,23,4.09
1100,14,3.53
1904,38,2.17
175,22,2.82
2157,4,2.47
2231,12,3.28
192,0,1.81
65,11,2.13
1498,33,2.93
1568,39,2.36
2912,8,3.55
1152,32,3.17
1938,27,2.15
369,10,3.83
851,34,1.67
43,5,4.23
1908,8,3.98
2536,26,2.22
78,32,3.61
2874,6,2.93
1825,28,2.84
1294,9,3.04
674,16,2.2
701,9,2.11
759,25,3.23
1924,35,3.38
2776,13,2.35
2973,37,2.84
902,19,1.91
2937,17,2.02
993,35,2.35
1192,35,2.54
2387,38,3.45
2241,29,4.49
1477,20,3.2
2331,27,2.84
390,38,2.35
1000,14,3.93
525,28,2.36
1856,11,2.65
1507,5,2.26
659,27,3.2
2764,13,2.98
891,26,4.07
1482,14,3.12
452,18,2.8
2476,34,3.26
1538,16,2.6
883,35,3.8
313,14,2.53
840,28,2.66
2567,9,3.06
375,25,3.55
451,24,3.27
595,0,2.96
1234,4,3.12
500,26,2.63
464,36,3.64
113,30,2.81
1036,1,2.24
2379,28,1.87
1925,2,2.16
140,1,2.09
1425,5,1.86
2950,8,3.52
517,5,3.55
2617,27,3.15
1948,29,3.02
2894,2,4.23
2166,31,2.74
888,2,4.09
1342,10,2.77
50,5,3.96
19,2,1.76
726,23,1.59
2245,16,3.18
1474,35,3.13
2607,27,3.36
452,25,1.46
2337,1,2.75
1165,39,4.28
1108,11,1.91
2439,9,3.86
215,36,3.33
1550,34,3.07
2263,9,3.57
128,39,2.77
1846,34,3.45
760,21,2.93
2452,34,3.26
1816,1,2.89
2386,21,3.12
2879,22,2.34
2762,13,2.48
361,34,3.36
569,4,3.04
1416,22,2.63
2266,23,3.05
1598,6,3.56
1693,2,3.83
202,9,2.62
2065,20,4.02
2370,21,2.86
518,28,3.25
1349,20,3.98
1436,24,3.71
1342,22,4.15
681,3,2.09
1989,25,2.35
1492,31,3.02
425,24,1.69
1969,22,2.58
1713,6,3.97
2435,2,2.53
778,8,1.89
2146,14,3.77
1827,31,1.47
208,22,3.71
1538,10,2.51
1660,21,3.51
2634,38,2.21
2214,21,1.84
22,17,3.05
154,18,2.66
1963,12,3.08
219,16,3.13
669,14,3.07
1519,27,2.44
2278,1,2.71
2068,14,3.09
2601,0,2.4
950,35,4.01
2196,1,2.99
403,8,2.35
596,23,2.57
2415,18,2.83
1438,4,4.2
2850,35,3.14
2966,34,3.32
1158,32,2.92
1743,38,2.99
1307,37,3.64
73,19,3.41
481,18,2.01
560,8,3.24
745,27,2.87
1467,29,3.28
100,38,3.1
1083,19,4.0
2556,2,4.36
2306,11,1.61
413,28,1.88
1089,33,3.67
2643,6,1.94
1178,8,2.37
2009,11,4.48
2314,20,2.43
821,26,1.82
662,9,2.27
2995,36,1.97
560,38,1.48
2965,12,2.58
2939,0,3.22
1272,35,2.38
1814,3,3.41
2916,4,4.49
610,12,3.84
2462,8,2.96
25,27,1.33
2029,10,4.13
284,2,1.66
1473,8,1.5
2929,8,1.83
301,35,2.76
1092,24,2.93
1031,9,3.69
817,23,2.7
83,35,3.8
1921,19,2.45
2094,13,3.93
618,19,2.88
2976,6,2.54
2310,12,3.89
176,12,2.46
1190,38,2.33
2705,16,1.72
842,7,2.88
370,12,1.86
1819,9,3.65
2102,27,4.01
690,21,3.37
1780,23,3.51
1365,22,2.18
1433,33,2.79
367,12,3.67
644,20,3.04
2427,35,3.5
73,11,2.34
2963,39,3.05
1272,6,2.85
860,8,2.35
43,1,3.43
2425,33,1.83
1065,4,2.97
2218,15,3.23
2260,25,3.27
1517,31,4.19
2087,22,3.64
369,17,1.42
2805,0,3.68
151,15,2.97
1135,36,3.97
1504,7,2.02
1460,17,3.23
1071,13,4.17
1024,36,3.22
1599,0,2.86
2785,23,3.63
2041,32,2.94
1390,25,3.82
69,3,2.33
2347,24,2.74
944,17,1.95
802,4,3.5
2344,18,1.98
2251,32,2.73
61,21,3.84
946,37,2.54
1338,37,3.56
1185,39,2.49
331,10,3.62
1552,30,3.08
338,19,2.46
1630,25,3.35
1328,9,1.32
1527,19,3.98
1674,33,3.48
1362,1,3.22
1574,11,4.04
2687,6,2.54
275,6,3.93
1188,6,3.84
2367,3,2.64
2637,10,2.5
2552,25,2.51
2435,38,1.96
1994,17,1.88
870,6,2.7
2881,16,3.23
1015,4,2.32
1912,26,3.72
603,18,2.13
1800,16,2.56
691,9,2.12
494,21,3.05
490,38,2.16
2769,5,3.37
2557,22,3.46
390,10,2.8
295,2,2.15
1393,17,3.76
2844,22,3.69
2913,30,2.96
1718,7,2.15
2597,19,3.72
649,7,2.24
1874,38,3.77
568,32,1.71
2901,20,3.33
2818,38,3.48
445,38,4.2
363,39,2.36
2171,29,2.3
1212,26,1.41
742,21,1.97
2042,3,1.74
680,4,2.31
2468,17,3.36
1643,28,2.71
1573,4,3.4
1359,36,2.98
2140,24,3.15
63,21,3.01
2560,27,2.31
1163,19,3.51
1229,14,3.36
2820,12,2.77
256,22,2.74
135,18,2.61
875,25,2.18
822,6,4.34
2136,24,4.0
823,9,2.63
974,30,1.47
2982,31,3.37
1778,38,3.19
121,13,3.43
1638,17,4.01
1365,9,2.66
1008,8,2.31
925,22,2.77
645,22,4.43
2033,22,3.61
2762,7,3.86
2908,26,1.73
2069,13,2.81
242,28,2.18
2503,18,2.47
2669,37,3.03
2351,39,2.58
1620,12,2.37
803,8,3.37
964,24,3.25
69,4,2.91
1153,35,2.77
196,38,3.22
2188,21,3.02
2331,20,3.11
2360,11,3.0
746,39,2.77
1689,21,2.3
277,27,2.79
61,0,1.9
1914,19,4.57
2100,2,3.71
2201,35,4.05
1773,9,2.57
1335,20,2.4
1838,36,2.29
2592,31,4.69
567,27,2.29
1572,34,3.2
622,21,3.3
2026,39,2.04
1201,31,3.71
314,37,2.44
2855,34,3.68
2896,35,3.05
2145,6,4.13
2929,11,2.16
1237,14,1.83
2877,23,2.91
137,27,2.41
1030,38,3.52
2157,2,2.91
2595,23,3.86
662,35,2.61
2473,34,2.07
2678,7,4.3
2309,26,3.57
87,0,2.27
2513,35,2.11
2124,6,1.96
2519,19,3.27
2462,15,4.2
2873,13,2.11
2943,17,2.81
2774,20,3.15
2505,18,3.32
1309,5,3.43
1701,10,1.43
2701,0,2.62
2720,20,3.88
495,26,1.62
1648,38,3.09
1943,1,3.12
1069,35,2.43
1425,34,2.94
597,34,3.07
450,7,2.83
485,6,2.89
646,30,1.4
2668,39,1.75
1630,39,3.61
662,19,3.48
758,22,3.76
289,5,1.95
721,4,2.7
638,32,2.07
2283,18,2.05
2464,3,2.88
2986,12,1.85
499,12,3.57
634,1,4.36
1674,6,2.82
2031,4,1.99
115,17,3.16
2980,28,3.79
674,30,2.03
1737,38,3.97
1258,32,3.31
2254,20,2.8
2295,22,1.89
2806,6,3.51
147,26,3.37
2166,33,3.38
412,6,3.28
1688,39,2.74
2411,17,3.91
1533,29,2.44
137,14,3.53
19,7,1.79
2243,5,1.23
2378,21,2.73
1960,11,3.98
2223,8,3.0
1002,27,2.39
449,3,1.94
1949,19,2.89
946,18,1.66
1378,0,3.58
1523,16,4.01
141,10,2.78
2806,15,2.58
1921,7,3.42
2978,32,2.98
93,30,3.25
239,23,3.81
205,20,3.87
2608,27,3.31
1457,26,2.57
245,9,3.88
832,30,3.92
2973,39,2.36
295,32,2.68
2688,34,4.38
856,32,2.87
2065,30,2.5
71,25,4.03
1293,38,2.74
1349,21,4.1
305,24,3.08
1031,36,3.63
1338,15,2.17
817,33,2.32
1127,34,3.11
821,23,4.17
193,5,3.38
1777,8,3.83
529,13,3.4
2219,3,1.53
251,18,2.69
1789,14,1.96
2589,1,2.17
2027,24,4.12
2464,5,4.03
2842,25,3.22
1404,36,3.41
1168,14,3.12
2073,25,1.98
2716,18,3.59
1097,2,1.99
2680,19,4.25
1848,39,3.46
505,29,2.4
1622,26,4.04
2384,20,2.88
2473,27,2.67
2547,0,2.05
1388,2,3.69
2995,3,4.61
2678,36,4.16
1223,37,2.77
718,33,2.33
339,13,4.06
659,17,2.66
962,0,3.79
429,17,2.12
899,23,3.42
139,13,2.56
2990,1,1.77
542,9,3.33
2105,0,3.29
1256,23,2.67
2706,14,1.91
2483,26,3.33
384,21,3.14
2608,18,4.06
194,28,2.47
2582,38,4.09
2566,38,3.0
2764,10,4.02
2799,29,4.2
2233,1,1.95
1896,10,1.92
2340,29,3.27
732,7,2.54
2164,25,2.9
2873,25,3.18
685,5,3.24
82,3,3.08
2882,5,2.24
2381,35,3.6
2605,2,2.82
2383,14,2.77
532,19,1.92
1984,23,4.17
221,18,2.94
635,30,2.53
1770,7,2.65
2371,28,4.74
1875,19,3.26
3,9,2.81
1718,32,1.83
206,12,2.45
1856,6,3.89
40,11,3.23
2107,26,1.93
2999,28,2.85
2622,5,2.88
644,3,3.5
1531,22,2.19
1908,17,3.11
2891,22,1.92
2667,12,3.55
2144,16,2.44
898,6,1.61
1086,18,3.36
1280,7,4.42
2609,15,2.41
2953,30,2.39
2396,29,2.64
671,8,3.12
1506,8,1.84
2365,21,2.76
719,18,2.73
1072,18,3.68
1956,9,2.1
1160,7,4.3
250,24,4.12
2362,32,1.28
1893,13,3.36
1854,26,2.79
2855,19,2.29
1504,17,4.44
2533,11,3.04
1235,18,2.34
44,25,3.5
2619,13,2.82
583,11,2.07
1289,34,1.68
2943,20,2.59
220,37,3.52
1926,16,2.75
2973,19,2.84
2449,18,2.79
2775,19,3.53
991,16,2.41
2947,16,3.49
1813,19,3.68
858,2,1.92
804,32,3.51
490,3,4.1
1781,3,4.22
1494,10,2.52
2986,17,1.69
2892,0,2.54
1706,17,2.02
2315,0,2.81
54,14,3.29
2576,3,3.58
616,3,2.26
1083,20,3.46
1849,17,2.43
955,5,3.13
2434,30,2.0
1630,9,2.84
2782,4,1.96
2764,14,3.6
650,0,3.02
2348,21,3.43
395,37,3.9
1360,37,1.78
2641,13,2.46
2562,23,2.26
2444,21,1.85
371,36,3.61
858,8,3.51
791,0,3.09
658,13,3.55
2784,4,2.96
1393,4,1.78
384,13,4.18
2110,34,2.18
2553,11,2.37
239,23,2.82
195,15,2.93
2726,19,2.2
2109,38,4.19
1153,1,1.74
2733,6,2.21
2016,25,3.24
156,16,1.68
923,20,2.01
2916,19,3.38
2951,29,3.25
1610,21,2.01
975,28,3.42
1231,35,3.27
2436,29,3.06
1815,34,2.86
2935,17,3.03
838,9,4.01
2008,36,2.95
1364,10,3.01
2388,11,2.58
204,0,3.01
161,21,4.33
392,0,2.99
769,3,3.42
2623,0,4.05
2582,7,3.24
1094,4,2.85
2941,34,2.93
405,15,3.03
608,27,3.28
1615,5,3.07
1541,1,3.09
2876,37,1.48
1838,17,3.11
690,21,3.43
2950,18,3.81
1241,2,3.96
2104,34,3.19
366,26,3.62
1723,13,1.51
455,5,1.86
104,18,3.25
77,14,2.91
230,35,1.26
1938,19,3.17
2379,3,1.39
1206,14,2.0
893,22,2.89
1574,15,2.88
2736,18,3.84
2075,13,3.87
1676,29,1.73
299,16,2.08
957,4,3.3
2847,1,3.9
1115,11,2.54
2528,22,3.36
2621,27,2.9
2506,26,2.36
1475,38,2.51
365,36,3.41
2907,7,4.13
1699,13,3.25
351,24,2.44
2301,30,3.99
2829,20,1.4
1905,4,2.4
2851,9,3.89
1012,12,2.32
2507,34,3.89
2965,36,3.95
499,20,3.79
950,8,3.21
1995,27,2.61
2047,7,2.64
508,31,2.65
1328,21,2.05
2549,31,3.83
2851,22,2.97
2646,35,3.49
166,4,3.74
2510,25,2.15
920,11,2.08
114,5,3.41
992,14,1.89
1952,39,2.09
2255,34,2.17
1259,29,2.16
515,2,1.47
1232,26,3.66
709,14,2.16
2186,39,2.61
339,3,2.5
2585,2,2.84
68,10,3.25
1597,15,1.39
1565,0,2.88
383,15,2.81
19,12,2.46
2731,24,2.27
2122,3,3.08
573,30,3.04
2987,5,4.33
1300,26,1.72
2259,37,4.12
2903,25,3.37
1944,10,2.95
651,12,2.96
1646,15,4.61
994,23,2.09
2743,24,1.38
2588,13,2.17
1339,15,4.32
901,31,3.18
1685,14,3.19
2828,23,4.01
1586,9,3.04
1924,34,3.57
1782,35,2.19
1137,34,2.8
2218,14,2.9
1945,9,2.76
1038,8,3.37
1739,5,3.69
288,21,2.78
2237,1,2.97
2962,37,1.65
1591,0,2.75
2742,25,2.69
1746,10,2.88
2936,13,2.88
2519,23,2.31
1099,37,3.44
2325,31,2.86
940,33,2.16
1449,37,3.46
571,30,3.97
2905,0,3.23
1001,1,3.22
1206,37,3.66
2506,32,4.19
918,23,3.46
1875,29,3.0
833,35,1.94
2887,8,3.52
2241,24,3.61
1679,5,2.29
616,18,3.21
406,14,1.94
1750,20,1.68
2991,12,3.31
2769,6,1.72
93,12,1.72
2478,12,3.15
654,20,3.07
434,21,3.28
1136,29,3.46
375,9,2.54
1067,24,4.63
207,38,3.14
780,27,3.4
1320,22,2.81
1142,19,2.64
532,29,2.72
2214,33,2.28
2691,19,3.02
90,4,1.88
1118,2,4.24
13,28,2.36
1858,11,3.31
805,32,3.19
945,32,3.93
2790,3,3.56
1858,7,4.21
1611,7,1.72
2924,13,2.08
1960,9,4.41
2708,2,2.79
1053,23,2.07
296,26,2.58
926,17,3.79
640,0,2.55
2388,19,2.86
628,15,2.72
2487,16,1.88
1168,1,3.82
942,0,1.56
830,29,2.7
1771,38,3.06
2567,11,2.03
976,34,3.2
955,38,3.91
1263,24,2.32
952,30,3.57
944,38,3.34
2203,17,2.12
1205,30,2.54
2136,2,3.06
1535,36,1.68
1097,10,2.6
2979,34,3.31
179,27,2.7
2260,36,4.84
1829,31,2.07
1258,13,2.37
465,9,3.68
1775,4,2.46
2679,31,3.07
2873,14,2.8
1231,17,4.83
2655,31,2.97
885,21,2.28
2414,9,3.94
2324,8,2.51
2428,21,3.47
1333,36,2.91
1655,12,4.19
945,9,3.56
2858,39,2.45
925,5,3.59
1939,39,2.49
494,30,2.66
1547,36,2.59
1970,5,2.68
1095,33,3.95
2412,9,2.79
2618,5,2.99
1826,12,3.22
763,7,3.86
2324,18,2.8
50,8,1.57
2776,12,2.05
906,38,3.82
2976,22,3.4
564,4,2.49
783,29,3.91
2533,7,3.79
2041,11,2.15
1832,30,3.67
584,22,2.61
1320,31,3.22
236,1,3.99
2104,20,4.48
1943,9,2.48
360,16,1.42
1931,24,1.7
110,30,1.46
192,7,2.52
904,17,2.3
1117,13,3.9
862,28,4.07
2616,37,3.06
1084,17,2.83
650,7,3.15
39,31,3.2
637,27,4.38
1037,37,2.12
36,23,2.03
2149,10,3.37
1362,21,3.32
1984,18,3.04
166,4,3.26
2431,34,3.01
1880,31,2.9
2838,8,3.04
31,14,2.41
11,22,2.48
2012,33,2.12
2144,30,3.53
2501,8,2.81
2240,30,3.51
486,0,3.86
1290,17,2.3
1448,28,4.39
2286,20,4.69
1944,4,3.61
1964,14,2.92
1852,23,4.17
1470,10,1.92
1367,5,4.32
2783,28,3.7
991,10,2.78
825,39,2.9
1463,23,2.84
2154,7,3.74
2229,34,2.86
2232,3,2.69
226,7,3.01
777,9,3.01
2838,6,3.64
1113,0,2.6
688,37,2.49
530,25,2.33
972,36,2.88
936,32,1.57
1423,0,3.24
2154,19,2.88
1295,20,3.39
1999,23,1.69
2879,17,3.9
1527,5,3.26
679,20,2.7
2897,32,2.71
2441,13,1.3
40,36,2.91
2708,32,2.35
1106,36,1.46
845,30,3.37
1744,26,2.52
2249,36,3.2
447,24,3.82
1235,21,3.79
2492,38,3.78
1351,25,1.86
2809,26,2.64
227,22,3.32
48,12,3.44
2960,1,3.38
1463,9,2.0
1831,22,2.25
187,25,2.79
2393,2,3.63
2272,38,2.36
2878,15,3.07
2536,15,2.99
1933,8,3.21
2925,14,2.37
849,39,2.12
2033,20,1.9
1253,31,1.52
1414,14,1.58
979,8,4.46
1613,2,2.75
1017,2,2.71
2236,2,3.03
1882,28,2.76
270,26,2.73
1631,5,3.36
310,21,3.35
2044,35,4.09
1575,16,4.15
1096,12,3.27
2893,6,4.11
1696,12,2.44
2534,36,2.33
1446,32,3.66
2168,9,3.43
220,23,1.28
53,32,2.15
1758,6,2.58
1475,8,1.73
1667,9,3.54
1261,5,2.23
2806,18,2.49
2786,24,3.55
720,14,2.39
406,39,2.96
2656,5,3.39
2470,38,4.71
2760,24,2.93
2295,4,2.28
72,38,3.38
1854,37,4.2
2233,0,3.43
2054,6,2.26
1230,12,3.64
1568,6,3.77
2954,11,2.87
387,9,3.76
1792,24,1.86
699,4,4.8
1201,38,4.03
827,3,3.18
1823,39,3.0
349,28,3.69
1279,7,2.96
308,16,3.04
1151,19,4.09
1961,38,2.66
2335,11,2.02
766,20,1.56
725,5,3.12
2810,12,3.17
1620,4,3.19
383,28,3.15
2436,39,2.02
525,5,2.16
2687,11,2.72
2986,17,3.04
276,23,2.2
2548,22,3.78
2765,6,3.57
337,11,3.44
1974,6,1.95
2980,21,2.56
481,26,1.69
911,18,2.98
1997,25,2.45
1352,1,3.99
2034,5,4.48
1755,30,2.5
109,22,3.69
328,20,1.99
1800,34,3.03
315,35,3.74
1135,15,3.86
2747,12,3.35
781,27,2.07
1521,15,3.29
156,12,2.84
1497,20,3.18
1725,7,3.98
887,21,3.09
2806,16,2.17
722,22,2.7
913,32,2.3
871,24,3.18
13,24,2.8
2656,36,3.1
498,22,2.53
1757,27,2.79
2286,12,3.73
1118,20,4.75
2829,13,4.17
1195,1,1.65
2005,23,3.5
2654,28,2.2
2709,1,3.79
1648,9,2.73
1591,1,1.95
2897,30,3.33
2984,19,2.27
1491,10,2.02
2676,11,2.67
143,27,3.09
1225,33,2.2
2762,0,3.79
2527,35,3.14
565,37,2.76
2519,22,4.26
2432,6,3.44
1716,33,4.5
2974,35,1.55
417,35,3.87
1849,17,2.91
2356,3,2.78
2697,14,3.85
1718,22,3.55
1391,33,1.82
1068,9,2.8
2787,36,3.88
1867,19,3.19
1122,37,2.61
1289,29,3.09
1807,29,3.7
2188,22,3.83
1505,31,3.24
1017,11,4.22
953,24,3.73
2952,18,3.36
72,18,2.47
1691,39,1.66
1292,32,3.25
1345,29,4.1
2155,33,1.73
883,27,2.18
139,2,2.49
2663,5,3.96
2911,12,2.6
2321,33,4.24
1505,24,1.68
2464,37,3.54
2554,30,4.52
733,23,3.96
1749,39,4.91
424,34,3.08
1592,31,3.63
390,34,3.12
342,33,3.0
946,13,1.83
614,25,2.95
493,32,2.91
192,38,1.62
499,33,2.74
822,9,3.01
1736,25,2.57
1257,18,3.73
1969,21,2.59
227,36,3.05
1395,21,3.28
2187,23,2.21
2904,15,2.21
817,30,4.27
1474,14,4.06
1087,13,4.03
104,5,3.95
1875,3,3.46
871,22,2.86
668,28,3.46
2043,30,3.93
273,4,3.62
1030,17,3.43
2232,37,2.71
1052,25,3.85
1574,13,3.19
293,28,2.31
2225,14,3.7
2106,25,3.09
1293,39,4.52
308,30,1.61
977,2,1.93
1252,31,3.17
1271,10,2.95
2748,19,3.66
1518,9,2.73
2131,5,4.27
1210,18,3.15
2300,30,2.67
1379,37,2.79
1774,36,3.63
1720,39,2.75
2043,34,3.66
796,6,2.3
897,20,2.27
1962,32,2.26
210,32,3.91
2864,36,3.62
2657,5,2.61
2495,38,3.06
2508,25,2.13
968,23,2.77
472,33,3.82
2418,35,3.33
2948,16,3.57
923,13,2.52
137,35,3.49
367,20,3.45
2960,10,1.97
184,2,1.94
2520,31,2.72
1399,27,3.51
2702,7,2.95
2797,27,2.08
537,22,2.75
2850,3,3.07
1603,12,2.78
1274,9,2.54
2968,21,4.54
2558,10,3.04
2678,27,2.74
1097,3,3.04
1306,26,4.36
916,4,2.78
152,4,3.19
1029,11,3.68
1219,6,2.46
1978,34,2.1
2512,24,2.19
271,2,1.98
1187,13,2.82
460,2,3.14
105,31,2.92
1711,20,3.14
2210,19,2.6
2399,8,3.0
434,6,2.04
2900,3,2.73
140,19,2.43
1495,24,2.07
87,1,3.7
1712,27,1.89
2231,1,1.91
2416,20,3.41
129,14,3.78
1270,37,4.53
1602,12,3.84
670,27,2.31
149,25,2.87
985,9,3.0
852,16,2.13
1457,4,3.78
628,20,2.81
1493,32,3.01
2494,36,1.03
2045,6,3.02
884,3,1.9
2342,8,3.07
1789,16,3.56
250,15,4.27
2926,35,1.94
948,11,3.31
975,39,4.37
1326,2,3.7
2837,5,2.59
984,18,3.84
889,9,3.16
2938,25,3.47
2118,5,3.63
2673,36,3.75
875,12,4.07
1327,13,3.07
471,29,2.55
1988,15,2.26
91,37,2.07
530,15,3.23
661,7,2.2
739,9,2.24
2774,21,2.08
872,39,2.07
1687,37,2.87
192,16,1.76
1987,13,3.9
2186,1,2.79
345,31,2.5
1009,32,2.57
2551,19,3.82
203,29,3.83
573,2,2.46
192,26,2.84
2053,31,4.01
1914,8,1.81
1717,21,3.25
311,35,2.79
2597,28,4.15
2104,19,3.42
443,0,3.75
1261,37,3.89
870,17,2.01
585,16,3.29
1595,12,3.89
2800,10,2.74
1538,21,1.7
360,15,3.6
1724,27,2.83
2867,8,3.08
2078,18,3.67
1803,6,2.12
2012,6,3.49
2156,16,1.84
844,7,1.87
1626,17,2.44
2765,22,3.8
891,1,3.3
1992,21,3.33
1983,23,2.7
960,2,2.0
1469,20,3.04
2941,29,1.49
1462,38,2.66
732,22,2.05
606,19,1.92
2505,12,3.47
615,37,3.35
2746,9,3.6
2005,11,1.62
1720,25,3.83
674,25,1.84
1271,27,2.63
2591,20,2.52
1588,29,2.38
2905,24,2.28
1612,23,3.15
897,17,1.67
1463,37,3.69
278,32,3.2
552,28,4.57
1637,13,2.57
2159,18,2.87
2433,30,2.81
761,28,4.35
2742,3,3.13
1450,14,3.18
405,29,3.07
1359,36,2.4
1233,34,2.98
22,22,3.17
678,5,2.57
2659,24,4.1
2029,32,4.05
1232,24,3.2
2056,34,3.89
2750,8,2.02
1809,9,2.83
529,3,2.4
2038,12,1.41
2650,36,4.09
1677,8,2.38
657,15,2.03
166,11,3.18
849,30,3.75
496,32,4.19
590,25,1.21
429,10,2.45
2822,30,1.82
163,0,3.07
2414,24,2.96
1263,36,3.41
72,7,2.6
655,35,3.47
269,38,1.81
1777,5,2.08
2463,39,3.02
1269,24,2.97
1016,14,2.9
2723,1,3.25
1084,14,3.24
6,15,3.33
982,20,3.01
2618,31,3.54
407,35,2.52
1954,19,2.92
2074,11,3.05
986,36,2.59
390,16,2.94
710,13,2.61
2619,35,2.27
1472,15,2.46
754,6,2.77
2194,18,3.18
1412,34,3.25
2833,1,2.93
1273,11,2.94
526,17,2.41
1486,25,3.12
2061,23,3.32
2951,9,2.35
2432,23,4.03
556,17,2.43
2935,15,2.48
19,33,4.14
575,24,2.52
2799,25,4.17
1004,9,2.87
2467,15,3.45
2467,7,1.81
1939,9,3.47
1940,31,4.28
1636,38,3.11
1699,37,2.82
2170,8,4.45
432,1,2.04
2092,19,3.05
1896,28,3.16
1944,9,3.79
1341,3,1.75
2429,26,2.62
145,37,2.39
2411,4,2.91
1074,3,2.56
1089,39,2.11
2403,17,4.07
800,23,3.25
2874,15,1.69
1152,23,3.82
2446,4,3.2
1957,10,3.14
2928,32,2.5
463,25,3.91
1775,29,1.86
2046,1,3.29
808,6,2.01
187,18,3.66
1744,7,3.51
732,5,3.17
1936,1,3.32
1214,13,3.5
1412,13,3.47
429,27,1.97
2906,15,2.3
1308,30,3.94
2285,8,1.93
1218,36,3.18
1311,34,2.22
771,33,3.27
758,13,1.93
136,12,2.79
792,33,2.52
171,5,3.74
2207,9,3.21
2249,39,3.52
1581,10,2.75
962,26,2.25
2631,0,2.6
876,5,3.65
2419,29,4.39
103,1,4.33
1002,5,2.89
1149,27,2.99
2846,1,1.68
1482,15,1.82
658,14,4.06
2930,25,3.11
1221,2,4.03
2781,3,3.57
423,6,2.63
2620,13,2.13
171,25,3.0
2221,0,2.87
2711,34,3.01
453,20,1.87
2398,10,4.59
1976,25,2.09
1658,8,1.58
2542,38,2.61
2668,1,2.4
2967,31,4.37
2054,33,3.45
288,30,2.51
1642,8,3.67
1448,27,2.35
1914,11,2.54
608,17,2.92
457,29,1.93
1765,33,3.91
1226,25,2.48
1236,7,2.7
1030,33,2.02
2672,18,4.04
2424,26,2.18
447,3,3.15
835,26,2.3
811,38,3.22
1425,30,3.38
1412,22,1.35
959,20,2.6
1476,10,1.61
2897,4,3.45
809,37,4.67
979,19,1.94
2464,24,4.29
726,29,3.19
2502,4,3.02
1217,29,2.41
2198,35,4.68
1904,31,1.95
2807,4,4.09
779,14,2.08
973,0,3.23
2811,17,3.28
1539,0,2.94
1417,2,2.9
2124,22,3.06
599,9,2.09
225,32,3.1
1554,30,3.36
2161,6,2.38
2299,0,3.17
841,24,4.86
1815,4,4.12
714,33,4.32
1107,2,2.75
125,30,2.69
1093,38,3.02
2932,27,3.39
1280,34,2.74
1751,32,3.2
30,6,3.74
2329,24,2.06
2972,19,4.13
2018,26,3.61
2416,18,4.02
495,26,1.74
1610,26,1.55
718,28,1.92
1017,19,2.19
1338,31,2.2
606,2,3.32
375,7,2.62
2687,13,2.49
1961,36,3.44
1049,18,3.39
1358,0,1.69
116,12,1.68
2096,3,1.4
1802,11,3.59
2147,15,3.66
1483,31,1.94
1547,29,2.39
1621,10,3.01
2453,31,3.62
685,17,3.14
2951,24,4.5
2551,4,2.43
1472,28,3.57
2942,31,3.8
1600,6,2.13
2306,2,3.19
2892,15,4.48
2169,35,2.99
810,29,3.5
978,9,3.35
2102,0,4.02
1355,15,1.74
784,32,1.96
241,32,1.97
1779,38,2.24
1554,34,2.38
483,22,3.43
1013,20,1.7
187,23,3.09
1882,39,3.45
2704,39,3.83
2310,27,2.61
953,18,3.6
1388,36,2.12
491,18,3.61
431,30,3.63
239,33,3.12
2352,9,2.09
2346,16,3.24
76,27,2.61
1357,11,2.68
1924,32,2.86
1782,4,3.81
2690,30,2.3
827,1,2.34
2331,26,3.18
591,39,3.44
2120,6,2.43
2751,30,3.99
1903,28,2.99
1911,2,2.76
575,8,3.42
892,14,2.62
2060,7,3.25
141,8,3.75
1790,17,2.85
17,39,3.22
1087,4,2.86
253,38,3.67
465,6,3.45
376,18,3.21
1828,38,1.77
520,0,3.26
1861,4,2.96
90,5,3.35
720,23,3.7
2852,18,3.3
2844,12,2.44
630,2,4.63
1885,5,3.02
76,8,4.61
926,24,2.62
2448,21,3.56
1806,1,3.09
970,11,2.98
1095,25,3.87
2029,13,1.96
1405,36,3.84
2845,20,2.28
195,12,3.65
228,22,2.52
1460,37,2.08
461,33,3.23
618,33,3.38
64,3,4.11
2213,7,2.93
2075,18,3.71
285,30,3.97
1684,31,2.6
2329,30,2.5
838,1,2.18
831,24,3.52
1188,38,3.21
2966,24,4.37
224,7,2.83
784,9,3.35
950,25,3.27
45,25,2.76
1811,10,2.25
471,34,2.51
2082,26,3.4
2701,18,2.95
830,11,3.23
1910,38,2.32
2269,24,2.78
1892,23,2.9
2582,13,1.57
692,5,3.47
1391,25,2.83
932,37,3.31
841,25,2.41
1939,37,2.29
1574,8,2.06
2630,6,3.49
2287,0,3.86
2489,13,2.04
148,39,2.29
1033,36,3.09
1312,5,2.92
388,19,1.59
1874,23,3.06
916,35,1.78
1879,9,1.23
2686,9,2.89
278,27,2.09
1978,16,2.93
1860,7,1.86
1826,19,2.44
2637,17,3.33
1834,33,2.78
2697,24,1.82
618,5,3.25
1631,12,3.76
2183,7,3.86
580,10,2.06
1171,21,3.48
490,9,2.99
2526,27,4.06
1183,31,3.48
384,39,1.78
163,14,2.26
2489,2,1.61
1877,16,2.74
1213,29,3.48
2463,11,3.93
1363,12,3.56
1631,38,1.84
1205,30,4.02
288,0,2.65
1858,39,1.69
187,20,1.97
1908,13,4.03
1162,29,4.34
130,0,1.87
2242,24,3.31
2364,37,3.7
1888,4,2.8
144,20,3.12
16,4,2.35
2471,4,1.52
245,31,2.04
927,32,2.2
2177,19,1.73
907,2,4.0
887,15,2.96
341,8,3.11
2052,4,1.94
1434,7,2.04
306,25,3.23
908,29,3.53
2655,27,2.97
1372,32,2.5
321,8,2.73
559,4,4.02
1205,2,3.39
2666,29,3.65
2759,18,2.41
1410,35,3.19
1642,38,3.1
1132,14,2.32
2579,39,3.25
2458,27,2.35
818,21,2.84
1195,30,2.23
2541,35,1.38
12,38,2.01
195,36,3.05
2538,18,2.89
2843,13,3.19
2929,5,3.99
2230,5,3.52
656,22,3.2
1922,18,2.41
2742,23,2.68
2078,16,2.25
1620,38,3.41
1120,11,3.0
778,36,3.45
444,36,2.21
298,16,3.5
808,22,3.61
1761,0,2.2
845,15,3.76
1016,11,2.91
1385,26,1.87
1398,6,2.29
554,16,2.82
2351,29,1.93
421,10,3.86
1270,4,3.1
1261,38,3.01
185,38,2.03
468,35,3.99
2802,33,2.4
2411,32,3.87
1307,12,1.77
1577,0,4.18
336,19,2.17
2210,17,2.39
1498,0,2.48
2060,7,1.82
1448,13,3.54
588,28,1.67
1882,23,2.52
201,15,3.16
522,27,3.9
1888,18,3.14
2553,1,2.61
1712,14,2.66
788,38,2.7
60,26,3.23
578,6,2.83
321,22,2.14
1459,10,2.71
2038,38,3.93
923,5,3.62
1410,38,3.47
1695,20,2.07
569,16,3.89
1102,8,2.81
527,10,3.15
2572,10,2.27
2661,0,1.83
2173,1,3.09
871,29,2.37
280,24,3.83
2965,19,2.86
2670,37,1.67
2894,0,3.19
1893,23,3.2
1752,13,3.66
674,28,2.89
1152,21,3.05
2362,38,2.76
332,8,2.5
1174,23,2.65
2040,35,4.24
1478,15,1.8
36,33,3.23
1709,39,2.84
1444,28,3.93
2254,31,3.69
2687,5,4.31
2896,10,2.27
1380,23,2.26
440,32,4.27
2777,14,3.02
1120,35,1.53
2989,16,2.03
164,8,2.77
148,15,1.9
2342,5,2.9
195,19,2.75
663,15,2.66
480,16,2.62
123,7,3.18
1424,39,2.31
2747,20,2.3
965,19,4.2
2709,13,3.74
1779,21,3.14
1486,16,1.74
2015,35,2.19
710,4,1.96
2444,15,1.84
912,5,2.4
1361,3,3.07
2365,38,2.39
1735,7,2.82
1824,3,3.03
1580,39,2.59
681,2,3.18
1334,2,3.23
2543,27,4.33
556,18,2.94
610,22,3.45
2157,21,2.28
372,19,3.77
2903,39,3.76
616,26,2.72
2816,5,2.89
1915,25,2.0
2254,32,3.16
847,19,3.89
43,29,3.27
865,31,2.44
1269,13,2.82
1379,3,4.08
785,31,2.63
476,27,3.17
83,33,3.11
1134,1,2.28
2238,9,2.82
800,34,2.0
936,27,3.1
2299,37,3.29
2339,39,2.78
1669,37,3.0
326,23,3.09
1535,26,2.13
1986,35,4.22
1965,21,2.49
837,12,3.01
508,34,3.12
2779,13,4.08
2120,23,3.17
1271,6,1.51
641,24,2.36
2988,9,3.13
1879,24,2.72
608,7,3.82
1959,10,2.45
566,9,1.32
1368,20,3.14
2102,5,3.9
1754,16,2.08
2576,9,3.86
2659,12,2.67
1582,5,3.73
1987,26,3.07
2241,29,2.13
2106,25,2.7
129,9,3.68
1873,0,1.75
706,36,3.99
852,5,3.06
8,23,2.17
2077,33,3.83
1136,25,2.6
2995,30,3.56
2179,17,3.64
2236,36,3.77
1699,35,2.91
2757,7,2.91
1499,30,2.7
2260,37,3.59
1645,20,3.13
276,33,4.14
1703,21,3.42
1796,32,2.89
243,12,1.97
2733,11,2.66
171,5,1.94
653,31,2.81
1933,5,3.83
2236,10,1.85
1110,38,3.0
1500,27,3.39
2100,7,3.11
2159,31,3.27
1973,5,3.75
2925,23,3.11
1067,34,2.94
2259,0,1.89
2036,3,2.67
858,30,4.47
2675,5,4.11
1050,39,2.69
299,9,2.6
924,29,2.68
137,14,3.66
1044,19,3.88
2488,9,2.5
211,4,2.7
2800,16,2.81
1575,31,3.2
2483,3,1.99
780,5,2.46
1231,26,2.39
2487,19,2.64
1803,38,1.64
2714,2,3.67
1066,20,2.83
411,2,3.18
2854,26,2.5
2658,15,4.69
427,30,2.48
1472,15,3.76
2950,16,1.85
942,2,3.04
1908,25,3.15
742,4,2.39
1393,37,3.44
1244,2,2.49
1601,33,2.75
1256,28,2.65
328,35,1.44
1467,0,3.14
2100,15,2.42
1967,31,2.8
376,5,1.53
263,38,2.45
267,14,2.38
2407,1,2.38
1945,10,4.53
1894,15,3.38
1902,28,2.61
2700,35,2.73
1653,23,4.21
1445,10,3.67
46,19,2.43
600,7,2.91
720,11,2.61
1913,38,2.93
1293,27,3.56
601,31,2.36
381,39,2.27
118,23,3.15
2164,13,1.55
260,37,3.72
1099,7,3.38
1504,7,4.78
2353,30,2.69
2055,31,3.51
366,22,3.33
1658,23,2.25
2571,8,2.98
1462,5,3.82
2025,6,3.04
2477,31,4.21
791,37,1.88
747,38,2.19
2415,39,4.78
313,32,2.18
538,19,1.49
921,39,2.81
1078,31,4.09
1491,37,3.44
2913,30,1.67
2830,38,2.93
2382,31,1.55
798,38,4.02
348,12,3.26
273,4,2.31
720,13,2.52
1774,33,3.0
2548,13,1.64
685,29,2.04
2127,32,2.86
622,7,3.7
2040,13,3.15
947,28,3.13
2406,7,3.44
2666,9,3.49
507,20,2.58
1583,8,2.68
2624,2,3.15
244,36,1.75
506,22,2.32
422,34,3.61
2265,17,1.55
1873,26,3.58
1193,1,1.23
330,9,2.79
650,31,3.46
1465,0,1.65
391,24,1.88
1520,34,2.07
381,30,3.12
742,12,3.59
2011,30,3.22
820,10,1.5
673,4,2.01
2561,7,2.94
1772,35,1.53
2997,28,2.92
1212,19,2.05
930,30,3.06
1540,22,3.92
913,11,3.62
644,39,3.46
427,15,4.27
502,17,2.66
730,23,3.14
1284,8,3.19
2119,7,3.55
2526,6,2.72
457,13,3.43
2237,24,3.35
291,8,2.53
920,21,4.15
2340,39,2.99
1970,25,1.21
756,13,2.49
1659,6,1.49
1835,29,3.17
1307,7,2.37
1568,5,1.81
1870,7,3.79
377,15,3.5
1180,12,2.76
508,33,3.5
1437,7,2.99
2576,39,2.78
559,27,2.3
2308,33,2.6
421,12,2.52
1553,34,2.52
304,29,3.02
942,1,2.14
2590,18,3.1
1302,20,3.21
1090,4,3.2
2156,21,3.28
2316,6,2.73
2270,6,3.16
1828,27,2.22
1554,39,2.84
693,20,4.27
255,13,3.38
1479,24,2.64
2301,0,3.25
257,10,2.98
2431,36,3.55
442,15,3.59
1882,14,1.87
2647,19,1.77
1114,28,3.31
2438,10,4.17
582,38,3.37
1736,8,2.38
2646,5,2.73
19,34,2.69
1125,38,3.31
2655,26,3.36
1381,35,3.32
1566,2,2.75
2081,3,2.39
1994,32,3.97
1548,29,3.28
862,23,3.63
155,6,2.76
905,38,2.75
1270,15,2.69
405,20,3.84
844,30,2.95
1783,13,2.56
1565,23,3.15
1185,39,3.33
747,35,2.64
1726,6,1.89
271,1,3.41
770,21,3.19
1716,21,2.15
1511,23,2.84
172,13,2.54
274,23,2.68
2307,10,3.99
1159,2,2.24
1707,16,2.64
1772,3,1.75
422,0,3.36
1445,5,3.62
1210,15,2.35
2412,23,3.83
2426,1,3.47
580,10,2.34
891,5,3.4
722,27,2.18
881,8,3.91
1122,38,3.2
2653,29,1.82
2008,4,2.21
2070,7,3.41
1474,25,4.36
383,11,2.31
2182,35,4.75
1450,6,3.07
2551,13,3.65
1591,2,3.59
1787,19,3.94
144,37,2.44
1887,24,2.87
1703,5,2.5
1436,25,2.62
224,13,3.11
220,22,3.03
179,11,2.46
1655,39,3.07
433,8,3.08
265,17,1.97
954,19,1.38
429,28,3.3
2464,20,2.09
2775,14,3.78
2245,25,1.67
1578,22,4.82
480,27,3.5
1354,21,3.08
890,37,2.08
925,5,3.07
2171,17,1.64
1903,11,3.54
1411,36,2.37
1363,37,3.51
778,17,2.25
2396,20,2.53
29,26,3.42
35,7,2.49
1420,15,3.19
2671,24,3.29
589,0,2.5
904,14,3.61
2568,0,2.46
2170,33,2.68
340,36,3.41
175,7,4.45
1924,6,2.37
1715,21,3.42
597,39,1.83
451,34,2.08
557,34,3.4
1160,12,4.17
1357,36,3.26
2057,6,3.34
2382,34,2.07
1017,32,3.28
2375,25,3.04
2063,23,3.19
839,2,2.23
1638,0,2.14
226,22,2.5
1814,29,2.74
2161,30,2.64
2021,15,3.7
1452,10,2.93
2049,9,4.12
2314,7,3.53
1515,5,3.56
1232,1,3.72
1646,11,3.93
1736,8,3.24
3000,32,2.94
306,9,3.43
2060,18,3.36
1724,4,3.73
1690,21,4.04
1518,32,3.1
1392,28,2.91
2985,7,2.73
420,16,3.6
2937,22,3.1
2219,8,4.22
134,12,3.0
2031,19,2.91
1451,15,2.81
1554,20,2.95
1165,5,3.55
1870,13,3.72
1820,27,3.61
2706,16,3.68
1343,9,2.92
1465,29,3.41
2227,11,2.85
1080,26,2.51
1179,19,3.15
1696,3,3.99
111,26,2.32
2185,38,3.95
2280,21,2.52
468,6,2.7
2780,19,2.11
2529,9,1.91
814,0,1.9
1273,6,2.6
994,3,3.94
2032,28,2.55
323,12,3.24
2970,39,1.77
904,30,1.82
1542,22,4.08
2000,19,2.48
1816,32,3.02
2654,8,2.8
2477,27,2.88
148,27,1.89
1142,30,1.76
850,36,2.69
367,15,3.11
2898,36,3.85
1090,8,2.55
2039,26,2.78
2861,23,3.58
175,2,4.29
1855,0,3.66
588,3,2.06
495,37,2.53
1138,28,3.39
1785,34,2.81
1171,29,3.91
35,3,3.2
999,36,3.62
1333,31,2.21
2586,39,3.5
2798,27,3.74
1038,16,1.9
374,35,1.35
2605,37,2.06
1452,6,2.29
1752,35,2.98
2281,25,3.32
705,4,2.64
563,24,2.9
2987,21,3.0
2935,16,3.34
2774,1,2.18
1874,0,4.46
2124,24,2.92
439,36,2.69
1884,18,2.72
1980,24,2.68
699,26,3.2
1313,31,3.38
2963,21,2.51
1564,28,3.5
2939,14,3.07
692,38,2.71
2301,18,3.22
1201,3,2.49
2458,11,3.46
1635,26,2.48
1634,0,1.76
127,31,3.6
1507,29,2.0
1192,13,2.5
2640,7,2.5
294,33,3.95
1367,33,4.0
1020,28,4.23
2358,33,2.75
2710,17,3.55
2576,6,3.49
2588,3,2.48
419,30,2.52
444,36,4.3
685,3,1.52
2888,7,2.78
2284,36,3.82
1463,39,3.39
2262,11,4.7
85,7,4.07
2842,18,4.2
1768,10,4.04
85,19,2.83
1945,10,1.56
2113,5,3.21
1670,4,2.39
663,25,3.48
627,28,4.01
64,5,3.21
2987,36,4.03
919,17,1.96
1376,12,2.77
1182,37,3.63
1613,4,2.85
491,10,2.49
1879,7,2.99
1941,8,2.38
313,10,3.01
2663,16,3.6
919,34,2.28
1883,26,2.64
813,7,2.88
2988,7,4.59
1490,13,2.21
1327,39,2.73
680,28,2.34
435,0,3.19
682,31,3.52
1159,29,2.61
1074,0,1.44
1456,14,1.6
2388,26,3.67
2395,18,2.19
2694,1,3.07
1371,9,2.92
649,1,3.56
245,2,3.53
2157,12,2.39
2581,17,3.23
296,8,3.73
2160,39,3.42
1613,36,1.99
2391,16,4.35
2149,14,3.12
2677,35,2.66
1628,9,4.34
28,25,2.73
2985,3,2.99
1986,0,2.28
1561,4,2.15
58,13,3.96
1522,26,3.69
297,37,4.43
2182,30,3.64
2297,37,2.61
2598,4,2.6
902,7,3.12
1965,29,2.45
1099,5,2.91
1678,26,2.71
2882,21,2.97
1192,11,2.41
771,28,3.49
1527,2,3.56
1379,14,2.9
1249,30,3.06
1555,8,3.39
146,3,1.52
1984,15,3.61
1265,28,4.03
1908,7,3.78
2941,16,2.75
2392,31,2.66
1773,7,2.76
1059,36,3.36
2750,11,3.51
2049,39,2.04
2020,22,2.4
153,16,3.99
2477,25,2.69
508,4,4.29
491,8,2.92
345,30,4.42
1936,17,3.04
1762,28,2.47
221,12,1.82
1939,29,4.62
1943,13,2.6
723,11,2.97
528,10,2.92
1523,25,2.92
2889,33,2.73
1665,36,3.29
481,4,3.11
2978,8,3.38
1872,14,2.61
2920,36,3.76
1463,23,2.75
1426,28,2.82
345,4,4.17
45,17,3.08
2069,12,2.73
1658,24,3.77
1888,30,2.49
2921,15,3.34
2096,37,3.21
1515,18,1.35
2599,21,3.01
2335,28,3.15
1002,16,3.18
1034,23,2.98
2590,2,2.98
2041,32,1.91
2804,23,2.37
274,23,3.57
956,26,2.1
2648,30,2.72
1780,24,2.86
381,33,2.54
1353,11,3.21
479,26,3.46
2063,9,3.47
516,23,2.79
191,14,1.99
1192,0,3.6
2669,1,3.25
1161,33,2.98
2202,15,2.58
1412,2,2.92
272,17,4.17
143,0,4.63
1913,26,2.71
1093,18,3.03
2295,8,1.79
788,3,2.91
2127,31,2.81
1682,11,4.04
623,18,2.08
2573,32,2.58
2820,32,2.89
938,22,1.56
1119,11,2.02
617,10,3.64
1032,30,3.94
67,4,3.09
191,16,2.65
2816,35,1.96
521,32,2.9
990,29,3.63
1141,2,4.36
2315,39,3.53
1635,32,3.17
2533,1,1.99
1188,26,3.79
376,32,2.09
653,23,2.63
549,8,3.1
1098,24,2.34
73,34,2.04
2356,23,3.76
199,38,3.9
1782,25,4.13
572,12,2.92
791,28,3.2
1639,23,4.38
1832,39,1.61
1856,35,2.04
1511,18,1.91
1175,11,2.95
179,28,2.45
2245,16,2.6
735,2,2.41
2137,11,3.43
799,17,2.92
788,13,4.09
2796,3,3.97
209,9,3.32
493,27,2.74
2713,0,4.21
1658,1,2.25
2919,22,3.88
732,12,2.81
1130,11,4.07
1606,7,3.01
2746,13,2.56
594,26,2.96
2934,33,2.86
2900,30,1.88
1216,20,2.44
325,15,2.99
979,14,3.91
1750,16,3.36
1851,24,3.45
1491,38,1.48
894,33,2.01
1391,31,2.97
144,29,2.19
384,32,3.57
2264,16,1.85
2372,9,1.83
217,39,3.18
1516,3,2.11
2999,0,2.6
2231,39,3.3
2318,23,1.98
2993,32,4.42
1491,34,3.6
2918,10,2.25
1636,39,2.9
2515,10,3.14
2353,25,3.3
1168,27,3.96
111,17,2.9
1014,37,3.78
232,4,2.96
1715,6,3.81
1756,8,3.69
2643,9,2.17
1578,2,3.16
1297,17,4.43
2221,23,3.56
973,19,4.38
1031,17,2.08
2594,18,1.8
2596,19,2.3
518,7,3.54
914,38,2.45
2263,35,3.55
2182,32,1.91
2333,36,2.41
1945,35,3.09
1463,35,2.22
1873,32,3.12
2734,7,2.5
2379,37,3.19
2942,28,2.48
1308,23,3.46
899,38,2.03
1099,23,2.88
1190,38,3.04
1213,38,3.74
2126,19,4.1
2995,17,2.98
688,11,1.72
2069,34,3.54
566,4,3.34
1208,2,3.58
1895,25,3.32
827,2,1.92
1352,24,1.74
2227,11,3.75
1812,19,3.5
1083,35,3.13
1351,33,2.37
2953,33,2.85
1645,23,2.63
2717,14,2.77
191,21,2.94
1224,37,2.47
1336,20,2.25
708,35,2.8
379,8,3.15
387,33,4.08
2285,16,2.63
616,35,1.87
1543,22,4.83
2331,30,3.47
2049,24,3.53
1755,13,3.43
464,38,2.57
967,1,2.84
172,19,4.56
1147,16,1.89
843,18,4.69
1322,16,3.37
1909,39,3.31
690,15,2.87
2623,10,2.81
1508,20,2.61
2213,24,3.26
2025,13,3.04
1723,15,2.62
383,19,2.57
2257,9,3.68
1413,33,2.98
1584,13,2.89
2272,4,4.0
2051,5,2.66
372,16,2.53
1711,29,3.6
1470,2,2.2
611,21,3.42
116,33,2.71
447,15,2.93
1392,34,3.07
1341,36,2.37
415,38,2.12
1809,15,3.31
2940,32,2.55
1048,23,4.31
2711,34,3.81
1874,34,2.5
1074,34,3.83
718,12,2.8
1359,27,3.13
1606,25,3.53
2319,32,2.48
562,21,2.35
2852,6,1.72
2295,13,3.22
387,25,2.37
702,20,1.85
2607,37,3.33
973,18,3.74
1385,11,3.66
984,7,3.67
1512,15,3.88
352,1,2.71
1725,18,3.47
1952,22,2.47
1280,15,1.46
1908,1,2.86
753,21,2.59
2829,24,3.25
1025,16,3.62
546,4,2.74
1470,1,2.51
79,1,2.65
1260,34,3.12
2382,28,3.41
889,12,3.72
1106,4,3.11
2550,8,3.87
1991,13,3.81
1501,33,3.47
2813,35,1.82
921,35,2.6
550,9,3.03
2062,18,2.44
392,35,3.75
2358,16,3.45
2434,37,4.31
1381,39,3.31
974,6,3.5
340,4,2.59
2645,2,4.82
757,20,2.55
1046,6,4.21
2339,38,4.65
2354,9,2.35
2682,9,3.0
2673,15,4.37
939,14,1.59
848,39,3.8
442,2,2.04
2551,37,3.0
130,4,3.64
597,6,3.01
1959,25,3.28
1506,32,2.12
862,16,2.71
2641,10,2.22
999,26,4.66
2373,9,2.19
2496,28,3.69
1552,19,4.72
2867,20,3.72
1641,3,3.38
1512,28,2.5
1737,17,3.19
2757,34,3.28
1450,34,3.68
1858,28,4.02
265,13,3.21
2660,33,2.38
2880,6,2.01
2722,0,3.44
1463,31,2.55
157,21,3.65
1446,9,1.9
2299,7,3.43
2926,10,3.19
1633,31,2.4
2578,38,2.68
2375,39,3.16
895,11,2.24
2145,3,3.46
513,14,2.57
216,12,2.3
2173,31,2.04
1707,9,2.54
2107,19,3.89
1568,9,3.27
2209,27,2.75
2332,10,2.81
2154,20,2.91
1129,16,2.99
228,28,2.76
2366,1,3.87
1488,27,3.13
802,16,1.66
1623,37,3.6
1906,24,2.26
2922,3,3.62
472,6,3.23
1080,38,2.4
2673,7,2.77
2061,15,3.71
1042,13,3.08
2742,9,3.17
2161,15,3.0
229,9,2.62
171,20,1.68
295,14,3.08
189,9,3.36
426,30,2.7
977,29,1.73
1103,6,2.65
2706,39,3.33
919,15,2.98
499,0,3.06
1822,33,2.88
2810,13,3.51
866,39,2.97
826,15,2.06
1859,6,3.56
2119,26,1.56
2296,2,2.54
146,32,2.43
1642,31,2.61
1320,1,3.39
2630,39,1.55
470,10,1.75
193,12,2.25
1092,22,2.44
2542,1,2.19
52,28,1.89
2930,22,3.2
2411,34,4.04
1821,12,3.34
2965,1,3.4
2522,20,2.02
1870,25,3.16
2569,35,3.5
1787,14,1.91
1455,23,2.56
1868,35,2.4
2739,0,3.35
2580,26,3.03
2008,34,3.63
1435,19,2.45
840,28,3.09
241,15,3.08
536,34,1.71
1408,32,3.15
83,36,2.53
982,26,2.6
951,0,2.89
611,33,3.01
574,21,2.98
2334,25,1.95
989,33,3.84
459,37,2.46
2174,26,2.58
1523,10,4.12
2473,29,2.99
2602,6,2.56
2658,39,3.46
1985,2,2.07
1567,25,2.15
2160,17,2.61
2450,3,4.58
122,20,4.8
273,2,1.47
1318,28,4.65
398,7,2.16
2519,4,3.08
985,24,4.15
1231,24,1.89
1134,4,2.83
1302,38,3.55
1911,5,3.23
2617,7,2.92
1506,30,3.65
1917,0,2.87
2945,4,3.64
820,14,2.5
2901,6,2.77
2758,0,3.38
1957,16,2.71
2369,33,3.1
179,13,2.86
897,24,1.83
2267,32,4.44
2837,27,1.91
1973,3,1.8
1552,3,3.06
492,18,2.53
61,7,2.05
1078,18,2.31
1704,30,2.68
2586,19,1.82
2896,36,3.36
65,35,2.43
586,0,3.15
1728,10,1.7
2219,12,1.62
535,9,4.21
2741,1,2.92
2156,33,3.8
1871,18,3.95
2862,28,3.34
1005,30,3.18
2500,19,2.03
1230,20,1.95
2638,6,2.02
1040,8,3.97
327,19,3.36
608,33,3.33
2707,13,2.86
2,36,3.13
1034,2,2.18
2482,17,2.82
125,22,3.48
1105,37,4.22
2533,10,3.0
2700,27,2.49
1862,19,1.57
1174,7,3.71
2848,34,2.3
2921,0,3.92
129,4,4.2
438,8,2.49
751,23,2.39
2549,19,3.91
1222,6,1.78
2259,25,2.04
902,21,1.62
2093,8,4.85
1303,11,2.15
2583,27,3.84
1434,7,3.24
2509,15,3.39
391,22,3.31
1068,24,1.79
27,23,2.27
2842,34,1.98
548,37,1.31
2669,34,2.82
567,9,3.61
704,35,3.79
1243,26,3.62
185,1,3.9
1591,30,2.38
1914,21,2.69
848,17,1.62
599,1,3.08
806,4,3.13
1358,36,3.0
2127,24,2.76
2627,32,2.45
1879,30,3.09
2461,31,3.82
546,6,2.47
1633,1,3.19
2217,4,1.7
2729,10,2.4
2631,34,2.4
2563,33,3.82
2080,20,3.61
2335,24,1.99
2642,12,3.08
1927,10,2.07
617,35,2.79
2318,22,2.22
1204,8,4.47
1760,0,2.88
2566,33,2.31
2631,6,1.53
226,6,1.84
670,5,2.8
1764,2,2.9
917,2,3.86
2174,12,1.8
2122,25,3.32
1215,20,3.7
1706,10,3.36
1843,3,2.73
1984,19,3.96
56,12,3.64
720,15,3.27
2601,21,1.4
2080,28,2.98
574,7,3.24
667,8,4.23
284,4,3.15
1745,31,2.53
2235,16,2.01
498,11,2.88
1466,8,2.5
130,10,2.92
639,13,4.2
2162,20,4.29
2061,8,4.53
2492,28,2.36
2495,1,2.28
986,11,2.36
993,21,3.42
2763,17,3.67
2122,14,3.37
2585,30,3.45
101,34,2.76
2224,34,1.71
427,11,3.69
41,3,2.55
429,5,3.45
344,36,4.54
366,17,3.38
609,18,2.45
2705,13,3.11
728,27,3.05
2277,20,4.21
825,25,3.29
1376,11,2.37
889,14,3.39
2044,30,3.24
1342,4,4.3
2884,8,2.02
1297,2,4.06
117,22,2.43
2866,28,2.46
2416,19,3.38
1118,29,2.76
168,34,2.89
1739,27,3.65
1365,36,2.63
2709,36,3.51
695,12,2.65
925,6,3.49
152,23,3.48
586,22,3.91
913,14,1.93
2322,18,2.08
1578,36,2.71
496,8,3.27
2149,15,3.62
557,11,3.61
1106,8,2.57
1553,25,2.3
2121,0,3.42
157,2,3.4
735,28,2.79
2180,19,2.15
1428,1,3.37
559,0,3.31
2155,9,3.68
2313,27,2.97
155,17,2.54
997,4,3.46
2295,38,2.77
531,8,2.66
2906,24,3.47
1972,3,1.91
2586,11,4.7
729,18,4.06
1178,28,2.09
154,9,2.86
92,11,2.36
2386,4,2.75
1504,33,1.94
1717,39,1.61
2498,35,3.74
2017,15,2.69
2858,23,2.85
787,25,3.03
273,23,2.85
2028,3,3.04
2636,11,2.59
177,34,2.97
2879,9,2.46
643,6,2.91
1899,38,2.93
567,0,2.99
666,27,3.99
1332,34,3.57
2916,37,3.54
1799,22,3.97
1070,35,2.57
2350,1,2.94
2916,12,1.51
2960,12,2.92
408,32,3.88
1213,13,2.69
2870,33,2.53
1854,29,3.8
1153,23,2.72
2609,8,3.18
1142,27,1.93
2512,29,1.41
144,30,3.27
2490,36,2.88
487,12,2.82
860,22,2.1
1936,36,2.0
148,17,3.11
1360,1,2.55
1358,14,1.98
2859,10,3.29
2714,37,2.13
90,29,2.12
1358,2,3.64
199,2,4.44
538,12,3.61
301,12,3.0
724,39,2.37
1599,30,3.5
1460,2,2.57
68,22,3.65
2507,33,3.28
1538,33,2.49
398,21,4.28
620,16,1.85
1585,2,1.74
1164,37,3.92
730,26,2.09
556,23,2.67
1953,8,3.71
2829,33,2.36
1752,33,2.5
2942,31,2.19
2658,5,3.34
2796,30,2.93
2330,22,2.72
2709,28,2.38
2972,28,3.66
996,21,3.6
1960,6,2.92
1602,33,3.44
2794,21,2.79
1481,12,2.75
2135,14,4.23
1103,0,2.63
2839,26,2.17
2352,7,2.92
1404,7,3.19
2178,35,1.98
2644,20,3.81
1300,37,3.27
1723,37,4.28
2606,2,3.29
899,4,3.56
1207,36,2.46
1536,3,2.69
78,10,2.91
2832,16,3.04
2722,35,3.82
1533,16,2.89
238,15,3.27
1158,35,2.34
1997,14,2.96
1216,6,1.76
278,4,1.97
524,21,3.31
180,6,3.1
123,9,3.63
1270,13,2.17
1758,0,3.18
1095,33,2.5
480,27,2.61
1798,2,3.4
2132,11,3.22
2613,38,4.34
2667,34,3.54
2405,5,1.77
816,34,2.48
2695,13,2.98
443,20,1.65
2571,29,1.95
143,23,2.09
192,17,2.4
1411,3,2.03
378,33,2.55
2629,1,2.15
535,4,3.24
1717,0,1.83
1033,14,4.15
1411,37,3.35
2141,21,3.18
1990,28,3.91
2577,9,4.45
1178,2,3.42
405,18,4.59
2888,39,3.37
1173,13,2.86
889,28,2.1
422,21,2.41
1642,3,3.77
472,10,2.9
2941,31,1.86
547,4,2.94
631,23,1.6
1038,23,2.3
2826,10,3.18
1830,39,3.53
364,31,2.84
2167,20,2.36
546,19,3.31
2570,33,4.22
634,5,2.51
1937,8,3.2
1681,23,3.3
963,0,2.12
883,1,1.91
2828,9,2.81
871,27,3.96
516,15,2.37
2986,8,2.93
1421,24,3.88
866,38,3.05
2154,10,1.66
1109,28,4.7
214,3,2.41
2898,3,2.17
2245,35,3.19
19,37,2.72
642,23,2.22
1105,13,2.1
330,30,4.43
866,22,2.65
774,19,2.94
392,34,2.04
637,9,3.23
2355,0,4.15
2943,31,2.13
2700,23,3.08
2889,38,2.98
1026,13,3.07
2568,1,2.42
1675,22,3.91
2684,2,1.82
740,16,2.87
1546,39,2.05
469,12,2.54
2260,3,1.98
1136,21,3.97
1032,35,2.56
2852,30,3.08
2525,2,3.45
874,33,2.58
460,27,2.22
2301,27,2.35
1550,11,2.57
752,20,2.98
1462,39,3.12
1778,7,2.3
854,12,2.04
2284,16,3.09
1330,10,2.1
478,18,2.97
2727,13,2.72
2264,30,3.98
2903,26,2.09
135,36,2.22
2953,28,2.29
1153,30,3.39
410,7,2.94
1446,10,1.68
1318,9,4.09
1270,23,3.11
1580,12,3.22
86,3,3.16
2604,4,2.38
1866,0,2.12
1470,36,3.33
378,38,2.85
1681,21,2.53
1075,27,2.77
242,19,2.63
920,13,1.54
1587,38,3.53
2314,1,3.98
2760,25,2.47
1272,30,2.09
70,10,2.48
2105,31,3.92
1406,35,1.31
2087,5,2.87
2008,11,1.38
801,2,2.38
1042,4,3.56
2780,35,3.71
825,1,1.95
756,28,1.71
2400,9,1.72
1996,11,3.39
1840,9,4.4
1322,38,2.49
2331,18,1.74
1610,26,3.8
110,6,2.22
1017,31,3.19
1962,34,2.85
2592,0,2.18
1770,37,3.77
25,16,4.1
843,18,3.67
2839,38,2.16
738,19,3.08
2105,22,3.12
180,30,2.52
232,36,3.05
1918,1,4.76
343,32,3.93
477,29,1.31
1823,28,1.69
2624,5,3.35
455,19,2.06
1256,15,4.38
289,27,2.92
1237,24,2.8
2306,38,3.28
530,7,3.14
2735,23,3.88
2977,34,3.06
2277,0,1.71
596,23,3.01
435,26,4.4
882,15,2.38
1782,2,2.54
402,1,2.37
2670,23,4.43
2136,3,4.46
2632,28,3.79
1566,34,4.05
309,0,3.49
2954,4,2.98
343,38,2.61
436,27,4.19
177,18,2.05
139,29,2.55
194,17,2.41
1185,35,1.79
943,36,2.26
525,39,3.3
1625,29,1.71
2963,27,3.33
2258,18,3.93
741,7,3.79
862,9,1.59
954,25,2.57
1303,27,3.95
1275,35,2.68
1744,5,3.14
2881,6,2.09
2188,14,3.22
792,18,2.62
546,17,2.45
1845,31,2.13
1017,21,3.61
1928,11,3.29
1554,20,3.7
57,17,2.15
2160,29,1.42
5,34,3.42
1438,15,3.06
1363,33,2.58
1821,21,3.8
1283,23,2.28
2138,1,3.12
2664,39,3.63
2939,30,2.47
2746,28,2.85
1274,13,2.05
2946,36,3.21
1132,12,3.32
668,3,3.46
2642,17,2.39
2637,17,2.6
2533,25,2.29
1282,17,4.29
2687,19,3.85
997,23,2.45
1927,19,4.06
282,2,3.16
1228,22,4.58
2064,38,1.9
936,28,4.12
254,16,2.91
1212,23,3.7
329,30,3.93
2592,8,2.65
2831,10,3.03
1421,24,1.87
1541,16,2.57
2893,29,3.11
1193,2,2.41
1717,0,2.55
2414,4,2.2
1202,7,2.77
655,26,2.94
1386,38,3.08
760,30,3.74
2687,8,2.37
1799,8,2.13
1064,14,3.65
2972,25,3.01
416,17,2.56
255,25,2.44
1167,4,2.44
1877,1,4.22
2758,33,4.3
2625,21,3.74
900,1,3.47
2059,37,2.78
26,31,3.02
421,29,2.91
1245,9,4.13
1877,12,2.79
2544,22,3.87
1261,8,2.7
2285,14,2.78
1009,38,1.92
219,3,3.38
1511,24,1.92
1960,5,3.21
2509,26,2.2
663,13,4.01
2683,18,3.01
990,18,3.19
189,39,3.25
255,28,1.45
68,0,4.21
616,31,3.59
2384,15,4.31
2719,38,3.93
2869,9,3.47
874,21,2.79
2348,0,2.67
1626,32,2.07
357,10,3.69
256,38,1.83
1008,36,2.82
2401,36,2.74
1756,15,3.33
2572,22,3.03
2998,29,2.84
2804,28,4.21
284,32,1.33
99,9,3.71
197,5,2.73
2530,32,3.8
878,32,2.13
1869,22,2.38
2663,15,2.28
2666,10,1.83
1389,15,3.25
2416,31,2.76
570,27,2.55
2638,31,3.77
1066,20,2.04
422,8,2.4
2884,29,3.43
1205,28,2.83
545,26,1.57
71,30,4.25
1224,30,2.69
768,14,2.49
2355,9,4.48
1707,39,2.45
2425,22,2.95
655,38,3.21
2726,36,4.15
2447,11,3.89
1797,1,2.41
221,9,1.73
182,38,2.62
307,20,3.42
2570,34,2.09
1420,25,2.01
1014,28,3.36
2052,15,3.55
2911,6,4.0
848,31,2.72
804,25,4.2
215,15,2.23
1444,31,3.82
101,9,1.79
573,19,4.01
1333,39,3.65
658,2,2.62
2987,2,2.99
1534,31,3.4
1657,36,2.14
226,14,4.03
105,37,2.6
1998,33,3.68
772,22,4.4
429,20,4.19
434,29,3.72
1231,2,3.1
2730,37,2.23
2636,33,3.54
866,25,2.17
2794,22,3.04
2912,37,3.05
2416,35,1.84
251,6,3.56
2907,33,2.42
856,26,3.77
1194,13,2.02
561,4,3.08
1470,19,3.94
2342,5,2.57
919,18,3.91
1174,36,2.9
433,33,3.26
2107,21,2.43
969,18,3.05
836,30,3.31
2247,9,1.73
2263,22,2.56
898,17,3.62
472,26,4.27
247,24,3.25
2430,20,2.01
991,38,2.2
927,8,3.73
1192,15,2.78
2608,16,3.43
1075,7,1.35
1835,0,3.62
689,33,3.43
2428,21,4.11
2522,22,3.82
2745,39,2.85
1485,15,4.49
2959,24,2.97
960,33,1.77
478,14,2.38
2974,3,2.56
707,38,3.31
2902,39,2.23
1138,36,2.75
754,10,3.39
2551,13,1.66
1660,33,1.81
2865,4,2.28
588,26,3.74
1335,9,1.9
1493,6,3.27
1848,23,3.24
2756,1,3.13
207,13,3.32
2199,4,4.23
2716,3,3.23
2576,7,2.99
165,8,3.67
2965,34,1.77
1999,27,3.68
2085,5,2.91
333,4,2.6
403,9,3.24
414,2,2.23
45,39,3.36
2254,37,3.41
62,20,2.76
2468,2,3.18
868,4,2.3
1492,37,1.29
2868,6,1.51
19,33,1.9
365,39,3.42
2476,36,2.71
1141,8,2.45
580,34,2.71
546,27,1.97
1730,8,1.87
2373,36,2.59
55,5,4.51
778,10,3.23
42,22,3.22
1321,9,1.18
231,9,3.41
453,31,1.64
2442,3,2.82
1546,34,3.64
1382,31,4.49
1468,39,2.95
1152,6,3.88
2739,38,2.3
2440,34,3.79
1217,31,2.95
2652,29,2.41
881,22,3.92
85,26,3.18
1054,30,3.34
49,29,3.93
1169,34,2.64
69,37,2.5
2745,6,1.87
2527,0,3.29
2868,39,2.87
1702,9,4.28
1599,39,2.78
2195,38,2.07
1870,36,4.19
1016,21,2.11
2657,38,4.32
446,2,2.93
2269,19,1.12
1402,5,2.56
2143,39,3.2
262,20,2.66
1849,1,3.59
897,38,2.94
1095,8,2.87
2267,15,2.07
1557,25,1.25
92,13,3.7
127,35,3.26
80,27,3.68
1848,29,3.48
983,4,4.58
916,37,2.91
2534,2,2.75
694,29,1.45
25,13,2.91
156,31,1.58
2680,6,2.99
1813,38,3.0
1554,24,3.45
1967,24,2.61
1734,0,3.36
1081,16,3.79
1629,15,3.54
19,30,2.18
1408,21,2.71
1217,6,2.24
2285,38,2.39
1411,0,2.96
277,18,3.07
745,0,3.99
552,6,3.8
1177,12,2.92
639,23,2.74
237,32,3.19
998,9,2.65
2103,9,2.19
2004,36,1.86
1460,28,2.59
2732,11,2.9
2157,18,2.58
1208,6,3.25
1392,16,2.87
2007,29,1.69
1222,4,2.82
1395,32,4.22
373,2,2.09
1521,18,2.81
2249,17,3.67
849,20,3.14
2557,16,3.39
1346,17,3.33
2323,30,3.71
2259,1,2.71
504,14,1.52
703,10,3.42
2090,36,4.37
315,7,2.8
2836,31,2.61
2377,4,2.82
1041,28,1.98
283,33,3.53
2991,32,2.24
258,14,1.59
575,12,3.29
574,39,2.76
2660,6,3.17
1043,10,3.12
1553,1,2.82
2885,19,3.08
423,25,2.34
1490,4,3.81
1397,28,2.61
758,15,3.25
2811,9,3.63
1105,19,3.35
1575,8,3.58
2472,39,2.75
429,30,3.5
2022,38,2.42
204,14,4.33
2244,26,1.88
2776,0,2.51
2333,15,3.24
1993,9,4.19
2244,17,1.84
307,16,3.05
1688,33,1.93
14,1,3.31
1861,26,2.91
1962,7,2.52
1081,20,2.27
723,0,3.92
780,22,3.88
1234,35,3.52
529,1,1.44
798,6,2.75
344,31,3.79
1303,3,1.89
209,18,1.66
641,3,2.65
1312,26,2.03
2300,38,2.75
2319,0,2.71
1948,39,2.88
920,39,3.59
1724,26,3.31
2045,16,2.85
419,4,1.49
1750,4,4.62
2843,30,2.98
1389,27,3.0
1100,19,2.26
2773,19,4.09
2481,17,2.86
2157,25,2.79
2689,29,2.86
1546,33,2.69
1071,15,3.73
2427,14,3.19
1851,32,4.12
1120,6,2.97
958,21,4.49
103,24,2.5
2940,20,3.63
2902,9,2.59
1170,39,3.33
1904,18,3.5
1756,37,1.84
2578,29,3.43
679,16,3.02
1969,16,2.11
989,22,1.6
1106,0,3.82
2476,17,3.89
1608,7,3.89
2870,9,3.82
1503,18,2.47
1790,36,1.89
1186,9,2.67
932,37,2.75
1426,18,2.38
1062,31,1.95
1979,17,1.46
2559,19,2.47
2441,22,3.84
2043,39,1.82
2761,37,2.36
2542,2,2.12
1279,2,3.11
1203,10,2.59
2595,32,2.7
594,33,3.7
2437,10,2.64
1422,30,3.73
2206,31,3.0
1028,32,2.51
2215,13,3.61
960,18,1.88
2457,13,3.07
2242,14,3.34
2283,27,4.29
2766,15,2.58
1174,30,3.7
816,23,2.91
404,14,3.65
893,30,2.06
2726,6,3.21
68,18,3.75
88,7,4.07
2265,22,2.76
2049,39,2.92
1159,8,3.24
1721,34,2.73
1375,13,3.08
2188,5,2.3
2666,34,2.95
2181,10,2.95
1644,8,2.52
178,16,2.94
2858,7,3.35
1382,22,3.3
2428,25,3.11
908,28,3.17
2706,24,2.13
2498,12,2.61
586,28,2.15
2511,16,1.81
990,8,4.14
1132,12,2.26
2170,23,3.13
2065,21,3.6
1220,22,2.72
2375,35,4.02
318,9,2.8
2857,19,3.68
1503,15,3.81
2035,37,3.21
2043,30,3.28
503,33,3.09
2023,36,3.52
119,9,2.22
710,39,4.58
45,28,2.71
314,28,2.28
418,27,2.01
2604,30,2.59
1102,12,2.25
326,32,1.94
1440,34,3.3
1987,6,1.82
2563,7,2.68
2262,8,2.98
74,9,3.89
1603,23,3.56
509,5,2.28
2380,36,2.7
688,3,3.04
657,35,2.09
1543,17,1.67
1293,28,3.87
1400,27,3.47
2648,22,1.47
1553,8,3.75
1076,30,1.99
325,30,1.52
992,27,4.23
1994,3,2.76
717,6,2.31
2771,21,2.2
277,2,3.29
2584,11,3.55
152,11,2.52
955,35,1.99
1507,0,4.07
259,32,3.44
2372,38,3.4
869,12,2.93
1192,15,2.82
688,29,2.9
310,21,2.68
2851,9,3.18
1503,29,3.58
2668,11,2.86
473,34,2.62
2509,13,3.18
814,16,2.88
846,30,2.21
1165,23,4.05
667,18,2.99
2310,8,1.74
1809,39,3.59
1444,15,3.51
1768,35,2.72
1265,25,3.03
355,11,3.21
1873,8,2.64
2025,34,3.19
2818,13,3.43
180,13,2.55
66,11,3.36
820,32,4.32
1372,30,3.48
171,32,4.01
2522,9,3.47
2582,22,1.43
1391,4,4.09
1131,39,2.03
2487,6,2.82
835,36,3.11
227,30,3.69
442,16,2.06
2444,29,2.33
728,12,2.55
1605,12,3.66
2132,23,2.52
1037,5,2.75
1833,38,3.96
1849,0,3.1
2741,11,4.1
493,13,1.38
1549,16,2.16
1144,34,2.85
970,19,2.43
2401,39,2.81
2088,15,3.04
640,10,3.18
173,19,2.7
1571,29,3.73
259,3,2.96
517,19,2.52
2778,26,3.39
523,8,3.96
1918,8,3.51
2887,33,2.26
2165,30,4.14
2232,38,3.42
1930,17,2.72
1140,37,4.35
2210,6,3.05
2591,15,2.31
839,28,3.36
1090,23,3.45
1094,13,3.01
2495,38,2.13
2464,28,3.13
2580,36,2.47
2489,32,3.56
2786,1,1.91
1970,36,3.45
2512,10,2.35
2444,1,2.73
2759,6,2.14
1575,21,2.74
1581,17,3.03
2443,15,2.78
2374,36,2.85
1115,18,1.67
750,35,3.57
1094,24,3.15
1190,28,3.21
2690,15,4.22
2262,1,3.46
1876,0,3.76
1788,31,4.21
2417,10,1.31
1608,26,2.42
49,12,2.65
1076,30,3.53
1313,24,3.13
1650,4,2.56
2181,2,4.67
2834,36,2.87
1190,24,4.37
1398,16,2.32
2421,38,1.88
1829,29,2.38
479,39,3.16
832,32,3.68
2698,7,2.4
1615,13,3.42
682,23,4.45
2736,4,1.96
1324,34,1.82
82,33,3.19
87,15,3.13
2273,5,2.62
2064,21,2.45
822,5,1.98
163,19,3.72
2562,33,3.38
2398,31,1.71
1933,30,3.46
2729,13,4.26
1851,14,2.28
1861,33,1.86
1116,14,3.14
2229,27,1.53
2791,0,3.57
2708,12,2.53
1883,18,2.46
2541,27,1.42
923,19,2.7
2176,23,2.04
1450,0,3.74
1583,1,2.35
565,8,2.92
2598,21,2.72
2501,19,2.28
471,3,3.44
988,2,3.45
2786,24,4.57
1935,31,2.49
224,15,3.24
2202,8,3.58
2608,30,4.41
351,22,2.35
1929,22,2.52
349,4,4.52
182,36,3.12
637,21,2.05
1018,3,3.79
2227,3,1.56
772,15,2.47
2942,4,2.7
1016,28,4.13
2112,19,2.97
29,34,2.92
2420,0,3.15
2145,26,1.82
1894,16,1.32
1466,11,3.17
1227,2,3.19
2069,39,2.73
2783,18,2.1
1126,11,3.18
66,19,2.59
2651,32,3.25
1135,32,3.73
338,5,3.24
2171,9,2.53
1729,25,3.21
447,32,2.11
2659,28,3.29
2719,36,1.87
2663,17,3.19
2945,20,3.53
281,4,2.12
596,21,3.46
1987,31,4.01
2751,8,2.25
1075,27,2.66
210,17,2.17
126,32,3.51
492,6,3.76
970,20,3.97
581,13,2.49
2825,15,1.52
2306,8,3.36
1212,7,4.21
230,4,3.96
189,2,1.82
2058,12,3.11
2724,31,2.22
502,32,3.35
2133,21,3.8
49,5,4.04
2886,8,2.61
689,8,2.41
387,39,1.94
970,36,2.0
1006,12,2.94
2266,19,3.2
1725,31,4.45
2005,32,1.97
2303,32,2.76
2284,7,3.05
1608,39,2.79
1790,15,4.75
271,0,1.52
123,27,2.18
2704,10,2.28
1281,22,3.91
1445,7,3.08
259,20,3.16
948,14,1.62
2095,15,2.22
863,26,2.57
525,25,3.33
888,7,3.76
208,6,1.71
2795,3,3.96
149,14,3.95
438,14,4.24
2203,31,2.61
1722,35,3.05
358,14,2.97
1241,30,3.42
1931,11,2.84
456,15,1.69
2824,34,2.56
1633,25,3.76
629,26,3.65
2880,8,3.13
486,34,2.97
2581,30,2.92
200,3,2.03
371,31,2.46
1014,10,2.68
1983,11,2.85
2901,26,3.57
1472,37,1.81
248,4,4.25
788,28,2.34
2312,10,3.85
2079,2,4.08
1522,16,3.71
1273,7,3.0
605,14,1.57
1690,24,3.08
1418,7,4.33
1821,26,2.82
502,18,2.94
2934,20,3.32
549,16,1.87
1366,4,2.34
839,6,3.2
1431,24,4.07
1449,5,3.88
848,15,3.06
614,23,2.92
412,24,2.91
2480,23,2.88
678,12,2.32
159,29,3.28
2062,2,3.03
373,21,2.87
2273,22,3.14
1097,0,3.43
2559,3,4.01
603,3,3.95
216,2,2.72
1997,28,1.97
1565,22,2.49
1841,18,2.8
1963,16,2.53
2888,39,2.68
727,18,3.96
1245,30,2.8
2602,8,2.12
1066,2,3.17
676,13,2.55
2921,10,3.22
283,4,4.57
1082,5,1.88
2882,1,2.49
2585,13,2.4
1909,38,2.15
2971,7,3.21
1153,1,3.49
2890,12,1.85
948,24,2.86
665,17,2.39
1718,4,2.29
1149,7,4.15
67,24,3.55
2054,11,3.09
637,0,4.05
314,22,2.02
565,1,3.71
1602,34,1.85
826,32,3.8
2554,39,4.44
1106,14,2.59
1026,31,2.33
2252,25,4.02
662,23,2.51
805,32,1.65
2452,27,1.92
536,13,2.68
1392,9,3.22
1236,31,2.78
2625,25,4.25
2811,3,2.65
1921,5,3.91
2165,7,4.64
628,12,2.53
749,28,3.38
105,10,3.18
2543,28,2.05
46,7,4.31
2871,39,4.12
1355,33,2.99
1240,7,3.93
982,10,4.12
960,39,2.8
1516,38,2.77
1837,1,2.11
2893,22,3.68
2497,25,1.53
2584,28,2.56
2559,33,2.85
1482,17,2.8
1560,17,2.22
2588,32,2.81
1508,21,2.28
2064,9,1.78
2001,19,4.65
2291,20,2.45
1974,22,2.28
912,36,1.56
1295,20,3.96
2809,28,2.71
1803,28,2.19
2753,6,2.47
1754,11,2.26
115,32,4.48
1604,17,3.08
1323,38,2.4
1861,31,2.61
2445,27,4.28
2442,37,3.51
1099,25,2.34
978,39,4.62
1506,13,1.9
1127,7,2.36
297,15,2.07
2226,6,2.26
2363,9,3.55
1063,37,2.81
259,24,3.4
2055,6,2.99
2097,24,2.43
2209,29,3.45
1893,1,2.63
176,3,3.25
1001,12,3.31
1919,33,4.01
2503,14,3.44
1668,9,2.48
276,24,3.13
2546,37,3.27
676,22,3.42
1824,10,4.64
1052,35,3.3
1357,25,2.33
2104,20,2.9
547,5,3.11
1136,1,2.57
2084,11,2.91
2041,22,3.83
439,7,3.16
1753,2,3.1
1616,31,3.24
1850,0,1.97
2643,39,2.25
1601,16,2.44
1664,10,3.5
307,31,3.17
619,39,3.82
1133,28,3.03
1396,16,3.24
2405,32,4.32
2229,11,2.33
1380,0,2.97
1700,6,3.38
2116,23,2.85
2340,14,3.02
2740,9,3.67
181,34,3.94
2482,12,1.99
1488,29,2.4
914,0,1.67
1558,18,1.54
2114,14,2.23
1045,10,2.65
1636,31,2.83
2432,5,4.17
1639,3,3.04
1583,15,1.26
2087,2,3.38
1309,27,3.32
822,23,4.21
602,36,3.2
1621,28,3.37
785,15,1.73
1212,31,3.69
671,35,2.09
1267,1,3.21
1097,22,3.74
2527,33,3.03
1998,4,3.72
2609,30,2.87
101,1,3.14
2562,21,3.94
1780,8,1.41
176,13,2.61
238,35,3.72
2958,12,2.11
1123,33,2.57
2919,11,4.67
1978,24,2.64
2543,20,2.36
2995,35,3.54
2004,28,3.78
1538,6,3.91
755,24,3.48
2259,35,4.08
1147,39,2.1
1412,21,1.26
140,34,3.64
541,23,1.42
1415,12,2.82
270,37,2.01
1036,14,1.58
1891,35,2.51
506,30,4.18
1130,3,4.06
2080,12,3.14
1873,29,2.4
1093,2,1.69
813,33,3.28
362,31,3.24
1457,2,1.48
929,19,1.44
100,30,2.7
1682,33,2.33
2057,21,1.29
2745,0,2.71
1053,38,2.24
2510,25,3.64
921,22,3.04
2438,7,3.7
632,1,2.76
682,0,3.74
2205,33,2.97
2383,35,3.47
2308,11,3.28
2130,18,2.65
754,24,2.95
1465,34,2.73
720,8,1.66
75,26,2.31
1294,18,3.54
1923,38,3.92
2674,0,2.16
62,37,1.43
874,26,2.73
320,12,3.87
2150,4,3.24
1453,7,2.98
874,36,2.99
1746,2,3.36
2303,20,3.36
1556,20,2.39
2618,26,3.33
112,34,2.12
461,26,2.83
2756,2,2.93
887,35,3.13
1116,15,3.43
1076,4,3.11
520,18,2.5
812,16,4.02
2284,23,3.06
1925,6,3.82
1605,34,3.27
927,14,3.16
557,19,3.31
2697,20,2.91
2282,32,1.9
1056,6,2.68
579,11,2.71
542,33,2.64
2162,27,2.68
2252,33,2.62
1053,5,4.71
2691,1,2.11
474,13,1.77
2745,16,3.23
2301,23,2.5
905,3,3.54
1946,8,3.87
386,29,3.57
62,7,1.57
515,23,4.31
430,0,4.13
580,30,3.26
1561,8,2.99
1165,12,3.46
2791,22,3.64
1324,27,2.4
2723,32,1.85
2359,35,3.05
471,15,3.04
1417,13,2.94
1666,23,2.61
1469,29,3.51
809,9,3.71
172,36,3.36
2624,37,2.05
31,8,1.44
47,15,3.51
130,24,1.76
2400,6,2.24
978,22,3.8
1646,28,3.07
1605,18,2.7
58,25,2.56
1130,17,3.42
2860,35,3.55
1354,28,3.25
768,21,3.93
683,5,2.14
2009,7,3.87
2334,38,2.93
1791,6,3.18
1478,13,1.81
886,1,3.12
397,38,2.98
1539,12,2.85
2074,7,3.25
313,1,1.94
2174,18,3.61
1589,11,3.25
1222,37,2.38
811,8,2.43
2236,15,2.39
2746,28,3.22
2858,0,4.22
2764,4,3.64
2033,34,2.07
1508,11,2.63
450,9,2.34
2571,32,3.27
1895,38,4.32
1378,13,1.79
2706,26,4.08
597,20,2.97
2148,27,2.71
616,34,3.41
948,39,4.12
1582,4,2.91
556,19,1.51
278,9,4.13
2014,22,3.52
491,32,3.08
255,15,2.56
2429,14,3.02
892,28,2.86
542,17,3.18
1288,32,3.56
1634,12,2.63
825,17,3.22
2927,11,2.43
1353,7,3.08
281,9,2.02
1299,29,4.76
773,13,3.15
2891,28,3.26
2767,18,1.95
328,5,3.82
2259,18,1.83
2775,24,3.77
923,39,2.65
552,32,2.82
2074,25,3.0
2075,15,2.9
702,4,2.98
1920,1,3.01
2730,8,4.18
2461,35,2.81
167,8,3.87
169,12,2.85
229,2,3.35
2003,33,2.81
367,12,2.67
528,8,1.66
791,16,3.89
524,27,3.92
1096,39,3.22
1669,24,2.41
2154,0,3.1
2780,0,4.69
1909,25,3.67
1306,0,2.59
133,15,4.2
2582,9,2.33
2317,7,2.0
2721,11,2.5
1643,36,2.21
2839,12,1.43
1889,11,2.9
1771,26,2.8
18,11,3.88
1778,22,3.23
117,20,1.77
798,29,2.85
2599,21,3.24
2977,13,2.05
1712,37,3.49
753,31,3.36
2470,26,1.8
1393,23,2.22
2694,34,2.39
2606,13,2.84
2098,16,2.85
678,3,2.25
106,18,2.16
658,15,2.07
1947,0,4.4
1449,19,2.67
1096,33,3.58
988,10,4.32
2890,7,3.28
1809,25,3.98
1783,14,3.62
446,28,1.89
1949,28,2.32
2118,10,2.49
1998,20,3.8
2198,34,1.95
774,32,1.85
1562,37,3.38
1676,36,2.73
1123,16,3.02
1302,16,2.56
1587,6,3.82
1687,16,2.55
944,8,3.86
455,12,3.23
1128,31,1.92
946,0,3.22
601,34,4.18
2701,17,3.42
725,26,2.09
2281,9,3.2
1418,23,3.86
1525,34,2.45
251,36,4.43
1545,24,2.47
79,35,3.16
898,32,2.96
2969,16,3.6
781,7,3.18
226,8,3.38
1075,25,2.45
1210,5,3.64
1058,37,2.52
803,38,3.04
742,26,2.55
2179,27,4.06
2680,29,2.12
2886,21,3.35
2807,33,2.49
704,23,4.42
2545,11,1.98
1427,0,1.39
2371,9,4.24
615,31,1.98
329,18,4.2
1396,15,3.36
1484,4,3.27
133,32,2.84
835,11,2.43
2699,13,3.68
121,23,2.86
2654,0,4.17
1476,31,3.26
965,3,1.83
129,26,4.18
1599,0,2.98
2077,16,2.92
2770,28,1.63
1548,2,2.74
333,30,3.16
1154,8,2.04
1317,37,4.25
1197,32,3.64
2992,22,2.84
1430,22,3.49
356,26,2.57
139,30,2.5
1527,2,4.3
1198,36,2.63
29,25,2.9
931,1,2.49
2544,16,3.55
1014,34,2.39
2703,24,2.97
828,5,3.4
351,15,1.89
2602,22,2.87
2025,0,2.6
299,23,3.08
1744,37,4.23
1866,5,3.38
1216,14,2.2
1696,1,2.83
2112,30,3.23
755,19,2.97
770,22,3.02
1239,33,2.58
834,0,3.27
2214,23,1.66
1907,19,2.79
1565,2,1.88
1219,37,2.43
506,15,1.4
1358,24,2.85
2841,37,3.13
2881,26,2.75
1461,18,1.81
2906,39,3.57
1417,30,2.19
2854,29,2.73
1173,20,3.6
761,20,3.28
833,2,2.86
1429,11,1.9
283,33,2.28
379,36,4.03
198,17,2.8
556,7,3.35
356,22,3.48
1564,26,2.81
1041,7,2.58
2687,2,3.48
379,23,2.73
680,16,3.87
2554,22,3.43
1780,34,3.54
899,33,3.06
76,25,2.79
231,31,4.17
1740,28,4.26
962,37,1.81
2350,2,3.2
2774,0,2.67
2263,35,4.57
2117,24,2.59
393,33,3.12
1109,2,3.74
267,25,1.71
1093,20,2.63
611,11,3.03
1371,38,3.13
1009,31,2.47
962,10,4.36
2776,36,3.07
673,37,3.25
2471,36,2.8
1701,24,2.56
2163,2,3.06
2268,4,4.09
31,14,2.94
1367,39,3.21
1401,39,1.6
1154,39,2.34
617,33,2.21
539,36,3.26
2787,21,3.14
871,4,2.73
101,23,2.49
1413,15,3.19
2740,1,3.81
941,9,3.53
341,2,3.68
2909,9,2.65
1044,26,2.2
38,36,4.12
660,33,2.75
2034,31,3.47
1561,17,4.09
1657,12,2.24
2976,18,2.79
1050,11,3.02
454,32,1.9
1705,15,2.01
1347,38,1.75
2785,27,2.15
819,10,2.06
773,7,2.4
13,27,2.13
2963,3,3.82
921,27,1.71
825,10,1.8
2419,9,4.29
1315,13,1.46
2380,15,4.3
2309,3,4.31
2018,17,2.65
1229,6,3.82
697,16,3.91
2735,21,3.45
950,6,2.08
2435,5,3.07
2869,5,4.51
2516,30,3.6
1439,23,1.82
69,11,3.29
1782,34,2.82
2248,36,1.54
2264,22,3.2
1970,22,4.24
212,2,2.7
508,10,3.33
2064,37,1.67
1522,19,3.04
2932,8,2.48
332,18,2.79
2765,13,3.13
551,12,2.83
1625,21,1.32
942,26,3.82
2304,27,1.77
728,29,4.19
880,39,3.56
2863,26,2.13
649,31,2.02
1000,4,3.01
1522,8,3.29
2519,27,3.02
2738,30,3.52
1613,9,2.18
2748,29,2.91
2555,29,3.27
1010,11,1.64
1551,35,3.82
804,5,3.95
2879,4,1.44
214,15,2.27
169,23,3.33
978,26,3.49
1329,22,3.61
146,24,2.8
1799,0,2.46
516,3,2.42
453,27,4.31
60,15,3.18
528,29,3.13
1024,23,3.44
2522,25,1.6
1565,28,2.85
2805,10,3.32
2830,39,3.76
1103,22,3.29
433,29,4.33
1177,11,1.68
401,22,2.0
2105,17,2.58
2234,16,2.57
2446,25,2.81
605,25,3.4
2836,33,3.57
2206,31,1.49
1811,33,2.79
1464,32,2.08
2637,30,4.09
2514,14,3.11
2494,23,2.81
1774,34,4.12
2849,35,3.65
1554,32,3.51
1097,37,3.8
929,24,3.07
1952,18,2.69
1974,15,3.27
2065,20,1.15
1555,37,2.5
2779,39,2.47
326,33,3.78
995,2,3.5
613,32,2.79
2594,10,3.51
596,29,3.45
921,39,3.97
842,9,3.14
1226,34,3.7
344,30,2.96
1877,28,2.36
859,8,3.04
1424,30,4.44
445,37,2.96
1789,11,3.21
222,38,2.02
592,14,2.96
1031,7,3.65
1296,15,2.36
1018,22,2.25
2064,18,1.83
1448,22,3.79
2046,19,2.75
524,14,1.93
2851,21,2.71
2069,11,2.84
2276,13,2.34
1809,11,2.73
1312,13,3.88
2857,22,3.56
1307,37,2.07
2452,34,3.94
1090,24,3.13
1673,39,1.9
437,10,2.33
829,4,1.91
2982,24,4.03
259,37,2.89
2004,3,3.12
1990,33,2.75
103,25,3.23
993,31,2.73
769,16,3.73
1125,36,1.69
1222,15,4.3
2861,29,3.62
2274,15,3.11
2991,13,1.86
2511,33,2.52
237,17,4.26
1145,31,2.45
2554,38,2.82
2862,4,1.93
767,5,3.19
2682,0,2.01
991,11,2.0
2666,38,3.13
1760,4,2.6
2321,15,2.81
2280,34,3.64
2816,9,2.35
496,21,3.97
1048,36,2.13
1727,17,3.39
2550,34,2.8
2073,37,3.15
2336,31,1.36
338,22,1.43
1938,1,4.12
1818,29,2.12
137,39,2.39
2556,31,3.3
2275,34,3.51
320,24,2.05
1864,11,3.18
916,16,2.55
1206,34,2.89
1898,36,3.28
2134,20,2.54
926,7,2.38
2101,30,3.49
2908,11,2.38
2915,20,2.7
1259,39,4.18
1983,15,2.94
433,17,2.25
999,15,2.0
2148,11,1.23
990,16,2.42
599,14,2.81
2451,34,4.15
396,20,2.03
415,15,3.19
939,1,2.27
1637,7,2.26
2725,18,2.93
2511,4,2.31
541,12,2.13
1650,5,3.32
1946,36,1.86
84,29,1.52
271,26,2.76
2292,29,3.35
388,29,3.93
214,33,3.85
2866,20,3.22
59,12,2.35
1626,7,4.29
2931,1,2.85
843,15,2.27
2972,16,2.51
1528,33,2.44
1730,21,3.25
123,33,4.35
1437,30,1.8
1163,35,2.13
2487,2,3.03
562,23,2.75
2166,13,3.04
1738,15,2.9
905,39,3.58
395,36,3.53
1727,4,3.2
2924,20,4.19
1717,23,2.79
935,12,3.53
1102,30,3.48
3000,10,3.7
1436,39,3.83
75,31,2.24
295,19,3.99
21,15,2.18
1039,34,2.73
1235,12,4.52
560,9,3.8
1110,22,3.92
1173,31,2.64
372,8,2.1
2028,38,2.5
818,20,3.67
1175,10,3.96
1165,21,3.43
1093,5,3.14
1284,27,2.95
2012,8,1.85
846,7,3.95
1992,39,3.68
521,4,2.64
371,18,4.0
1443,39,2.65
101,25,3.08
661,39,2.09
1682,2,3.5
243,0,3.9
2801,13,3.05
512,9,3.71
2897,14,3.35
2603,13,2.61
2274,6,1.63
1542,7,3.4
2262,32,2.52
2766,34,3.94
2115,13,2.01
396,24,3.44
612,17,2.04
1261,30,4.14
1858,18,2.95
770,23,2.55
1423,8,3.71
407,12,3.31
2973,0,1.83
1873,13,2.48
1504,5,3.46
2695,35,3.7
2270,12,2.99
1180,29,3.79
654,36,1.43
2476,6,1.55
1182,20,3.72
977,32,3.78
1440,38,2.87
2419,13,2.63
1368,25,4.04
2898,15,3.89
2904,11,2.0
229,39,2.44
2328,1,1.88
1894,31,3.53
1314,15,3.65
1071,37,4.16
975,21,3.3
1739,5,3.04
758,1,3.62
321,25,3.64
2322,19,3.02
556,17,3.26
844,11,2.23
1337,0,2.88
1387,28,3.24
668,11,2.19
2428,26,2.52
2759,15,4.12
1943,27,1.37
2005,35,3.7
1931,34,3.47
746,25,2.52
675,3,3.9
2164,11,2.35
2653,12,3.01
1066,26,2.22
2427,11,2.16
2514,3,2.86
2328,20,3.54
618,29,1.49
2166,4,2.29
2357,5,2.82
2148,32,3.2
2309,24,2.5
993,38,2.5
1329,34,2.52
1378,7,2.66
286,5,1.88
2376,27,3.55
2111,34,2.56
687,3,3.41
1306,30,2.95
1465,28,3.17
738,5,2.04
2687,27,2.01
2984,25,4.11
1959,24,3.37
1895,38,2.5
2524,32,2.83
1486,2,4.65
2101,24,3.45
2802,20,2.0
486,22,2.7
1514,13,1.78
2002,11,3.28
1388,19,3.04
2457,23,2.0
1031,32,2.29
1766,20,2.73
668,0,2.85
1221,10,2.8
835,33,4.0
876,17,2.18
2415,21,2.37
1002,28,2.83
250,4,4.55
1940,36,3.18
1619,29,1.52
1264,7,2.1
2428,19,3.67
872,33,2.18
835,2,3.64
2823,32,3.7
919,25,3.12
1725,13,3.77
2503,4,3.75
2414,15,2.36
1314,16,3.5
1898,33,4.66
403,18,4.16
2106,29,3.41
2569,31,3.56
1328,35,2.01
1139,18,3.04
210,34,1.91
1065,7,2.51
816,27,3.65
2221,19,2.65
234,15,3.43
793,24,3.22
1908,0,3.03
1614,23,2.85
2841,39,2.18
2167,34,3.25
335,11,4.89
1360,0,2.89
1640,38,2.48
1098,8,3.04
1215,6,2.75
324,33,3.18
1791,10,2.65
284,16,1.67
213,0,3.21
1659,25,3.22
1742,30,2.32
929,32,2.2
752,26,4.09
1418,18,3.72
2387,25,4.19
1822,26,3.79
1046,18,3.13
1795,34,2.29
1893,25,3.5
105,32,3.26
1490,39,3.92
1483,10,2.86
1456,38,2.73
770,6,3.03
2764,23,3.37
2811,22,4.08
1960,39,3.25
2028,5,2.96
379,7,2.94
713,5,2.31
1373,37,2.75
225,17,3.18
1738,4,3.23
738,3,3.0
236,15,1.71
183,9,1.99
712,16,3.4
1893,29,3.31
2492,4,3.5
1889,21,4.4
623,3,4.21
1260,11,3.16
1151,19,4.19
749,14,2.86
2203,19,2.63
2305,39,2.54
2283,20,3.55
2548,17,1.19
2337,13,2.62
510,30,3.53
1576,13,2.12
1824,13,3.09
2757,28,3.36
785,25,3.48
2942,12,3.75
2824,14,1.7
2346,37,2.97
137,23,2.4
2424,9,3.48
2135,11,1.77
1778,10,3.23
1223,31,3.17
2485,8,3.69
1334,15,1.9
1778,4,2.4
1305,1,2.75
764,32,3.93
702,10,2.44
2990,29,3.13
152,5,2.09
1326,31,2.54
1302,9,2.7
1712,21,2.92
1032,17,2.7
807,16,2.84
235,7,3.1
2723,4,2.53
561,36,1.49
1326,24,2.03
38,22,2.27
1160,8,3.12
2870,8,2.57
421,18,3.91
1243,38,3.33
348,24,3.03
1832,6,2.73
1570,9,3.22
2796,12,3.08
1919,17,3.67
2321,14,2.2
1902,12,1.7
2356,3,2.84
1398,10,1.8
2781,29,3.28
1825,24,2.34
2492,34,3.03
1229,8,3.46
405,6,2.56
1722,11,3.12
2901,23,3.68
1221,10,4.13
2826,21,4.14
115,38,3.58
1677,21,3.1
65,14,3.27
1300,35,2.04
825,11,2.44
2287,1,3.02
2350,17,2.89
1416,39,2.29
969,18,1.85
369,3,2.93
233,5,2.44
2243,36,3.34
907,32,3.87
921,7,2.27
689,31,3.64
177,11,2.76
2265,24,1.75
1035,1,1.72
1470,34,2.56
630,10,4.61
164,19,2.29
2101,6,4.37
2266,32,2.44
824,15,2.36
2433,12,2.28
56,0,2.22
118,32,2.05
2948,38,3.99
798,38,3.76
780,19,2.15
2851,3,3.25
2893,15,2.6
1439,17,2.33
1894,9,3.39
2903,3,2.34
708,4,3.71
1104,3,1.55
22,34,2.78
1501,32,3.64
843,32,2.52
1761,29,4.21
1117,26,3.58
192,30,2.74
1019,30,3.9
1127,35,2.97
396,27,4.2
2688,10,3.07
1019,16,2.63
567,31,2.12
231,22,1.37
874,10,1.48
2622,39,2.61
240,4,3.21
90,5,2.49
2280,20,4.22
457,15,2.72
2281,13,3.19
354,12,2.67
1005,11,3.65
1357,24,3.41
439,30,2.69
1399,32,3.11
345,5,2.0
2712,21,2.13
657,32,2.51
2178,31,3.48
2189,20,2.78
2463,22,1.99
1117,33,4.34
626,2,4.14
284,27,2.3
1980,7,3.58
1679,15,3.35
223,27,2.23
744,21,2.48
463,15,2.42
1569,0,3.88
1706,33,2.93
1164,34,2.58
2405,19,3.02
1737,4,1.92
1047,39,2.86
2907,6,3.9
665,11,4.25
1357,12,4.26
1015,36,2.75
2133,8,3.09
2669,38,3.98
1055,10,3.0
1765,32,4.26
2288,11,3.1
1914,21,2.81
363,29,3.0
2870,27,1.86
1413,30,3.05
668,32,2.96
1881,8,2.78
1395,12,3.06
99,29,1.34
2095,3,2.25
2887,36,3.34
422,3,3.12
1504,30,2.94
62,36,3.04
1133,21,1.8
1703,20,2.49
598,19,2.33
392,26,2.7
1076,11,3.22
2651,4,3.56
1313,8,1.97
2030,30,3.21
2385,14,2.61
810,16,2.07
1406,39,2.29
2800,29,1.74
1160,29,3.31
1532,14,3.81
1386,1,3.43
881,38,2.65
1600,1,3.21
2683,18,3.86
254,34,4.04
2068,33,2.59
2576,31,4.14
1169,26,3.22
1232,22,3.42
2424,35,1.66
166,30,1.89
1574,35,4.0
2909,0,3.27
617,14,1.31
2660,22,2.51
1626,24,3.73
503,17,3.09
913,11,3.05
2127,35,1.84
585,34,2.24
1959,3,2.07
2736,20,2.74
396,30,3.24
1632,27,3.2
1881,24,3.79
402,28,3.38
975,16,1.58
224,0,3.56
518,6,2.42
2682,38,4.41
236,20,2.57
116,12,2.96
226,5,3.8
2278,22,1.83
182,37,3.12
1342,19,1.71
210,26,1.99
1416,31,3.77
2144,0,2.8
894,15,1.69
1882,23,2.11
2804,20,3.45
1110,12,2.93
2463,1,2.62
2027,39,3.94
394,32,2.47
2744,13,2.08
844,33,3.16
1525,19,3.16
604,7,3.54
582,0,3.79
2043,13,2.72
1940,12,2.61
133,14,4.04
2839,36,4.03
2697,15,2.23
2269,3,2.41
976,26,3.38
1814,8,1.66
1544,17,4.08
2836,2,2.12
2739,11,4.04
1358,2,2.94
39,24,2.5
1317,21,3.36
2738,39,2.78
162,17,1.68
1910,27,2.83
1128,17,3.31
2209,30,2.63
1659,21,2.96
1964,14,2.25
1058,28,3.79
2290,15,3.99
967,10,3.54
890,9,3.79
2161,24,2.99
2366,36,3.05
2071,39,2.47
2872,15,3.4
2749,19,2.69
1667,3,3.19
1442,17,1.47
1068,34,3.22
128,0,3.47
2924,5,3.48
158,34,3.39
827,31,2.75
1891,22,2.59
2900,22,3.93
512,9,2.49
2093,7,4.17
2267,5,2.16
443,37,3.69
2363,30,3.62
2225,15,3.1
2276,14,2.33
1727,16,3.42
2007,31,2.79
1696,11,3.66
267,15,4.38
2918,28,2.86
838,33,2.55
489,21,2.37
702,0,2.09
687,33,2.84
996,8,3.8
357,15,2.56
872,29,2.98
1974,4,2.58
2252,29,2.02
552,13,1.28
1811,10,3.6
323,18,2.83
2642,34,2.56
2229,38,3.25
2547,35,1.8
83,5,3.53
2351,38,2.88
262,38,3.79
784,28,2.54
1224,36,3.16
914,16,2.93
2740,33,3.54
944,19,2.76
2731,38,3.44
1319,31,1.56
1536,14,4.37
689,10,3.43
2444,32,1.63
1773,22,2.21
839,19,3.1
878,29,2.6
2871,28,3.78
49,20,3.13
2837,38,2.83
293,25,3.02
1652,26,3.54
536,1,3.27
311,14,3.41
537,3,4.58
1927,1,3.52
2687,36,4.44
234,6,3.41
1233,37,2.38
2653,10,1.71
2142,14,3.59
2375,37,2.81
2273,12,1.23
967,6,3.59
890,33,3.79
2059,16,3.42
35,35,1.06
447,6,2.55
1764,1,3.35
2489,8,2.98
2701,4,3.08
1559,39,3.43
595,13,2.44
2026,11,2.44
2277,30,1.79
344,37,4.06
1104,12,2.8
1420,29,3.39
1314,28,2.81
1479,26,2.24
1152,3,2.89
2957,13,2.49
1922,11,2.18
1383,2,3.23
2575,29,2.79
2123,5,3.65
1570,34,2.26
1895,12,2.9
2244,18,3.56
1867,31,2.94
29,20,3.85
706,2,2.68
1021,39,3.21
2064,23,2.48
1447,12,3.61
2853,21,3.84
2988,35,3.92
1660,35,2.43
967,15,2.69
2277,29,3.67
2763,20,1.99
573,35,1.58
1607,32,3.81
615,4,3.04
326,15,3.3
2923,23,2.43
359,5,1.69
1811,37,3.41
2372,6,3.05
1722,20,2.94
1350,24,1.9
165,33,3.24
1597,3,4.33
1628,39,3.2
2846,33,4.07
2503,23,3.05
1177,32,3.37
1151,23,2.38
193,14,3.38
2675,17,1.73
2578,10,3.73
92,12,2.82
139,19,2.4
481,34,2.74
2497,18,3.21
1357,8,2.7
2917,2,3.76
340,25,2.13
1076,36,2.78
2514,0,3.09
2766,4,2.6
799,7,2.39
475,30,3.98
2449,29,3.75
1463,26,4.13
605,30,3.16
2980,31,3.13
2970,36,3.4
821,29,3.14
2705,3,3.06
598,7,3.58
1533,37,2.96
514,38,3.4
1527,22,2.23
1878,30,2.22
1700,1,2.97
1030,34,1.95
500,35,3.27
1685,17,3.49
717,6,3.2
1142,25,2.45
1509,4,3.77
2649,26,4.03
666,3,3.47
2516,8,3.94
2209,19,1.73
2318,30,2.83
1080,24,3.37
228,13,3.5
2897,3,1.93
149,38,3.37
1070,29,4.39
1168,39,2.88
632,37,2.05
1364,21,3.91
413,22,2.65
1756,10,2.57
520,32,2.87
1368,13,2.33
2435,37,3.54
2323,34,3.67
2401,36,3.98
1103,23,2.69
598,10,3.08
1660,3,2.33
1686,35,3.72
2606,10,2.53
2161,32,2.71
2189,11,3.7
1925,29,2.15
730,3,4.13
589,16,2.97
2459,3,2.53
377,1,4.09
1408,30,3.38
1870,19,1.61
751,19,2.94
627,2,1.95
1630,38,3.42
995,6,3.01
1584,0,3.56
703,2,1.84
2510,19,3.89
2060,3,1.89
1180,21,2.41
477,36,2.59
2987,32,1.93
401,11,1.9
2856,32,1.84
2225,22,3.85
57,10,3.05
1876,22,2.33
448,10,4.01
203,38,3.34
1657,20,1.47
738,4,3.33
202,11,2.91
1354,2,2.39
2411,39,2.96
892,30,3.47
2502,28,3.19
2404,5,2.47
216,29,2.77
2603,29,3.81
2935,11,2.72
23,21,3.52
2203,15,3.14
1210,27,2.6
2297,29,2.98
749,31,2.69
805,5,3.19
134,27,3.39
321,21,2.14
2438,5,1.74
434,18,3.21
1046,5,3.92
873,18,3.74
2906,10,3.87
2099,32,4.13
2224,3,2.92
2918,6,4.14
253,30,3.15
966,4,3.15
739,14,3.33
1130,36,3.82
1340,34,1.94
302,18,2.96
2596,21,3.94
1978,23,1.75
2764,17,2.79
2827,31,3.26
2316,36,3.01
551,19,4.2
1479,3,3.27
1316,23,3.59
1588,3,2.75
1823,37,3.29
1825,32,2.8
1165,6,4.49
314,7,1.76
184,31,2.66
1688,18,2.87
713,21,3.5
2176,7,3.4
1311,17,3.87
2748,24,4.01
2434,21,2.73
271,0,3.37
1795,31,2.38
811,29,1.64
2463,2,2.75
198,31,1.78
1080,23,4.01
2879,22,3.16
1227,25,2.69
1645,14,2.91
628,7,3.16
604,5,2.41
1162,27,2.9
1446,4,4.22
1081,7,2.42
1586,34,2.17
2119,10,2.95
911,15,4.23
594,39,3.31
1396,26,2.53
600,36,1.81
514,8,2.96
1896,37,3.29
2132,21,4.42
1067,1,1.84
2887,12,3.88
1958,33,3.49
2654,13,3.32
810,3,1.83
2181,32,3.06
1089,3,3.11
290,3,2.76
2424,10,4.53
769,39,2.47
2515,5,4.13
471,32,1.72
2197,22,2.53
88,32,2.37
2444,38,3.11
790,10,1.56
1665,1,3.52
1310,39,3.34
865,27,3.17
1294,2,2.47
24,7,3.27
1887,16,3.86
311,3,2.76
1485,27,1.68
1232,31,2.26
2712,25,4.33
2486,18,2.54
706,39,2.89
1360,12,3.38
422,19,3.47
1774,31,3.08
2369,11,2.18
2635,21,3.82
947,27,3.85
1187,28,3.57
1835,33,2.92
1565,36,3.65
849,35,3.34
1590,24,3.64
1319,22,2.51
2090,33,2.56
1948,34,3.1
1309,27,3.82
2987,1,2.71
387,34,4.04
2036,16,3.61
1162,10,3.84
2026,21,3.52
2958,35,2.45
716,30,2.66
2479,35,2.07
2602,37,3.25
2848,17,3.56
426,31,3.52
1440,0,3.3
2074,21,3.73
385,29,2.86
56,14,1.96
2682,32,3.6
106,19,4.05
2897,36,3.7
670,7,2.46
376,8,3.15
743,5,3.53
967,28,2.65
308,36,3.29
2139,36,3.15
802,16,3.87
110,32,2.19
1665,10,4.01
2633,20,1.66
340,20,3.9
1589,38,3.68
979,21,1.52
2404,15,3.61
1916,12,2.73
168,37,3.2
557,32,3.14
905,10,3.7
105,0,3.98
2048,33,3.2
2198,2,2.47
146,30,2.85
2764,20,2.96
874,10,1.95
299,33,3.34
1737,12,2.54
646,12,4.21
2771,18,3.28
638,33,2.29
2287,26,4.21
2512,29,4.22
2501,11,3.43
784,29,3.94
897,38,4.08
371,20,2.99
487,23,2.57
2038,14,3.49
2213,35,3.95
1361,30,3.02
192,9,3.08
730,23,2.4
2262,15,3.08
2622,30,1.94
957,20,2.85
381,1,3.46
2721,11,3.67
798,17,1.71
239,4,3.88
2748,22,3.41
1106,2,2.0
1387,9,3.47
2553,15,3.6
2250,36,2.86
2968,5,3.03
1528,5,3.47
1668,21,2.45
37,18,2.67
2692,16,3.65
1997,1,3.42
1426,9,3.35
2813,29,2.34
2754,37,3.17
2593,8,3.46
1491,4,1.83
1225,5,3.58
2588,38,3.17
2023,24,3.33
2442,2,3.5
833,38,3.35
597,4,3.29
2441,5,2.26
700,7,3.98
1647,8,3.34
2019,19,2.44
441,27,2.57
1861,35,2.66
1641,2,4.38
1530,16,3.01
2966,27,3.15
2368,4,2.94
2601,30,3.89
1095,22,2.15
568,9,4.33
2967,33,3.47
236,19,3.07
1305,16,2.36
1186,3,2.06
1033,16,2.09
2108,7,3.77
2941,3,2.5
1841,29,4.08
225,39,3.45
1843,19,4.17
2748,10,3.28
582,2,3.42
169,16,3.38
1466,38,3.36
14,23,2.71
2212,22,3.03
1444,11,2.98
2805,19,3.05
1871,32,3.97
1544,18,3.98
1690,26,2.13
1572,1,2.84
1052,12,3.43
1732,23,1.83
446,6,3.54
716,10,3.27
819,31,4.57
2152,1,2.27
2790,22,3.37
426,27,2.07
1125,8,2.11
1565,35,2.86
2687,33,2.4
850,7,2.55
1546,33,2.73
1130,30,3.14
1703,6,2.83
2002,6,2.73
2817,12,3.59
277,39,3.23
1807,33,4.35
2948,23,4.77
2236,25,3.1
1940,32,2.56
2153,13,2.77
546,4,2.59
2428,31,1.75
110,12,2.27
545,20,2.55
2402,12,1.76
743,35,4.43
2365,33,3.95
1290,24,2.76
1876,27,3.63
1089,13,3.64
333,19,3.25
1537,0,1.61
1157,13,2.07
592,3,2.9
783,38,2.53
540,28,1.49
2783,35,2.74
1559,38,3.67
1520,0,3.47
2669,11,2.47
619,15,2.4
2957,38,1.96
1834,21,4.14
992,38,3.83
2147,21,2.4
2365,10,3.78
2171,9,4.53
2847,26,2.29
1617,22,3.71
1519,33,3.07
2505,10,3.0
522,1,3.76
2568,14,2.55
917,11,3.58
717,11,2.52
2363,25,4.67
2757,16,3.64
2758,34,4.32
1937,33,4.06
560,29,4.07
969,0,2.28
2404,14,3.72
1078,26,2.51
890,29,3.23
793,13,4.23
2313,23,2.58
982,38,2.39
802,34,4.08
43,34,3.41
1610,28,2.25
2910,0,2.3
1778,17,2.79
350,1,3.4
1568,34,2.19
1130,6,3.62
2960,35,2.84
2049,28,3.18
1781,4,3.81
584,17,1.78
432,33,4.19
1933,15,3.51
2101,14,2.5
2988,19,2.34
2568,28,3.51
1349,24,2.81
2195,14,3.0
2031,38,3.55
1190,18,2.21
1163,9,2.68
2677,17,3.8
299,19,2.14
1940,15,3.56
789,20,1.64
850,23,3.19
2226,2,3.09
2890,33,2.06
1378,4,3.06
1178,23,2.11
1950,8,3.89
878,15,2.91
1139,29,3.67
1578,23,3.84
2807,14,2.2
2493,15,1.74
2756,9,4.37
2650,19,4.12
1647,14,3.74
1904,28,2.97
1383,3,3.84
145,5,3.22
2323,28,2.88
2557,13,2.5
1203,5,3.96
2801,17,2.6
1862,1,2.37
1855,8,3.49
2525,32,1.25
1867,18,3.2
1099,32,3.98
1152,19,3.09
1735,3,1.84
2714,2,3.26
568,39,4.06
1814,9,3.6
531,12,2.16
2207,8,4.31
1562,32,1.84
681,36,3.31
2071,0,3.61
1071,6,3.94
2573,39,3.56
729,23,4.48
1730,11,3.86
2192,5,3.2
668,9,2.89
1613,27,3.76
681,9,2.98
973,5,3.73
2847,13,2.95
2133,10,3.16
2464,16,3.15
2742,18,3.96
2530,11,3.0
2504,26,2.29
827,30,2.26
297,6,2.96
1254,28,3.82
2998,9,2.11
2728,27,4.19
2426,2,4.11
2469,27,2.69
2153,18,1.93
1729,1,3.02
2025,37,3.54
330,28,2.38
2487,39,2.63
1156,29,3.08
1891,22,3.27
382,7,3.38
2186,13,2.51
2991,7,3.31
843,11,2.67
2318,39,1.75
396,29,1.45
2961,0,3.4
2512,20,2.77
450,13,3.73
1355,20,3.63
1987,28,2.73
1309,15,3.49
1298,32,1.52
2068,31,2.71
2287,2,2.98
1294,21,4.05
2466,21,3.18
1850,3,3.9
186,39,3.47
1234,24,2.41
1438,7,2.43
253,24,2.37
19,9,2.59
2760,4,4.09
1160,39,4.05
223,21,1.67
3,27,2.39
1260,32,3.62
854,15,3.62
1489,21,2.34
228,33,2.79
2961,36,2.09
1678,33,2.2
499,25,3.13
2569,16,4.06
2750,26,3.59
1886,31,3.32
2965,4,3.2
2016,22,2.37
1163,38,2.35
1300,8,2.71
2339,7,4.74
1077,15,3.48
715,18,3.79
948,13,3.0
2696,22,2.15
2732,22,2.41
870,30,3.24
1071,35,2.93
94,21,4.3
2988,11,4.17
560,22,2.38
1776,25,2.18
2261,25,4.5
436,38,1.83
852,2,2.26
2556,3,3.64
2884,24,4.07
2699,37,3.13
205,37,2.72
2429,24,2.99
1100,22,2.03
77,3,2.36
816,29,2.46
768,35,3.45
2458,37,2.63
106,26,1.45
2599,33,3.36
2874,0,3.76
2136,32,2.3
1747,38,3.23
2929,29,3.92
1466,12,2.66
2588,17,3.63
245,10,2.14
2626,24,3.16
1406,13,4.69
982,23,3.31
2765,24,3.26
1737,37,3.87
142,27,3.5
893,18,3.49
1392,26,3.07
2400,22,2.89
545,1,2.59
2961,20,1.43
2200,13,2.99
1470,36,2.39
2701,12,3.4
763,34,3.31
624,19,1.55
656,29,3.18
2498,39,3.09
2769,3,2.81
1248,8,3.16
43,0,2.68
2312,2,2.81
1027,29,2.36
1661,29,3.11
1292,1,1.49
596,33,4.65
1013,29,3.68
2225,33,3.52
2111,8,3.52
958,4,3.66
561,8,2.13
1331,13,2.57
1313,11,3.6
1822,27,3.65
1551,9,4.18
850,37,1.66
1279,20,1.44
2652,38,2.51
1534,27,2.72
1815,21,3.37
1742,0,4.1
606,29,2.87
2878,38,2.69
1487,6,3.41
1295,22,3.55
746,21,4.35
558,17,3.27
2112,33,4.29
942,17,2.24
2297,27,2.23
1270,33,3.68
940,20,2.37
1611,37,3.18
2205,3,1.85
2783,13,3.65
1726,20,3.71
985,25,1.22
1588,9,2.99
1337,14,2.42
1875,31,2.46
662,22,3.26
33,27,2.94
1817,20,2.73
2606,25,2.68
2121,12,3.67
1890,39,4.09
2873,28,3.22
1157,34,3.11
61,36,3.21
1544,39,1.81
272,35,3.22
2294,15,3.03
1200,28,1.81
2676,38,4.37
1807,6,2.76
2753,21,1.86
2710,28,4.08
1155,13,3.41
1126,39,4.2
310,10,2.17
1316,14,2.22
1746,39,2.19
2543,0,3.94
338,2,4.57
2627,31,2.0
10,21,4.35
49,38,2.51
1511,12,2.96
2671,25,2.95
1345,1,1.83
731,0,4.36
795,8,2.12
1649,8,3.48
133,30,2.65
2131,6,3.77
2105,6,3.23
376,26,4.41
2397,23,3.39
271,9,2.9
1507,2,2.88
2159,28,2.82
2917,32,2.79
2935,36,3.36
76,2,3.14
1957,37,1.56
1667,22,3.18
329,25,1.42
2170,2,2.92
41,9,3.75
1191,6,3.06
2970,37,3.54
2690,39,3.42
2327,1,1.93
2811,0,2.89
2517,0,2.83
2057,39,2.16
13,32,2.53
924,21,3.29
2971,18,2.19
1843,2,3.94
1233,27,4.22
1215,30,2.08
653,18,3.89
1704,4,2.43
621,31,4.67
1963,6,2.62
1646,21,2.46
2244,4,1.72
417,33,3.9
664,23,2.58
1779,8,2.65
1380,34,2.72
148,14,1.95
2046,19,3.28
1389,2,3.21
2412,9,2.11
1726,26,3.39
402,28,2.1
2654,37,2.4
1516,33,3.28
2032,28,2.93
229,30,2.7
1599,25,3.43
2585,26,2.43
268,4,2.49
1429,27,2.88
1817,19,2.16
1035,1,2.53
1344,21,1.71
126,35,2.47
2354,30,3.58
1726,28,4.75
1113,5,3.07
2676,32,4.02
1376,26,3.64
689,35,3.09
1281,14,1.65
1233,17,4.3
281,36,3.06
443,4,3.73
1864,1,1.5
837,29,3.78
389,35,2.25
617,33,3.17
147,38,2.78
521,34,3.59
630,32,3.31
2482,0,3.35
2192,7,3.24
289,11,1.91
1410,29,2.38
14,7,3.1
257,39,2.77
1722,16,4.01
1424,7,2.12
1231,14,3.99
858,20,2.23
2991,25,3.78
1196,21,2.35
464,30,2.81
270,4,1.89
1245,11,3.76
2671,2,2.28
1207,16,2.87
72,27,4.51
1307,14,3.43
2122,25,2.01
2403,25,3.09
1751,16,2.18
497,31,3.19
988,13,2.17
2628,4,3.62
910,4,2.26
373,23,2.02
362,36,3.33
2141,39,2.49
1345,37,2.04
324,19,2.21
2432,22,4.24
575,35,1.85
736,10,2.68
2785,0,3.76
2394,8,2.68
1216,1,2.59
1696,32,4.31
1908,34,3.04
719,37,2.41
781,27,2.44
1020,1,2.04
1404,20,4.15
1427,27,2.83
664,14,2.43
1773,7,2.89
2648,1,2.45
11,21,4.18
2235,29,2.29
2774,1,3.27
1039,32,3.77
2826,0,3.73
2459,23,3.63
585,21,2.84
1076,26,3.12
2625,35,3.08
1375,2,1.73
1452,36,1.23
1855,3,2.71
1790,4,3.06
743,3,4.04
1777,2,2.75
204,32,2.49
1077,24,1.62
974,30,3.1
2988,32,3.97
1399,15,1.95
1866,30,3.75
1300,39,4.47
1055,35,3.44
1159,10,3.39
105,26,2.99
253,9,3.92
295,35,3.53
2716,25,1.31
1182,6,4.36
549,20,3.62
2679,0,2.0
1778,20,3.8
299,22,3.78
1749,22,2.73
1844,13,2.26
101,35,1.38
2380,30,2.43
2884,14,3.53
1775,24,2.97
2441,16,2.1
874,33,2.09
2429,25,3.6
92,8,3.03
447,25,1.86
109,23,2.77
317,35,3.39
1836,18,4.41
1944,12,4.13
1459,3,2.19
442,32,3.17
2266,25,3.26
1246,39,2.49
2721,13,3.2
1552,17,3.43
278,30,3.44
569,25,2.28
1010,15,2.63
2923,25,3.48
2514,18,3.26
839,24,3.85
2802,11,2.4
1608,29,3.91
2886,38,3.71
30,38,3.16
2407,38,3.18
1943,0,2.38
2134,29,2.14
1258,0,2.89
2795,23,1.89
2361,9,3.22
365,30,3.72
1801,11,3.66
1823,22,3.71
1863,23,1.49
905,17,3.17
698,37,3.76
2179,26,2.84
2851,17,3.9
2837,13,1.58
1856,24,2.94
351,23,3.04
180,25,3.0
1504,22,2.82
1187,12,2.48
1807,2,3.71
774,36,3.18
510,0,1.97
365,29,3.01
353,25,3.29
2848,20,4.38
1107,28,2.5
1249,28,2.87
412,6,1.88
735,2,2.68
118,5,2.67
482,32,3.78
192,15,3.3
2639,21,3.54
2638,27,3.19
2707,22,3.8
107,5,4.54
382,38,3.67
783,23,2.84
2438,15,4.43
244,6,3.15
2633,5,3.94
2917,18,3.88
468,27,2.41
866,19,2.45
2982,2,2.89
1562,7,3.6
1234,23,2.27
604,27,2.25
1661,26,2.1
1097,18,2.84
2016,19,4.22
1659,22,2.85
1734,22,1.67
1614,12,2.32
860,34,2.52
1880,13,4.08
1277,39,2.34
13,18,3.87
2347,38,3.35
1100,24,3.93
1075,5,2.81
787,22,3.2
149,5,2.09
1755,38,3.14
2170,9,2.1
1304,0,3.19
2586,23,2.93
1180,1,2.98
2424,0,2.31
82,1,1.8
492,10,1.84
2404,19,2.99
2026,10,2.57
925,33,3.97
1297,31,2.36
1604,6,2.61
1597,33,4.14
123,30,1.65
708,3,3.13
2378,16,1.97
991,38,3.89
2371,27,2.22
2818,17,2.99
2041,24,4.09
2481,39,3.57
710,7,4.22
794,8,3.69
712,7,3.78
2587,3,4.42
2649,36,4.25
1718,3,3.36
257,27,2.4
1213,8,2.62
871,23,3.42
2947,18,3.45
1732,3,4.24
809,12,3.98
2725,4,4.02
271,15,2.55
1544,31,2.86
550,9,2.68
1138,15,3.73
568,28,3.11
359,0,3.2
1674,36,2.04
1638,0,4.32
1358,2,1.58
1713,0,4.19
1363,15,3.25
798,34,3.6
1285,13,3.74
887,23,4.49
1759,8,4.44
1223,39,2.32
2259,29,2.94
287,34,3.54
1716,2,3.34
1786,36,2.49
743,35,2.34
1506,31,2.31
2041,19,3.41
1047,3,3.25
296,29,4.38
2054,3,3.09
2598,4,4.52
681,6,2.51
1892,8,3.92
795,17,3.29
203,24,4.6
325,30,3.9
2873,20,3.27
2292,26,1.51
327,5,1.97
987,18,2.93
761,2,4.3
1037,21,4.69
907,11,2.64
1404,20,2.73
365,19,4.11
1245,20,4.64
2121,3,3.67
1649,15,2.73
1070,31,1.97
274,23,1.17
2256,36,2.2
1953,36,2.73
1885,12,2.78
124,19,2.85
1353,28,2.27
2591,5,3.14
1692,33,2.59
2108,0,2.95
2947,33,1.63
2934,2,2.06
2830,13,3.48
442,35,3.35
1241,37,2.29
911,4,3.14
1026,34,4.14
1560,39,4.06
1742,5,4.4
2880,22,2.7
1735,12,4.69
626,4,3.06
1691,26,2.54
998,0,2.4
2782,14,2.94
91,13,3.11
2215,10,3.54
207,35,2.83
1089,27,2.76
1912,19,3.58
516,1,1.82
1181,39,2.57
1793,19,2.95
2795,8,3.12
2354,28,3.09
1902,6,2.29
2006,1,4.32
395,22,2.44
1098,20,3.11
187,24,4.17
1598,28,2.57
1592,5,2.7
2671,39,1.95
730,33,3.17
240,4,3.38
2581,1,2.06
141,13,2.97
139,31,2.64
2507,15,3.19
70,29,1.45
385,17,2.57
630,3,3.56
2246,25,3.28
205,18,3.2
1750,31,3.65
568,35,2.7
982,27,3.79
805,39,3.66
1711,30,2.61
2907,36,2.33
882,31,2.67
2036,27,2.31
974,21,2.7
640,21,1.66
1455,22,2.52
325,34,3.76
442,36,3.59
804,39,4.04
2336,30,1.67
226,21,3.08
1088,32,2.85
967,36,2.16
2986,3,3.02
560,22,3.92
714,10,2.71
498,37,4.74
2897,27,4.07
2974,5,4.33
2108,14,2.3
257,12,2.12
577,3,2.91
2287,2,2.77
38,16,3.16
2073,19,3.43
410,1,3.41
461,38,3.9
1441,33,3.26
2405,2,2.51
383,34,3.54
1833,23,3.37
569,19,2.64
1072,9,2.32
433,33,4.21
56,36,1.58
2625,35,3.56
2316,29,2.56
2117,11,1.23
1752,23,3.38
2048,1,2.72
902,28,1.94
1625,34,2.15
2841,16,2.94
257,33,2.62
672,17,2.53
490,0,2.78
2794,33,2.98
2097,6,3.72
1683,9,3.8
316,38,1.82
2461,24,2.1
434,6,2.0
1026,2,3.02
1976,27,2.82
1980,3,2.97
1390,10,4.33
420,38,2.69
1597,8,2.92
1585,20,3.79
844,1,3.34
1468,13,3.71
2964,10,2.32
434,16,2.12
2691,2,2.6
1579,0,3.28
2105,15,2.56
964,9,1.8
977,32,2.63
46,26,2.28
1194,26,2.19
417,25,3.59
848,32,3.4
2187,8,3.29
247,28,3.73
230,12,3.06
792,32,3.66
637,7,2.99
2422,5,2.19
738,19,2.38
1089,24,2.13
88,31,2.94
713,29,4.0
1750,22,3.55
1228,20,1.95
1937,9,3.56
1406,39,4.35
601,33,3.34
1500,14,2.4
2587,37,1.98
214,31,2.54
2122,18,2.89
2109,22,1.53
698,21,3.0
1243,6,3.3
2060,7,2.84
2862,23,3.16
2080,27,2.01
1184,18,3.76
1001,3,2.18
237,2,3.46
1205,18,2.81
2606,39,2.31
1482,10,2.83
1104,4,3.21
647,20,4.08
2868,0,2.66
473,34,4.29
112,27,3.17
1846,18,4.61
1655,18,2.77
383,5,2.7
17,13,2.87
493,37,2.44
2974,26,2.61
1897,33,4.0
1510,14,1.85
117,13,1.74
1579,29,3.53
880,21,3.48
2163,39,1.88
1819,9,1.76
1573,14,3.01
2862,32,2.85
1649,34,2.98
644,28,3.6
1360,33,2.52
336,28,2.14
2970,6,1.99
147,39,3.0
122,33,2.34
81,28,3.15
2733,32,3.83
2710,35,3.38
2423,39,2.83
2111,16,2.38
504,28,4.17
668,35,2.32
2497,3,3.92
2916,3,2.91
1445,33,4.57
1346,28,3.02
2728,36,3.51
1190,0,3.11
1621,1,2.33
1981,21,3.97
1673,27,4.12
2509,33,2.82
459,25,2.49
1213,0,3.71
464,23,2.81
912,4,3.09
2427,34,2.09
1026,20,3.96
2412,6,2.79
72,9,3.28
1451,16,3.5
2686,23,2.21
1194,38,2.62
1849,34,2.46
2385,2,4.26
2023,19,3.44
2243,13,3.37
1012,26,3.09
653,29,4.44
1299,12,3.18
7,29,3.37
905,23,3.71
2029,32,2.17
2614,11,3.51
616,35,2.68
1874,15,2.92
2621,33,2.8
2647,20,2.85
770,1,4.06
2290,3,3.46
1567,34,2.54
1486,36,3.06
1441,29,2.53
766,28,2.22
384,31,2.08
2439,34,4.56
2944,19,2.77
688,2,3.92
1150,28,2.41
47,24,2.93
1973,12,2.77
2667,33,3.41
464,17,2.49
1873,7,3.44
123,23,3.18
2182,37,2.55
1643,32,2.89
841,10,1.82
1586,23,3.0
2897,2,2.34
2655,1,3.06
1804,28,4.27
23,6,2.28
566,23,3.61
1910,25,3.71
2814,11,3.53
965,10,2.93
2283,14,1.67
996,21,2.55
1188,16,3.93
1795,4,2.96
826,36,2.78
216,5,4.18
657,14,4.45
2983,17,1.61
1114,22,3.19
1988,22,2.77
311,10,2.88
557,17,4.37
2305,10,4.23
2581,24,3.1
1557,32,2.7
52,13,3.95
1362,39,2.13
1195,10,3.7
1649,34,3.26
2348,29,3.06
672,38,1.6
778,30,2.44
832,25,1.91
2280,8,3.29
1861,23,3.41
1530,33,3.37
2076,23,3.02
1973,24,3.18
1075,34,1.92
1717,9,1.5
1284,5,2.14
591,11,2.67
2833,35,3.18
2668,30,3.3
1987,36,2.03
2634,27,4.53
1002,24,4.5
2232,23,1.89
1047,15,2.27
2177,32,3.89
2339,21,3.92
1856,3,4.14
501,6,2.85
2234,2,3.56
479,38,2.58
1595,35,2.32
2540,36,3.28
513,22,3.23
2515,32,3.21
2333,31,2.81
601,14,2.76
1441,2,2.67
1124,3,3.32
189,7,3.14
989,3,3.12
2938,4,1.86
1882,23,2.76
388,11,2.38
2289,13,3.86
1806,20,3.63
2034,15,3.56
1755,3,3.68
2465,20,2.33
2224,10,4.57
387,20,2.0
1495,21,3.4
853,30,3.11
2711,2,3.02
452,11,4.34
2325,35,2.14
1759,23,4.59
213,0,2.45
41,24,2.26
1146,12,3.1
2342,36,2.44
600,6,3.82
2025,19,1.9
2589,36,1.58
2031,2,1.99
1783,2,3.26
1852,37,3.36
2499,13,3.6
1780,35,3.27
2838,8,1.81
2382,14,1.77
1905,6,2.64
2939,33,2.4
2092,11,3.74
144,24,3.83
333,25,4.18
998,19,4.19
1420,23,2.39
55,11,2.72
1331,11,2.73
2918,33,3.39
1447,16,3.45
1441,19,3.73
2845,9,2.77
2373,19,1.4
1734,34,2.91
1695,14,4.16
80,16,1.87
985,9,3.53
2606,34,3.21
865,22,2.53
2765,17,2.09
1588,23,2.28
472,29,3.32
2122,12,2.0
1577,24,2.17
1503,34,3.04
589,31,3.24
1411,27,2.34
1906,31,2.64
564,0,2.72
467,36,2.63
599,28,2.12
1645,2,2.56
992,30,4.41
1933,31,2.73
2785,11,1.65
2296,18,2.28
1605,13,3.72
67,18,2.67
2621,30,2.17
2751,1,2.99
470,4,2.44
2541,18,3.88
1725,20,3.97
2711,38,3.03
2334,16,4.24
1632,18,2.13
2360,23,3.34
2357,21,2.53
775,16,1.85
1137,25,2.97
2012,33,3.11
2504,6,2.55
1487,17,3.06
132,14,2.83
930,15,3.56
929,16,3.94
2169,32,3.95
1221,34,3.66
1506,20,3.99
634,13,1.92
2945,23,2.64
2820,39,2.58
1063,9,2.6
2614,12,4.04
2560,38,3.96
1185,38,3.27
289,30,3.74
2248,12,3.57
1812,27,1.6
528,12,3.92
917,32,3.15
1709,26,1.59
1407,18,1.53
1242,25,2.51
1111,17,1.4
799,37,2.76
1524,18,2.39
12,2,2.03
833,33,2.95
2889,39,4.29
2691,36,1.9
1242,30,3.07
1673,21,3.33
2154,1,1.69
691,35,2.58
528,9,2.49
1496,39,2.17
2894,7,2.53
893,14,3.99
387,39,3.24
1250,39,2.56
2529,23,3.41
1778,1,2.51
408,18,2.04
1677,24,2.22
898,16,3.45
711,34,3.34
2687,12,2.58
1683,17,3.19
2863,23,2.1
918,0,3.45
2251,22,3.09
417,21,2.91
416,16,2.52
1472,20,1.65
1536,38,3.0
85,2,2.97
167,35,2.1
2432,28,2.53
2516,23,3.52
1096,18,2.63
810,22,3.76
1545,33,2.12
1817,18,1.16
2521,3,1.68
993,7,3.65
1282,26,3.39
275,7,3.08
1774,21,3.31
2538,6,1.52
1757,1,4.35
2374,2,1.69
2577,0,3.66
892,4,2.65
89,17,4.21
2534,35,3.62
708,30,1.97
2398,20,2.38
387,9,3.93
2135,9,2.93
2355,22,3.34
1874,10,3.18
1178,33,2.03
440,6,2.58
2788,29,2.6
2312,7,3.1
977,38,2.62
735,8,3.95
2469,10,2.1
2541,18,2.78
633,13,3.52
993,22,3.76
2459,22,4.15
173,17,1.29
4,17,1.83
2902,12,3.41
1664,14,3.52
2016,1,3.79
1496,24,2.67
1061,25,3.11
2631,11,2.98
1055,24,2.02
381,13,3.57
1292,36,3.17
2392,33,3.57
1593,8,2.79
166,25,1.77
2748,36,4.18
2390,35,4.49
1043,34,2.24
1652,16,2.47
1208,11,3.84
545,32,3.05
2240,1,1.89
2368,24,3.85
2628,7,2.44
2523,3,2.6
2685,17,1.72
2475,34,2.44
97,21,2.41
2544,2,3.25
2709,5,2.39
1302,16,4.02
2057,16,4.45
457,30,2.44
1819,20,2.72
273,11,4.43
2988,31,2.76
1032,19,3.12
208,9,2.95
1938,14,3.33
1661,3,3.94
1147,14,4.74
1057,39,3.48
1537,25,1.9
204,26,3.8
2566,12,2.16
1833,27,2.77
2565,29,3.11
443,39,4.03
689,21,4.17
2898,18,2.32
833,26,2.54
2387,6,1.86
1462,3,2.96
1160,13,2.98
387,32,2.89
2042,39,2.61
2554,9,2.28
1349,16,2.66
1719,20,1.6
680,35,3.52
690,39,2.43
2933,39,3.2
1569,2,3.52
2671,17,4.02
1170,4,1.76
893,37,2.67
953,36,4.19
1255,5,4.05
784,11,2.26
2047,18,3.22
1872,37,3.08
495,33,3.5
747,30,3.36
2485,9,2.58
1855,33,3.22
2393,35,3.31
2598,7,1.96
2868,35,1.39
2589,10,3.72
2192,29,3.71
2636,25,3.65
657,15,3.61
1883,14,2.05
2393,37,2.57
2744,10,3.23
1797,37,3.71
268,10,3.17
2217,5,2.87
1763,0,1.74
2081,8,4.49
377,18,1.73
1586,14,2.18
1464,15,3.13
2441,38,4.48
489,24,2.11
722,20,2.06
946,4,2.91
2087,26,3.03
1636,16,1.53
1041,16,3.61
2274,26,3.76
2115,22,1.71
1678,20,4.26
2883,3,3.32
999,9,2.79
1778,25,2.72
2285,27,3.49
957,20,2.06
2967,13,1.59
1590,27,2.59
1162,9,2.97
2521,38,1.68
1869,26,4.15
553,20,3.15
1634,24,2.79
695,3,3.27
317,21,3.28
2646,18,2.61
768,34,3.82
2934,39,2.78
2609,19,2.31
1972,23,3.19
2306,17,3.71
1504,38,4.13
2805,6,2.81
123,32,2.74
2390,14,3.58
1869,7,2.22
1672,8,3.09
1083,24,3.09
1729,32,4.33
2308,11,2.96
1997,37,3.28
2143,23,3.79
1149,28,1.86
2089,5,3.65
1915,29,3.75
254,23,3.11
7,14,3.4
2776,35,3.24
2117,31,3.75
542,3,2.12
89,25,3.84
1939,3,3.26
213,13,1.86
2882,30,3.26
266,19,3.48
2960,2,2.35
2341,13,4.08
1231,19,4.68
2381,1,3.16
1005,33,4.29
2095,0,3.45
622,7,3.35
427,12,3.02
210,39,3.05
888,30,3.39
1444,36,2.75
154,34,2.5
415,20,1.8
1181,23,3.36
1285,28,3.91
769,36,4.09
983,31,1.89
1512,32,3.95
579,1,3.09
2788,28,3.85
2211,10,3.5
1039,18,2.59
2243,38,2.43
542,33,2.3
359,29,2.4
850,16,2.83
427,18,3.66
2545,19,2.51
2876,5,2.04
486,31,3.05
1832,21,2.86
1473,7,2.53
1437,12,3.9
330,23,2.69
1756,18,4.25
2937,16,2.72
1171,28,3.22
259,28,3.11
2340,7,2.41
143,38,4.48
2017,33,4.07
2795,35,3.28
627,24,2.68
1389,21,3.57
90,7,2.86
720,35,2.74
481,39,2.51
2132,14,2.81
1101,11,3.39
673,1,2.41
517,23,3.74
2533,4,2.39
1614,34,3.2
782,19,2.09
2152,19,4.18
2036,19,2.33
2387,9,2.75
687,9,3.12
1590,21,3.61
900,36,3.46
1502,25,1.78
2655,30,1.46
223,35,2.41
1077,4,3.02
1101,10,3.97
1742,15,3.78
503,21,2.6
1340,22,2.75
2870,30,4.47
624,23,3.62
1887,2,4.11
2213,20,3.58
1051,6,2.83
1094,2,4.29
1986,10,2.59
1389,17,1.84
1330,34,4.23
1148,15,1.97
19,6,4.66
1281,23,4.32
1046,12,4.06
989,10,3.38
2498,14,2.02
2600,28,3.39
1574,6,3.15
1072,7,2.35
2743,4,3.19
2635,17,1.78
2769,11,3.79
1207,24,2.56
1459,4,3.7
2155,4,3.46
1212,33,2.08
776,24,2.36
1860,9,2.31
1867,35,2.81
1161,1,2.89
1882,34,3.16
2946,4,2.47
2384,37,2.96
2655,17,2.87
2886,11,2.44
1781,37,2.85
602,12,2.88
1595,9,3.99
2451,12,4.31
540,0,3.38
1096,26,2.73
1806,12,4.23
24,20,2.66
624,5,4.08
1836,13,3.05
1080,11,2.66
986,12,3.59
223,32,2.31
179,35,3.22
2848,36,1.46
2482,27,4.36
1961,0,1.68
1474,10,2.06
793,23,2.68
884,37,1.93
2540,23,3.86
1213,21,3.12
1602,39,1.87
810,31,2.99
961,15,3.53
420,14,4.17
2697,9,3.67
1188,31,3.3
1279,16,2.06
2524,30,1.74
1441,25,4.49
2218,30,3.59
1341,29,3.48
2222,33,3.45
2518,39,3.86
2393,4,3.86
2493,37,3.82
1042,1,3.3
1094,6,2.63
1362,29,2.33
2676,36,2.88
592,30,2.75
527,21,3.66
2504,39,1.56
1293,17,1.98
1655,19,2.68
811,29,2.9
188,30,3.63
1593,27,1.3
2759,29,4.14
529,29,3.54
434,36,3.02
2336,30,3.06
1942,3,3.2
2547,15,2.49
1805,10,1.72
303,1,4.31
87,16,3.84
2878,12,3.18
438,12,3.91
2589,35,3.38
1046,19,3.71
833,34,1.66
797,9,2.58
560,16,3.38
762,19,3.34
1699,5,3.3
2515,8,4.06
1125,9,3.26
2723,20,1.95
685,19,3.42
1165,6,4.6
138,8,4.19
578,18,1.51
710,12,2.28
228,24,2.02
2329,19,3.68
2732,7,2.94
828,33,2.75
431,8,3.06
1064,30,4.17
1710,33,3.57
1687,1,2.68
1235,14,3.12
302,22,3.62
1110,8,2.8
1421,1,2.1
533,35,2.74
769,13,3.55
1939,34,3.03
1405,11,3.45
444,11,3.84
260,1,2.76
1539,36,1.72
1332,13,3.25
2787,8,2.15
2844,38,2.82
70,16,3.2
1478,8,3.23
1463,20,3.01
1849,32,2.92
481,30,3.04
1168,15,4.09
2072,17,2.57
2794,38,4.14
2893,12,2.13
1199,9,3.03
2373,5,3.79
1893,8,3.73
1695,3,3.52
1884,19,3.38
1372,33,2.35
798,16,2.44
18,7,3.8
44,11,4.0
155,23,2.36
867,2,2.24
2970,5,3.53
743,7,2.16
1852,17,1.44
1426,17,2.04
225,21,3.58
217,39,3.32
31,14,2.83
1893,29,4.12
1083,16,2.32
1916,2,3.57
898,31,4.33
2983,17,2.5
445,14,2.63
1259,7,3.06
1131,21,3.62
1215,37,3.53
2016,18,2.36
2578,2,1.92
1937,18,3.18
738,1,2.19
1703,34,2.74
874,11,3.72
566,21,1.46
2019,3,2.06
1886,35,2.2
2124,34,2.92
547,16,2.58
2315,5,2.78
317,8,3.29
1860,34,2.84
25,11,2.8
160,39,3.47
2644,23,4.12
1138,8,2.97
900,20,1.74
2550,31,3.81
1190,39,2.69
703,7,1.94
1,24,1.94
1923,35,2.8
2789,6,2.07
2368,17,4.08
1425,2,2.75
382,24,2.49
1742,26,3.0
1827,2,2.43
1274,37,2.09
1549,7,2.65
1579,16,3.45
898,9,1.93
717,0,2.62
2355,19,2.45
391,4,1.51
1700,13,1.93
2346,17,1.86
233,10,2.11
1927,7,2.98
2319,33,4.16
1320,0,3.17
2725,2,2.44
706,5,3.29
234,25,2.95
1392,7,1.73
2893,15,2.88
1256,37,2.0
1897,7,3.9
2539,3,4.07
2551,9,1.86
890,35,4.17
592,21,2.26
746,37,4.01
1720,25,1.38
428,7,4.78
2745,32,3.85
2694,11,4.28
732,21,3.61
800,32,4.03
2412,5,1.81
202,21,2.62
2930,16,3.97
2194,38,2.82
836,10,2.6
2687,2,3.3
135,7,3.05
2674,25,3.24
1288,0,1.74
2112,23,2.36
2539,20,4.18
41,24,2.85
913,0,3.87
1730,27,3.79
975,27,4.63
1134,34,2.5
2416,10,1.68
1460,17,3.11
2966,13,4.47
2041,24,2.84
244,18,1.98
2950,33,1.78
166,32,2.17
1050,14,4.48
1498,29,2.48
728,35,1.93
1116,12,3.57
483,32,2.41
2591,16,2.85
2979,12,2.75
2448,18,2.05
1231,24,1.93
2667,33,2.96
2927,33,3.76
2149,8,2.93
880,14,3.7
830,27,3.79
2025,6,3.47
759,7,4.13
163,32,4.08
1197,1,3.26
2550,38,1.85
2595,22,1.86
1308,17,2.44
2429,14,3.1
2918,28,2.76
2953,32,3.02
1996,31,2.95
1935,16,2.95
1557,8,3.43
2657,13,2.65
307,6,1.9
1363,17,3.29
2103,2,2.87
333,21,1.86
2175,10,3.87
2753,24,2.56
243,31,2.74
1885,21,3.07
2648,4,3.2
1433,10,1.61
2551,4,3.58
2652,15,3.1
303,24,3.17
235,34,3.19
2187,8,3.26
195,19,2.89
1551,37,3.42
1793,35,2.86
647,33,2.3
2049,23,1.78
561,36,4.1
1120,34,2.12
713,37,1.94
413,13,1.92
538,1,2.47
1879,31,1.32
2477,4,2.23
235,24,4.15
2397,31,2.84
1780,22,3.4
1894,33,3.9
1505,14,2.94
1863,27,3.19
2444,9,2.59
1375,5,3.65
416,31,3.83
1910,14,3.59
916,39,2.29
81,4,2.46
2084,37,3.62
1091,8,2.08
2689,34,2.45
2930,39,3.35
1691,16,1.94
757,28,4.32
2671,19,2.41
468,22,2.23
1166,0,3.45
2404,1,2.32
2757,23,2.87
1495,20,3.31
1645,32,3.13
1020,7,2.94
1615,27,2.03
902,7,2.72
673,37,2.88
439,0,3.15
2579,17,1.3
127,17,3.93
2253,0,3.11
2077,24,2.32
445,33,3.23
966,5,4.59
464,17,1.81
2199,20,1.59
2288,38,2.88
2314,3,1.29
913,11,2.3
497,27,2.94
1464,8,2.65
1772,38,2.33
2733,36,3.83
158,25,3.59
172,0,3.73
494,0,2.89
970,31,4.06
1335,20,2.73
1427,17,2.21
1693,4,2.98
1794,22,2.92
2724,1,1.64
659,10,3.16
2951,34,3.15
666,33,3.26
367,18,3.2
550,37,2.88
643,12,3.39
1894,13,2.36
255,17,2.2
208,1,3.5
2498,8,2.92
95,18,2.37
1884,26,2.69
2887,17,2.99
478,31,2.05
2731,30,2.61
762,37,2.12
190,10,2.87
2759,38,3.3
1508,39,3.27
1757,34,3.37
1560,18,3.12
756,22,2.44
1447,24,4.39
836,16,3.09
1664,20,2.58
1629,27,4.63
1836,34,3.23
133,37,2.97
55,2,2.64
510,22,4.21
670,33,3.2
2458,13,3.66
1690,27,2.98
1317,13,2.52
734,34,4.43
1694,33,3.24
259,2,2.83
1146,31,3.31
299,16,3.08
561,19,3.07
1913,29,3.9
1865,25,3.71
297,11,2.23
2410,33,3.45
2637,30,2.38
1462,28,3.75
2175,18,3.69
197,21,3.2
2269,32,3.39
995,21,3.28
2139,18,2.13
2459,5,2.08
8,5,1.9
2592,3,3.45
2516,9,3.89
320,25,2.64
1418,23,1.67
2317,17,3.01
1699,36,2.43
2109,37,2.1
1462,32,2.93
1288,22,3.35
2845,9,3.75
1119,2,2.31
553,8,3.11
2974,10,2.44
661,35,3.12
716,27,3.32
2827,30,3.27
2242,27,4.28
2530,12,4.0
1459,19,3.36
855,18,2.67
2546,22,4.39
2260,30,3.58
665,33,4.18
2718,26,2.32
1898,25,3.27
1675,4,2.6
2269,4,2.48
273,6,3.32
1178,4,3.34
1273,2,2.31
279,12,2.27
816,39,2.89
276,22,2.5
1005,27,2.22
2562,10,3.04
923,17,2.16
642,4,1.54
505,33,2.53
2638,15,3.43
772,27,2.24
1265,21,1.62
2788,3,1.73
2723,25,2.35
1260,35,3.24
1014,20,3.13
128,30,1.55
2551,1,2.97
1224,10,2.81
2950,18,2.8
2591,14,1.93
1526,19,2.97
1674,14,3.18
492,34,3.17
1258,29,2.46
2762,39,2.93
2839,24,1.63
1667,31,4.12
416,13,2.16
2196,39,2.27
970,8,2.17
2077,36,3.51
1385,22,2.92
308,13,3.59
2210,32,3.76
2917,38,3.15
2900,14,4.17
61,35,2.61
2173,24,3.23
1480,2,4.55
2886,25,2.6
1931,15,3.37
2514,17,2.32
2291,23,2.2
1514,22,3.61
473,12,3.26
959,2,2.96
533,6,1.66
494,38,3.23
2947,23,1.6
82,27,4.24
2904,15,2.47
879,10,3.62
1546,19,4.13
2971,12,2.25
12,16,2.87
1287,15,3.06
449,15,2.69
762,8,4.08
26,27,3.18
1807,5,2.93
2556,0,3.56
1569,4,2.44
62,26,3.4
229,38,2.87
1839,1,3.14
607,18,3.71
1059,36,3.08
1729,2,3.81
1480,14,4.4
2939,15,2.83
1526,15,2.87
761,5,3.52
595,14,1.84
1593,16,3.91
1056,29,1.6
1855,30,3.0
2049,39,1.83
1459,13,1.69
1862,11,3.12
1160,8,2.39
1220,30,4.06
133,11,3.48
86,33,3.62
1500,4,2.53
1831,24,3.06
1204,27,1.54
2564,11,3.77
175,23,3.49
2811,37,2.63
1976,18,3.77
578,7,2.51
1799,14,3.33
2097,35,2.2
2576,10,2.25
145,2,2.28
762,17,3.34
1378,28,3.1
1826,9,2.22
929,26,2.33
794,32,1.66
1602,29,3.2
1661,0,3.17
319,1,3.98
1111,21,2.41
1577,25,3.65
698,16,2.29
847,33,3.58
1802,17,2.95
783,38,4.54
2090,5,2.04
1117,6,2.46
1751,38,3.34
2577,14,2.66
1650,20,2.91
292,27,1.84
969,20,3.72
1488,26,4.01
1843,27,3.22
97,39,2.59
1119,28,3.25
74,31,3.61
1360,35,1.62
1092,37,3.18
758,19,3.71
1942,24,3.27
208,29,3.09
1245,26,3.21
1286,31,2.34
410,5,3.33
2379,20,3.3
2392,36,2.0
771,21,3.44
1844,34,2.74
74,16,2.9
1661,37,4.35
254,34,2.83
820,12,2.27
986,37,3.1
332,27,2.91
1422,18,1.94
2795,23,1.53
836,39,3.71
1692,0,2.69
455,7,2.51
1930,38,2.24
1139,33,3.03
313,33,3.22
1018,33,1.95
228,15,4.11
2882,14,3.67
858,16,3.31
1269,18,3.5
2866,19,2.05
1018,17,2.12
2576,4,4.04
950,16,3.64
427,35,2.97
2090,35,2.48
465,0,3.75
1646,17,3.36
278,30,2.82
2884,25,2.63
19,15,3.39
66,15,2.65
167,34,2.48
1609,7,3.48
403,4,4.01
409,7,2.8
2160,18,1.18
597,26,2.54
2699,16,2.98
1063,10,1.18
2153,18,3.24
324,30,2.03
1983,29,2.85
1438,34,2.87
429,26,4.29
2683,12,3.07
2778,12,3.55
2937,21,2.46
1085,17,3.72
1636,2,1.9
1378,19,2.87
393,5,3.37
2252,25,2.5
2306,7,3.48
2534,6,3.73
1541,37,4.01
446,35,1.3
1204,2,2.25
1024,13,2.19
342,22,4.07
133,34,4.45
2491,11,2.55
1860,18,2.69
2301,13,4.37
265,26,4.27
93,14,3.13
1686,17,2.97
1435,4,4.11
2186,35,1.95
1232,7,3.06
1002,4,3.93
1661,1,2.36
1597,4,2.07
2355,21,1.81
266,26,2.52
646,28,3.19
2366,34,1.6
1137,2,3.99
2949,36,2.78
1402,1,1.2
454,12,2.81
2239,32,2.01
1915,35,2.52
1464,11,3.83
1211,7,3.04
831,23,2.7
1391,4,1.95
1113,8,2.33
2235,25,4.58
2867,0,1.99
1970,29,3.13
2180,6,2.56
872,1,4.05
635,6,3.52
1400,31,2.32
691,33,1.61
2740,21,2.57
1866,38,2.17
1058,23,1.72
1956,12,2.91
582,31,3.26
2219,22,3.61
1390,18,2.53
784,20,1.66
181,1,4.26
19,27,3.08
1250,38,3.94
2929,6,3.29
1617,10,3.23
2223,10,3.14
1246,27,1.95
1639,32,4.55
54,22,3.53
2743,5,1.92
2911,19,1.76
1427,7,3.73
2397,38,2.08
443,23,3.81
2881,13,2.67
580,18,3.06
282,11,4.01
2408,16,2.7
2963,4,3.21
823,17,1.69
2940,16,2.36
1670,0,2.53
641,24,1.83
1032,38,2.98
2017,6,3.43
563,13,2.93
2539,13,1.65
341,22,1.39
472,22,3.66
1711,24,1.66
2297,23,1.91
235,1,3.81
1107,28,2.35
1117,13,2.02
1909,18,4.89
1418,13,2.51
824,19,3.33
1292,35,3.48
632,21,4.55
529,36,3.22
1981,32,4.2
2170,20,4.59
2940,28,3.64
2058,24,4.09
1340,22,3.47
2886,12,1.93
1297,23,4.01
1330,19,1.52
1234,8,3.79
1982,19,3.74
1754,8,2.94
2801,39,3.1
2934,35,2.38
2512,32,2.39
2760,16,3.47
2776,3,3.43
2765,21,2.51
1949,2,3.61
2128,24,3.17
2528,37,3.02
902,0,4.11
891,3,3.73
1571,13,2.87
1825,1,2.79
2066,30,2.08
1189,31,3.41
1549,11,2.84
202,10,3.87
741,33,3.61
1370,29,2.82
1390,16,4.38
2001,22,2.41
1472,27,3.1
1537,17,3.93
319,30,2.17
2265,4,2.89
1058,14,2.55
1895,15,2.66
2314,17,3.94
724,2,2.58
2823,31,2.1
1701,17,2.27
413,23,3.75
1276,27,1.57
401,31,3.24
1840,36,2.84
724,27,4.36
2330,2,2.32
1136,13,3.32
2771,7,3.16
751,28,2.58
268,6,3.58
2346,17,2.02
1341,24,3.13
570,28,3.4
2557,28,3.19
1974,10,4.42
546,38,3.64
2823,25,2.8
365,3,2.88
547,13,3.52
271,19,3.23
739,14,3.87
2585,19,3.07
1258,30,3.86
59,5,3.47
1275,3,4.07
1871,16,1.44
86,2,2.63
763,29,3.83
390,19,2.9
1204,8,1.96
719,26,2.59
2904,39,3.87
149,20,3.45
583,37,3.39
121,13,2.63
2813,2,2.95
2653,29,2.11
2304,13,1.69
766,12,3.2
2912,16,1.35
800,11,1.25
2107,36,3.8
1022,2,3.9
1470,14,2.11
2436,27,2.84
1110,33,2.25
2834,2,3.15
1251,11,2.41
2641,6,4.16
1650,32,2.79
1816,6,2.29
1346,21,2.21
2957,32,2.72
1342,27,2.34
2614,38,2.48
2447,27,2.19
1733,23,2.87
899,31,2.91
2341,34,1.86
485,20,2.73
803,27,2.87
1716,37,2.16
1916,0,3.32
1758,24,3.19
1810,14,2.93
2938,24,3.09
2292,18,3.81
1444,24,3.67
1953,28,2.17
2864,36,3.45
2321,3,4.24
1671,11,1.71
1849,36,3.47
520,26,3.41
1152,18,3.48
1397,6,4.08
2616,17,4.05
2686,3,3.0
2207,32,1.99
652,20,3.74
2224,21,2.78
1951,37,2.34
2668,25,2.81
211,16,2.49
2495,1,2.19
586,8,3.93
167,13,3.54
2508,21,2.69
2964,10,3.57
1257,36,3.34
1206,28,2.49
1739,24,3.39
1053,24,2.75
714,12,4.28
2889,38,3.81
2916,2,3.01
688,14,3.71
330,17,3.05
1747,11,3.12
1208,6,2.14
2143,17,2.57
785,4,3.95
2697,33,3.61
2401,4,3.36
2978,0,4.2
941,5,3.55
1289,25,2.96
1680,23,2.01
2694,18,2.92
626,25,3.91
139,12,4.74
2764,0,4.35
762,8,1.38
1834,2,3.35
2303,30,1.7
1556,33,2.36
676,21,1.9
92,29,1.31
1093,28,2.7
37,3,2.96
1788,18,2.61
2188,23,2.28
2915,17,3.06
2728,3,3.2
1202,24,2.49
1837,14,3.44
1895,38,2.66
137,13,3.3
2238,9,4.29
1664,4,1.75
2390,13,3.45
1583,37,2.39
972,26,3.18
662,30,2.55
2291,10,2.75
1811,17,1.65
415,15,1.63
2755,37,2.42
343,6,3.16
2730,11,4.05
2701,1,2.65
146,10,2.63
323,25,2.79
2170,25,2.23
1276,22,3.28
1879,1,3.32
2359,13,2.23
601,25,4.1
475,35,2.69
2618,20,3.53
1516,38,3.65
575,20,2.84
347,34,1.82
2868,3,3.83
1511,26,3.9
382,4,4.0
1304,28,2.62
72,19,3.01
2569,5,3.89
2981,16,3.96
1118,16,3.52
1397,13,3.92
2387,15,2.68
1360,24,1.67
664,9,2.83
1516,5,2.22
1892,8,4.42
40,32,1.48
1383,32,3.05
2031,26,2.64
2622,38,3.49
1278,2,2.49
966,37,3.14
2629,38,3.83
1901,31,4.65
2218,32,2.39
701,35,2.49
511,13,3.49
1284,4,4.07
584,20,2.56
984,37,2.42
459,37,2.53
2577,35,2.15
1906,23,3.09
2389,18,3.12
2105,22,2.59
2266,30,3.14
2667,18,3.58
816,26,1.68
2779,16,2.65
2512,26,2.58
247,7,3.57
730,20,2.51
2421,19,3.3
417,11,1.68
1055,13,2.94
368,2,3.9
2607,7,1.85
108,13,3.45
2632,26,3.69
839,29,3.18
418,38,2.17
1644,12,1.44
821,9,2.47
1422,34,2.66
683,23,2.77
256,1,3.48
2828,13,3.95
838,22,2.79
2963,10,3.62
2283,19,1.67
553,6,1.97
181,26,3.54
157,3,4.07
1478,16,2.87
571,19,3.4
857,4,2.26
1785,23,3.45
1728,20,2.42
1048,8,3.11
1497,6,2.5
1424,16,2.54
2996,25,1.96
592,14,4.66
2182,28,2.13
421,32,3.08
2261,28,4.31
2948,3,4.19
2530,26,3.43
348,10,3.48
166,19,3.75
937,5,2.47
348,32,2.22
2897,13,1.93
398,18,2.14
583,12,4.32
2774,15,2.55
1601,28,2.48
308,19,3.66
2846,0,3.21
2767,9,2.64
2514,10,2.61
99,8,3.53
1266,27,3.23
158,34,3.7
2658,33,3.03
554,26,2.21
651,27,2.11
2968,3,2.67
2275,38,3.38
2471,33,3.89
2291,3,1.84
2578,36,2.5
1069,6,2.85
1496,26,4.43
2419,14,1.42
1879,4,2.85
2700,36,4.14
2737,9,2.62
734,39,3.89
1951,3,2.49
92,2,3.27
2220,23,2.7
1628,39,1.47
1216,14,4.83
1101,11,2.98
1305,5,1.39
1388,38,4.3
179,15,3.82
2286,10,2.88
2925,18,3.28
2950,26,4.03
280,17,2.25
1043,3,2.68
1619,20,2.59
2788,17,2.38
371,32,1.99
1801,37,3.07
2918,17,3.32
1704,15,3.14
2269,6,3.68
2968,18,2.29
304,17,3.15
1349,19,3.49
1461,22,3.01
2486,38,2.11
1194,35,3.87
2423,27,3.85
2429,5,3.96
2062,21,3.46
2791,39,1.8
669,20,3.15
500,2,2.45
1415,27,2.6
1573,30,2.89
2613,2,2.55
530,32,2.38
2007,18,3.11
2540,23,1.57
1220,19,1.99
755,39,3.67
2348,22,1.73
815,8,2.79
2595,3,3.1
727,22,2.93
731,2,3.99
828,20,2.43
2650,32,1.67
1332,4,3.33
2047,17,4.13
2816,36,2.29
875,33,3.25
2985,12,1.52
2179,32,2.19
2004,1,3.54
1678,39,3.44
608,14,3.84
2074,1,1.53
1478,0,3.48
635,13,2.96
1210,13,2.18
484,21,1.41
2728,35,3.13
1075,1,3.59
1915,11,2.44
2053,13,1.8
589,35,4.56
2256,19,2.75
2305,30,4.1
1229,33,3.77
1974,1,3.33
2059,5,3.35
949,38,2.03
2056,7,3.34
2984,23,3.05
2080,0,4.38
2008,9,2.8
2588,33,3.25
1742,39,3.17
387,39,3.42
1252,16,2.88
2688,30,3.44
1791,8,1.94
1499,27,1.99
207,16,3.27
1819,16,1.33
1781,26,3.16
2605,33,1.92
2396,2,3.58
793,32,3.83
2282,5,3.08
1725,15,3.81
1006,21,3.09
2785,16,2.12
942,29,2.4
1166,3,2.96
2224,15,1.73
1678,14,4.05
449,5,4.25
592,3,1.88
82,13,2.25
2183,15,3.51
2904,39,2.9
1407,7,2.25
1481,0,3.82
2488,28,2.71
1080,19,4.39
2745,27,1.74
419,39,3.78
88,38,3.8
2704,39,2.71
215,19,3.3
1759,22,3.55
2600,0,3.02
1521,12,3.01
1718,21,2.1
2551,10,3.66
2747,19,3.13
2293,17,4.09
1502,8,3.78
309,3,2.8
231,25,4.04
155,9,3.98
1199,8,2.8
2896,15,3.15
115,10,2.86
1414,27,2.52
311,1,3.46
993,1,3.03
2348,27,2.93
1042,36,3.76
2832,15,3.32
12,31,3.38
1428,1,2.98
2280,16,1.73
2014,5,2.93
730,5,2.53
1302,24,2.2
1377,27,4.45
2037,5,2.32
2351,9,1.8
541,38,2.37
2518,11,2.87
2861,4,2.8
77,1,3.83
24,6,3.26
1039,26,2.6
676,32,2.04
2573,0,3.99
2395,29,3.99
172,9,2.67
1893,29,2.66
2760,37,2.33
489,36,2.43
1486,9,2.98
2426,22,3.64
2420,35,3.37
757,22,2.76
2525,10,2.73
2430,30,3.66
155,19,4.0
257,34,3.66
1780,18,2.87
674,15,4.12
2116,1,3.66
2392,15,3.23
673,31,3.19
2439,9,1.77
1473,24,2.66
259,0,4.18
307,24,2.6
1119,26,3.02
2998,27,4.67
246,5,2.65
2781,3,3.17
1659,11,3.29
187,28,4.14
1798,7,4.39
925,7,3.32
785,13,2.09
1596,21,2.33
2456,25,2.63
1361,38,2.94
341,17,3.62
563,30,2.39
651,35,3.35
3000,10,1.76
1194,29,4.36
69,22,2.96
1584,13,2.25
2429,37,3.64
2105,23,2.29
1301,25,1.65
2898,19,1.84
1123,15,2.69
916,20,2.57
2373,29,2.99
461,33,4.05
2227,3,3.06
844,16,3.29
574,21,3.33
119,27,1.92
2597,33,3.23
646,34,2.67
1479,18,3.16
2074,11,3.69
1514,16,1.68
2032,25,2.99
1032,22,1.51
969,37,2.22
2011,35,2.85
1540,11,2.95
2581,0,2.78
2197,32,3.34
1512,37,1.86
1049,21,1.64
655,23,1.75
1955,4,4.23
2993,5,4.07
555,35,3.23
425,19,2.74
293,9,2.22
1209,10,2.75
2602,7,1.91
431,32,3.49
2652,32,3.61
317,1,4.13
398,19,4.41
1348,26,3.61
1589,4,3.57
596,20,1.89
2594,20,1.95
2124,39,3.34
2913,8,3.09
1944,28,3.49
916,8,3.76
2757,7,3.43
2534,29,3.84
2795,22,3.65
1256,39,3.46
2598,9,2.48
976,34,3.75
1076,17,2.28
2990,26,3.93
2967,39,4.08
1245,28,1.93
1452,28,2.26
1167,38,3.08
2029,11,2.7
363,31,3.34
2430,28,2.77
2319,31,4.42
2346,27,1.74
234,21,4.08
2623,11,2.5
1732,15,3.28
27,29,3.55
1495,34,2.38
93,3,4.06
2665,34,2.5
309,11,3.15
52,1,3.82
319,23,4.03
1993,6,2.61
181,21,3.34
1593,34,1.88
2923,20,3.65
647,34,3.04
1962,0,2.0
1284,17,4.6
2245,11,3.13
2693,38,3.79
2303,34,3.2
2025,20,3.4
2780,17,2.63
336,0,3.26
1577,14,2.64
1526,33,3.53
990,36,2.73
2948,8,4.17
1279,28,3.35
514,24,3.68
2030,19,2.78
242,30,1.97
2197,7,3.07
1734,32,3.57
2805,0,3.21
2668,6,1.76
2501,29,3.46
2260,32,1.83
668,25,3.46
594,2,2.65
2179,21,3.45
2660,14,2.55
256,20,4.17
1503,10,4.17
561,18,3.23
2111,20,2.93
1335,27,3.58
407,16,3.51
2850,36,4.57
1861,29,3.28
2063,8,3.05
1711,27,3.0
259,38,3.04
723,1,2.66
1283,27,2.66
614,19,3.91
1695,35,3.34
1979,9,2.59
813,13,4.53
1787,11,3.96
331,22,4.85
2213,32,3.22
1217,23,3.29
1545,10,3.63
1398,3,3.03
387,8,2.0
1519,22,2.18
1818,27,2.41
1818,15,3.33
1815,11,2.02
2376,37,3.49
1516,28,1.95
1241,19,2.67
320,36,2.4
399,0,4.29
1915,7,3.21
105,35,1.58
696,5,2.55
330,7,2.18
660,1,2.39
2647,18,1.72
821,32,2.98
1973,9,2.6
2689,21,2.65
1794,35,2.44
2362,14,3.05
462,3,2.3
1608,33,1.21
2534,15,3.08
1676,31,3.71
2458,7,3.59
2075,31,4.22
271,7,2.92
2734,35,3.96
2549,0,3.93
385,35,2.88
60,30,2.03
1131,0,2.36
220,36,3.64
1465,4,3.49
2819,21,2.64
1907,37,2.54
2612,39,3.17
1596,14,2.83
2594,39,2.74
96,38,2.16
989,32,2.87
1113,23,3.59
2876,2,2.46
1946,2,4.77
2279,20,1.91
968,30,3.53
2323,34,3.15
246,29,1.6
2159,4,4.19
234,1,2.49
2465,1,1.76
2726,8,2.51
1152,30,2.61
1261,29,2.8
803,35,3.38
2667,11,2.42
2755,2,3.29
2899,14,3.65
1418,24,2.23
2523,32,3.97
655,18,3.49
2443,3,2.51
111,17,2.26
90,23,3.83
763,3,2.05
1304,10,1.52
1357,32,2.09
2180,5,2.85
1037,13,3.5
2505,28,2.45
1465,4,3.97
98,20,3.95
1144,11,1.6
293,17,3.62
1840,10,3.45
1735,38,2.52
1025,38,1.92
2620,10,1.65
2298,2,2.46
652,32,3.88
2197,30,3.39
2092,35,3.01
1907,3,3.03
1722,36,3.08
1068,31,3.39
2210,8,2.23
1817,30,1.27
253,28,2.87
132,12,2.02
1908,13,2.59
1911,39,3.65
2522,35,2.99
1680,29,2.89
1133,8,2.96
2754,7,3.13
1059,1,2.99
1926,36,3.66
2323,22,3.54
187,36,2.81
949,25,3.37
2291,1,2.37
264,1,3.13
1998,39,1.26
522,6,3.63
1565,37,3.66
783,37,3.23
535,35,2.73
210,19,2.64
2094,37,2.51
1564,16,1.6
26,8,2.08
175,29,2.88
1540,34,2.02
1335,23,1.45
322,16,2.86
1603,21,3.7
1159,7,2.43
55,23,4.17
1567,10,3.84
1610,16,1.44
1873,37,3.85
2716,32,3.26
2195,29,1.93
1509,21,2.94
2647,24,4.07
2068,1,3.32
333,16,4.35
1579,4,2.57
907,18,3.05
2992,36,1.96
911,0,2.64
401,3,3.73
950,2,2.55
1330,22,1.95
2076,9,3.89
2515,33,2.6
1911,25,2.73
101,4,4.05
551,22,2.74
2850,16,3.64
2401,15,2.75
1706,12,1.33
2344,0,3.11
353,16,2.44
2956,34,3.53
1019,31,3.81
1180,39,2.43
1098,7,1.44
2503,19,3.92
2760,24,3.19
980,20,1.56
1356,26,3.26
739,31,2.81
977,7,2.99
1372,39,3.26
2281,38,3.15
1802,5,3.33
2150,39,2.35
953,33,2.95
481,30,2.35
1238,22,4.04
108,28,1.87
973,35,2.77
1627,12,2.48
704,14,2.62
2383,10,2.09
2134,35,4.05
2782,17,3.83
875,1,3.25
1448,9,2.42
2412,29,4.41
2108,21,2.97
1274,16,1.71
560,38,3.03
117,23,2.49
874,0,1.44
2963,37,2.83
968,12,2.56
1569,14,2.53
44,29,2.54
509,0,2.2
2012,20,3.26
1189,23,3.0
1316,30,2.13
849,15,3.81
1880,36,1.74
917,1,3.31
2946,28,3.39
799,0,3.82
876,11,3.97
1761,22,2.38
2334,26,1.74
2732,9,3.59
819,4,2.72
2169,22,3.41
945,36,2.55
907,22,3.88
13,20,3.57
603,27,3.82
200,38,2.16
2634,15,2.34
1792,23,2.67
448,14,1.9
1812,24,4.2
841,20,2.77
590,12,2.23
1154,1,3.09
2937,2,2.42
2091,7,4.23
520,29,3.6
1037,3,3.41
725,3,2.93
2671,30,2.87
988,2,4.07
803,1,2.05
2583,18,2.74
2350,5,2.44
527,6,3.65
1666,18,2.69
1139,39,3.71
460,13,2.34
2880,5,3.07
2553,8,3.49
932,32,3.21
1987,33,2.75
325,9,3.48
579,22,2.33
2809,6,1.54
2899,0,1.43
1538,8,3.1
2550,10,2.69
2001,33,2.2
2382,1,3.52
2332,33,3.03
475,31,3.38
1078,28,3.61
1482,9,3.68
1603,13,2.62
1444,4,2.3
632,34,2.54
703,0,2.8
2457,26,2.36
982,1,2.07
1328,14,3.15
1959,10,3.18
559,35,1.97
222,28,3.3
1557,17,4.75
2206,7,3.09
348,36,2.17
1183,5,2.46
889,5,2.95
922,14,2.71
1259,22,3.27
2710,13,1.91
405,20,2.51
1281,36,2.03
677,5,2.46
589,3,3.41
1621,10,3.11
2606,10,4.36
2953,35,2.93
2527,1,2.0
2535,0,3.59
1595,39,2.95
566,31,3.55
2572,37,3.73
704,28,3.41
2869,19,3.07
858,1,3.14
1285,8,2.49
585,36,3.43
2734,2,2.86
232,36,3.98
2318,18,2.59
2988,30,3.13
2922,24,3.68
1246,25,3.03
52,18,2.82
2164,0,2.12
538,14,4.45
541,28,3.47
1043,19,1.48
815,9,3.98
1416,9,2.84
2839,34,2.57
1653,17,3.56
2666,4,2.98
419,4,3.09
2357,16,2.56
864,5,3.1
186,3,4.07
261,19,3.82
1552,37,2.93
1297,27,2.98
2208,35,3.68
2918,36,4.14
762,4,3.05
224,39,3.81
1280,2,2.94
180,34,3.01
2068,3,2.48
1648,14,3.48
632,21,1.93
1537,12,2.94
2106,6,1.81
2771,2,3.98
1964,7,2.37
615,30,2.15
562,34,2.95
2422,20,2.18
622,26,2.95
2136,8,3.44
1014,2,4.45
2062,39,3.09
2181,6,3.28
1961,32,2.22
1058,8,3.4
2940,29,2.82
592,9,3.61
583,24,3.62
1614,11,2.41
1102,36,2.35
289,19,2.8
1569,31,2.96
2927,31,4.11
1444,34,3.04
7,24,3.59
1184,18,3.16
240,5,2.8
1987,6,3.03
1447,23,2.11
2584,5,2.67
1750,30,3.28
2118,17,3.18
1904,2,3.07
2264,6,3.29
1078,38,3.03
2854,13,2.27
2378,2,3.65
848,1,2.62
1312,11,3.33
2093,20,2.96
2877,7,1.91
2246,8,2.73
1240,17,2.25
1505,0,1.46
1333,27,4.3
2944,3,2.13
2380,29,1.78
696,27,3.28
27,16,1.89
2366,36,3.38
2413,36,2.88
960,16,2.5
1527,38,3.18
1869,10,3.4
373,25,3.56
1950,4,3.84
245,8,2.42
1841,6,2.94
1677,0,3.74
2526,18,2.13
125,28,1.47
537,30,2.97
2754,16,1.82
1920,8,2.0
1636,0,1.92
1426,34,1.49
1541,35,2.33
531,11,3.9
2834,17,3.37
254,26,1.74
2169,21,2.48
661,28,1.66
1802,30,3.91
1061,22,4.56
1366,19,3.93
1037,32,2.81
1207,21,3.98
2136,16,3.7
2094,19,3.01
1143,8,2.54
2981,22,2.53
1555,30,2.55
1756,33,3.35
1966,11,2.52
745,17,3.35
1630,34,2.46
967,14,3.64
763,16,3.23
2810,11,2.9
794,22,3.06
744,34,1.94
1070,24,3.3
1532,28,1.6
558,20,2.73
1995,11,1.97
526,26,3.69
2645,15,4.46
840,35,4.04
3,12,1.75
1052,22,2.81
1405,24,2.15
157,18,2.35
2903,0,2.8
1938,0,3.91
1955,15,2.11
511,16,2.98
687,34,3.62
1138,9,3.74
1413,6,1.69
1511,4,3.19
571,39,2.86
715,34,3.92
1339,8,3.6
2287,33,2.27
2351,5,2.56
2655,13,3.15
991,10,3.34
334,37,2.33
2161,6,2.98
1645,3,2.51
362,12,1.58
1881,11,2.88
2849,39,2.49
2145,24,2.08
1982,31,3.92
2064,20,2.24
2604,12,3.69
1978,12,4.12
376,8,4.21
742,27,3.88
390,30,2.93
2668,15,2.47
1241,39,3.01
824,28,2.66
2368,36,1.78
2244,12,2.55
418,13,4.25
607,10,3.28
568,18,2.39
544,6,4.17
2279,38,2.3
884,16,4.67
2569,21,2.25
703,38,3.31
1224,33,3.19
2894,37,3.45
2721,15,4.34
1623,3,2.89
2069,38,2.71
2636,23,2.87
2946,22,2.75
1787,26,1.88
1620,29,3.03
1458,9,4.17
2419,15,3.47
1584,14,2.62
1915,16,3.42
78,10,1.93
1309,24,2.71
648,31,3.52
2188,19,2.39
553,28,2.63
998,22,3.28
282,0,4.46
1282,26,3.4
1847,4,2.2
1384,24,2.85
2488,32,3.06
2318,19,4.46
1158,1,2.12
2794,19,2.98
104,11,3.16
766,0,3.19
2143,21,3.39
2777,18,3.46
1597,22,3.17
480,5,4.24
2828,31,4.01
2061,4,4.4
1964,12,3.11
2649,35,3.26
2143,2,3.82
2341,9,3.77
2073,20,4.09
1296,37,2.09
1529,18,3.5
1190,29,3.74
939,36,4.21
762,9,3.13
654,21,3.21
1670,31,3.83
2686,27,3.03
2539,0,2.21
1932,31,3.72
1127,13,2.7
1926,36,3.39
575,31,3.22
2342,4,4.51
2944,16,3.69
1330,23,2.15
1278,16,3.13
1204,22,2.4
40,12,2.23
2824,18,2.06
520,28,3.13
1640,21,3.54
2594,8,2.94
2284,18,2.79
463,24,4.02
1252,13,2.85
1849,14,3.04
483,26,3.81
2478,31,2.33
343,4,3.58
1197,21,2.07
1463,23,3.9
1203,16,4.27
1622,12,3.0
2181,9,3.39
2399,33,1.98
2554,38,1.99
2132,27,3.2
993,7,3.45
2878,14,2.81
2909,22,3.32
2391,5,2.52
2914,15,3.2
1190,37,3.44
2341,26,3.06
1604,24,2.03
1194,14,2.82
598,20,1.84
645,17,3.85
448,33,2.4
2738,19,3.75
2903,19,2.57
2550,11,2.66
764,26,3.93
735,23,2.88
1643,23,3.34
2298,20,3.61
601,16,2.53
2173,33,2.83
2161,25,2.3
981,15,2.96
1783,37,2.46
2198,12,2.61
2923,0,3.28
2391,38,2.94
580,2,2.58
783,16,2.54
2369,30,3.53
2870,14,3.42
532,27,3.1
1513,14,1.75
2540,30,3.45
612,0,2.42
2300,19,2.83
2006,22,3.45
1101,1,2.61
1671,31,3.54
1416,2,2.35
1436,32,2.28
2221,13,4.09
875,21,2.8
2249,11,2.04
217,19,1.76
376,16,2.85
1610,14,4.06
11,3,2.85
2940,16,3.53
1614,1,4.17
2483,16,2.27
818,13,2.93
1297,30,3.22
2979,23,3.31
691,30,2.9
1600,34,3.68
1533,34,2.1
1156,36,2.17
2903,20,3.09
1948,19,1.89
784,30,2.58
2367,26,3.16
2892,7,3.34
1973,33,3.18
1877,26,3.24
2669,18,1.61
785,25,2.65
397,33,3.69
1082,14,1.53
1504,24,3.37
2034,39,3.81
1615,3,4.33
460,34,1.86
2109,22,2.95
2417,7,1.99
2767,37,4.32
546,6,3.56
2544,30,4.06
497,7,2.89
505,8,4.37
1093,33,3.67
2209,25,3.78
1638,17,4.21
718,35,4.25
1593,34,2.4
1409,25,2.35
269,33,3.06
1947,12,3.35
1478,39,3.6
2747,15,4.14
1542,29,4.07
865,27,3.43
2398,0,4.15
110,10,2.96
2455,22,1.62
650,28,2.84
2099,8,4.12
1500,6,3.95
1111,12,4.23
596,30,2.71
979,18,2.62
731,35,2.77
57,13,3.96
2786,21,3.41
2244,22,3.32
1784,31,1.54
1702,37,2.82
1287,30,3.42
112,12,2.97
2813,34,3.79
711,20,3.89
1202,34,1.8
948,23,3.12
26,19,3.22
2458,17,2.26
758,8,2.27
2579,6,2.6
1801,36,2.91
1556,10,2.04
2797,16,2.7
1842,23,3.6
2294,2,2.94
1105,7,3.73
662,12,2.38
909,32,1.34
2444,29,3.17
522,23,3.2
1857,27,2.48
1760,19,3.05
2974,37,3.68
2312,1,2.5
790,4,2.88
1298,11,3.33
1730,26,3.58
172,8,2.24
265,9,3.27
1987,7,2.36
1050,11,4.06
1493,30,2.41
1886,36,3.29
476,31,3.04
2404,26,1.71
1050,14,2.88
34,17,2.07
2312,33,2.69
1162,30,2.93
816,1,3.6
2923,4,3.75
754,39,2.57
566,39,1.79
462,32,2.94
1655,15,3.09
2703,17,2.09
81,28,4.06
2805,7,3.74
1938,33,2.03
870,7,2.21
1431,0,3.71
1070,12,2.62
599,19,3.01
1635,1,3.77
807,21,2.61
1935,8,2.99
1077,8,3.73
704,22,2.38
2524,26,4.33
2640,26,3.27
2064,19,1.13
487,15,3.55
706,10,3.63
1526,8,3.14
1165,32,2.74
620,6,2.68
777,7,3.0
447,6,2.89
2338,15,3.85
209,3,1.91
1499,25,1.86
2461,10,3.17
2725,0,3.3
1451,20,3.98
1878,33,3.03
2712,5,3.31
2338,33,3.03
1292,28,3.72
2199,2,1.77
1743,37,3.2
1279,25,2.73
1401,33,2.69
1677,15,2.77
855,13,2.64
1382,6,2.62
2656,22,3.04
2418,8,1.93
705,21,3.96
826,27,3.55
1005,24,2.45
377,12,2.87
973,15,3.8
118,30,1.67
444,3,4.13
755,32,2.65
640,25,2.92
2172,1,3.17
2706,36,3.51
1301,5,2.76
2870,12,3.16
2712,2,3.28
2408,14,3.28
623,15,2.0
1493,33,3.77
2009,27,3.49
1652,32,3.43
1724,12,3.5
1920,27,1.53
919,22,1.92
1174,0,2.3
2500,35,2.66
1186,37,3.32
120,32,1.94
582,20,2.88
1948,8,2.8
2147,1,3.16
1191,30,2.8
1687,16,2.49
2000,13,2.59
2562,9,2.48
2712,39,3.26
401,3,4.14
2413,32,3.66
1350,4,3.11
2629,10,3.35
1657,37,3.86
621,34,1.74
2876,8,2.7
247,38,3.16
2482,0,3.66
1117,28,4.61
2663,3,2.03
2991,11,2.91
624,33,2.47
2369,12,3.38
1840,20,2.42
2904,0,3.44
2110,26,3.96
300,12,2.55
403,20,2.16
1672,11,2.26
253,3,2.17
1758,27,3.17
2526,26,2.62
1393,13,3.5
1965,13,2.96
160,32,3.93
205,17,3.93
1162,14,3.47
1392,34,4.31
858,2,1.53
760,9,3.33
1591,31,3.5
2769,25,2.86
2116,22,3.87
133,36,2.74
1724,16,2.71
2967,31,2.91
430,7,2.63
2356,26,1.65
2698,8,2.89
1198,21,2.65
2460,22,3.95
97,2,2.12
1707,24,2.35
1178,3,3.32
1719,34,2.81
1266,29,4.03
1328,37,2.23
1309,32,3.61
1051,11,3.49
1384,4,2.23
2250,20,3.89
2810,28,1.94
2922,30,2.84
581,16,3.2
2418,26,2.25
533,25,3.07
1176,30,3.19
1126,27,3.93
899,31,2.74
2655,15,2.13
1470,25,2.99
2921,23,2.9
1253,5,4.42
770,34,2.93
834,33,1.92
1905,31,3.06
2986,19,3.25
2284,27,3.17
2210,25,2.17
554,27,3.85
2836,31,1.63
1092,20,2.53
1197,3,3.49
1661,11,2.97
559,37,3.11
261,30,3.04
2265,14,2.53
1841,15,2.69
1148,10,2.78
805,3,2.55
1186,13,1.67
2249,15,3.92
2450,39,3.29
275,21,3.1
206,27,3.0
1724,5,3.39
867,19,2.51
93,0,3.72
1066,9,2.51
2427,0,1.42
1352,3,2.66
2113,17,2.88
365,27,2.38
821,21,3.39
1508,23,2.87
2030,34,3.58
1925,18,2.44
2588,30,1.83
1086,23,1.86
2539,30,3.45
1297,4,2.43
2277,38,3.29
1044,10,2.32
3,24,3.37
1754,2,1.94
911,27,3.19
307,15,3.32
2480,17,3.03
136,15,2.82
1933,3,2.18
2563,5,2.88
2241,26,3.14
1609,30,3.26
1439,25,4.66
873,16,3.8
1142,6,2.26
666,29,2.6
209,0,3.2
952,33,3.8
1058,19,2.07
649,35,4.03
1342,37,1.92
2168,36,1.99
627,32,2.91
525,23,2.41
1605,27,3.02
1869,19,4.25
769,13,4.48
2560,6,2.11
2095,36,3.83
772,14,3.96
740,20,2.97
522,26,3.59
1401,11,1.86
2182,26,2.93
248,27,4.23
1342,22,2.76
2484,29,3.23
1859,3,3.43
686,19,2.89
586,7,2.77
2399,28,1.94
143,25,3.37
967,22,3.13
2852,26,3.28
718,1,3.2
643,6,2.44
2549,18,3.97
370,11,3.39
1110,0,1.74
787,35,2.49
2787,3,2.36
1484,30,3.18
950,33,3.43
1349,11,2.58
522,18,4.04
2537,37,2.73
1953,23,1.89
2445,22,4.19
2944,33,2.53
355,25,4.12
947,35,2.04
2336,23,2.83
1483,39,4.0
1648,13,2.77
536,7,1.68
1315,16,3.45
2899,35,1.71
2886,17,3.46
2216,4,1.26
950,5,2.48
621,0,2.7
428,24,2.3
1726,7,2.56
2538,39,2.53
2403,31,3.72
2244,31,3.28
545,32,4.08
2765,28,4.09
824,6,3.31
2980,4,3.39
1003,7,2.23
659,0,2.73
2987,28,2.07
2828,12,3.32
2059,32,2.12
2444,34,2.06
731,12,3.17
1833,30,2.93
409,23,1.72
2410,22,3.0
84,13,2.87
2204,22,4.03
707,20,3.76
1962,0,4.03
2520,30,2.45
2667,7,3.14
1448,17,2.91
134,25,2.06
788,15,3.33
2955,31,3.26
864,17,3.4
667,14,3.03
277,2,2.66
1776,21,1.93
882,1,2.94
2061,18,2.73
2390,39,3.33
2083,1,3.76
2607,37,3.43
1238,14,1.24
2453,4,4.23
2706,28,2.06
159,38,3.53
1134,4,4.26
2597,1,2.43
1852,36,3.57
279,30,1.95
2527,25,2.53
111,22,3.47
2479,5,1.56
542,33,3.07
1139,26,3.41
360,13,4.39
2420,0,2.72
1239,28,1.67
1757,3,2.09
955,20,1.3
2307,3,4.38
2826,25,4.66
2168,35,2.55
976,36,2.11
913,28,3.88
1152,36,3.8
723,29,2.73
2571,17,3.27
1712,17,3.63
325,36,3.07
1530,25,3.27
1550,20,3.56
1074,28,2.79
1946,39,2.58
1608,8,3.48
2117,7,2.58
391,8,2.76
2431,10,2.18
16,22,2.05
846,12,4.37
869,25,3.75
568,5,3.21
2180,27,3.42
2020,8,2.21
2321,34,4.57
1647,21,2.27
2532,1,3.37
2598,28,3.28
357,4,3.08
1657,17,1.99
2281,3,3.14
36,9,2.38
2461,33,4.07
1028,29,2.76
2092,17,3.48
2616,1,2.71
2788,25,3.5
114,25,3.5
1773,34,2.92
2445,34,1.77
1198,15,3.49
1279,25,3.57
466,4,3.21
1488,11,3.48
847,24,3.46
502,23,3.2
441,30,3.6
2117,4,2.93
326,39,2.77
1766,4,3.22
67,39,4.07
304,31,2.6
972,10,4.5
484,7,2.52
929,31,1.8
1441,1,2.83
149,28,2.94
2632,38,2.09
2296,10,2.38
1125,1,3.36
2750,16,1.55
96,29,3.52
282,18,2.67
2370,4,2.84
529,11,3.64
2311,9,4.01
1643,11,3.16
580,23,3.9
1664,19,3.1
2342,3,2.41
1632,13,2.52
2443,31,2.98
2561,29,2.03
2969,19,2.98
810,39,2.34
2968,18,1.96
693,24,3.83
235,18,2.28
952,4,2.44
1855,8,1.93
1361,32,2.5
1032,16,2.56
1467,2,2.86
1965,7,2.77
539,8,4.3
820,17,2.27
1682,21,3.92
272,21,3.54
1029,35,2.26
1923,39,4.12
1243,23,2.53
1142,16,3.4
593,22,3.78
1606,38,2.69
115,37,2.95
2311,34,2.99
1678,29,2.03
1446,39,2.15
207,32,3.61
2351,7,3.39
112,3,4.19
1441,11,3.06
1883,18,2.67
185,18,3.82
1765,13,4.19
901,34,4.47
221,12,2.73
1468,36,2.53
1094,29,3.61
2946,33,3.12
2670,7,2.32
2475,6,3.82
2692,19,3.75
2616,9,3.45
2013,14,3.92
2491,11,2.9
601,5,2.44
1161,33,1.7
504,22,3.51
2179,34,2.04
218,18,2.06
2736,21,2.94
2219,24,2.89
1499,28,3.16
612,6,3.45
1153,18,2.67
57,25,3.62
1205,31,3.61
246,31,2.79
144,19,2.86
368,13,2.83
1483,27,3.23
2266,1,2.55
616,16,4.01
1882,2,1.95
1589,5,2.0
2490,31,4.26
2889,2,2.83
699,3,2.09
876,31,2.06
1686,34,2.01
2824,15,3.64
2810,28,4.21
945,21,2.68
923,4,2.52
2983,1,3.38
1747,28,4.21
25,39,2.25
2854,37,1.57
1688,12,3.7
1560,32,4.18
2812,5,4.16
1084,5,3.46
434,36,2.96
2927,17,3.05
1090,2,2.3
2958,4,2.21
2613,31,2.32
1952,32,3.58
2154,27,3.58
96,32,3.33
168,7,2.31
2090,33,3.97
1903,15,3.07
2152,9,2.22
1869,6,3.84
2568,14,2.32
1999,2,3.06
2330,18,3.7
2995,16,2.71
1134,35,4.28
2011,29,3.62
749,36,2.86
1892,33,2.79
831,39,3.37
49,15,2.77
115,30,3.18
1179,2,1.6
1673,5,2.77
2551,18,2.18
71,2,1.53
1360,18,3.66
67,23,2.13
1517,38,3.06
1674,16,3.04
1778,21,3.31
967,28,3.83
2229,33,2.34
1790,10,2.83
613,35,2.08
1887,22,2.08
1623,17,3.73
697,0,2.25
2651,39,3.17
2296,23,2.86
1238,3,2.82
2407,23,3.9
249,2,4.3
638,13,4.51
950,15,2.74
1905,4,2.48
1112,27,2.41
2711,26,2.0
176,13,3.31
723,16,3.29
2474,10,2.1
771,10,4.19
1948,2,2.73
703,10,2.01
2129,34,4.35
927,29,2.29
138,9,2.47
2518,14,3.52
2398,27,3.85
1150,23,3.48
1941,35,3.91
1892,19,2.58
1879,27,1.49
1254,18,3.21
1484,19,2.86
1369,6,4.59
310,13,2.19
1044,18,4.06
1671,10,2.75
1565,9,1.88
1584,28,3.56
1501,2,3.75
2317,39,3.09
770,2,2.99
16,30,2.25
606,11,3.04
1382,13,1.9
813,6,2.7
1991,0,2.71
2530,20,1.88
895,6,1.98
1568,31,2.25
2317,34,1.45
414,31,2.06
25,2,2.67
2005,24,3.46
316,26,3.6
571,30,2.77
725,29,3.85
1850,15,3.13
1300,1,4.76
1954,34,3.89
389,23,2.14
2770,6,3.46
444,29,4.35
2745,18,2.43
971,36,4.25
2769,8,3.9
2416,21,3.15
1965,4,3.1
2390,34,3.15
1829,30,2.32
304,14,4.09
764,9,3.56
1974,11,1.54
816,23,2.47
2160,11,4.04
878,1,4.32
2978,2,2.64
703,34,2.83
2894,39,3.63
944,39,2.14
2327,23,1.64
2430,39,4.3
2061,32,3.02
303,33,3.17
1580,19,2.24
160,28,2.12
2202,1,2.53
2802,22,1.55
2229,17,2.11
1204,12,4.01
2425,24,3.11
2824,35,3.08
1192,5,2.2
1174,18,4.01
2064,24,3.4
1115,6,4.31
1144,38,3.09
1980,26,4.28
253,7,3.44
1433,9,2.55
2079,10,1.98
731,30,3.61
2337,7,1.59
498,25,3.5
1429,34,3.29
548,2,2.66
961,31,3.36
132,34,3.81
1348,17,4.15
858,20,3.6
1156,31,1.97
2033,8,2.62
521,21,3.76
30,2,2.37
2675,6,3.05
2052,22,2.92
509,32,2.97
1261,8,2.43
1559,7,1.74
16,32,2.12
997,4,3.24
1608,4,2.03
1840,2,3.36
2017,8,2.49
1254,7,3.2
1744,39,2.77
2311,31,2.94
1089,17,3.26
2313,4,3.19
1362,20,2.87
378,23,2.87
1199,35,3.57
476,7,4.55
1290,29,4.3
329,39,2.11
1840,3,3.69
1187,36,3.29
438,36,2.25
1391,39,3.29
1774,27,3.32
1223,20,2.23
1524,35,3.09
2064,12,2.5
1845,16,3.27
1320,33,2.56
868,20,3.32
2559,17,3.2
1812,34,4.12
984,33,1.76
1263,14,3.22
2629,15,3.93
1325,5,3.17
2054,3,2.93
1019,3,2.72
1790,10,1.93
807,9,3.04
1894,23,4.13
1410,33,2.74
2667,18,3.57
1319,8,2.38
1142,22,3.19
405,19,2.92
1787,4,3.08
594,19,2.11
2614,30,3.59
2800,38,3.61
12,31,3.08
2213,20,4.03
2926,24,3.01
1318,10,3.04
1543,12,3.66
2126,32,3.35
614,17,2.8
1987,24,3.13
869,27,3.11
812,20,3.73
1823,24,3.6
767,31,3.88
82,0,4.92
1745,38,2.64
2257,37,4.05
522,2,1.99
1328,14,2.21
994,34,2.3
2513,24,2.94
1526,28,3.9
1470,33,3.82
2676,4,2.02
1514,12,2.13
781,19,1.9
1452,35,3.24
559,20,3.21
2139,26,3.64
2038,14,4.42
1754,28,3.35
860,2,2.3
1613,38,4.21
556,7,2.24
156,26,2.56
2050,1,2.38
1381,35,3.24
825,7,3.52
1593,27,2.1
2850,20,3.87
1082,6,2.55
1204,7,3.27
493,32,2.8
669,29,2.27
75,23,3.57
2992,25,1.39
371,2,4.04
587,10,2.03
329,29,3.95
590,22,3.5
1791,3,1.56
777,16,3.48
2023,31,2.96
2352,28,2.66
579,7,2.6
221,22,1.91
1188,17,2.23
1504,27,3.14
2423,27,2.94
1708,8,2.87
1746,27,3.61
188,34,2.92
1215,20,2.67
1110,9,3.26
2522,1,4.28
844,8,1.22
531,23,2.92
1071,10,4.18
963,36,2.54
2523,29,1.89
1170,6,1.39
2994,9,3.2
1406,11,3.15
517,38,3.89
1889,11,3.4
2474,32,3.79
1492,38,2.17
1118,1,2.74
133,37,3.44
314,9,1.89
591,32,3.39
1544,19,3.71
2207,19,3.33
2709,13,2.51
1886,9,2.45
1627,13,2.11
748,12,3.83
1498,9,2.38
801,26,3.12
2458,19,2.86
1498,17,3.22
1380,36,3.32
680,17,3.89
2162,1,4.38
897,18,2.95
1547,32,2.76
1794,17,3.45
2113,23,2.59
684,3,1.4
1296,26,2.79
1686,19,1.83
1386,34,4.37
2194,13,3.07
943,4,3.56
1310,12,2.16
1034,33,3.37
2787,24,3.02
2234,18,1.59
1621,33,3.4
2883,10,3.71
809,33,2.62
171,18,2.21
2261,23,2.6
1554,13,2.19
1596,29,1.6
1624,15,2.75
27,2,3.04
1014,25,3.12
1092,31,4.01
2838,28,3.61
408,39,2.07
1133,14,4.09
74,20,2.95
2626,8,3.98
680,24,3.39
1392,29,2.98
2834,4,2.66
849,9,3.77
870,28,2.51
237,29,4.31
2775,5,2.06
2426,13,3.52
2709,38,3.88
2878,37,3.38
906,11,2.46
2424,33,2.91
619,5,3.1
2701,33,3.24
1033,5,2.87
2244,16,3.35
2855,30,2.99
2941,12,2.95
1314,28,2.76
2985,11,2.61
847,1,2.88
2866,32,2.98
1924,5,3.0
2612,22,1.83
634,7,3.71
2727,7,2.9
1018,27,4.5
8,26,2.34
1393,18,2.82
1069,5,3.08
2392,19,4.26
1781,35,1.74
2844,14,4.02
1643,22,2.22
1217,38,3.37
849,6,4.14
1381,31,4.38
62,7,3.38
1086,38,3.1
2470,21,3.25
1818,13,2.78
633,11,3.4
792,28,3.71
2599,25,3.43
1301,26,3.33
2654,3,2.31
1455,37,3.98
1139,39,1.47
1712,30,2.82
525,13,3.57
2021,26,1.56
899,38,2.95
2211,4,3.04
787,8,2.71
2958,36,2.17
1361,13,2.49
2427,5,3.31
173,27,2.92
1000,38,2.17
1811,11,3.99
64,15,2.83
1346,36,3.33
975,24,3.27
66,22,1.75
1867,35,2.36
1623,28,3.37
458,35,2.74
1603,34,3.84
2501,5,2.04
1958,21,1.63
1741,11,3.8
1450,10,3.61
1960,13,2.46
2226,27,1.85
1955,30,2.91
280,26,2.5
2392,19,3.91
1041,2,2.41
2344,7,4.2
2250,20,4.17
962,17,2.06
2732,31,2.39
1943,10,3.83
1218,38,2.04
375,38,1.84
1912,38,2.45
35,6,2.58
1393,2,3.79
2077,29,3.89
775,27,2.85
221,22,1.88
2101,5,1.82
2839,30,2.04
2124,25,1.39
494,19,2.89
1712,20,3.27
2165,28,3.72
280,12,2.99
746,28,3.48
2997,16,2.91
2812,11,3.32
2343,34,1.62
1475,32,2.23
1858,10,3.77
1542,7,3.2
1097,19,3.65
2890,38,4.07
1060,14,4.67
1923,11,3.89
2006,34,2.83
497,21,3.49
2254,4,3.21
2474,28,2.68
44,10,3.17
1852,32,2.43
2653,27,2.13
454,5,4.25
595,10,3.04
1357,11,4.24
507,32,3.52
794,26,2.74
21,25,2.87
1400,27,3.2
2668,15,3.39
2462,25,3.61
1095,20,3.06
1428,37,2.91
1586,32,2.02
1815,39,3.26
1421,9,3.36
337,34,1.92
1668,22,3.76
910,32,3.03
276,5,2.7
892,9,1.77
13,18,3.78
1027,37,3.31
974,26,4.08
175,32,2.81
1409,18,4.32
1626,14,3.09
1944,29,2.6
2289,28,2.33
547,33,3.67
2062,21,2.55
1219,22,2.18
1421,2,2.99
1455,38,3.36
2773,32,2.3
1434,0,3.87
3,11,1.91
2739,3,3.88
1843,24,2.57
747,11,3.15
2817,35,3.12
872,9,3.62
495,32,2.49
2465,26,3.04
1415,8,2.36
628,3,2.35
1076,34,3.81
142,24,3.4
1488,20,2.75
46,2,4.12
2892,20,2.93
2058,5,3.09
664,20,2.99
573,15,2.79
2030,5,3.86
1554,27,2.19
1622,20,2.05
2697,0,3.74
913,24,2.33
640,10,2.86
2664,29,2.69
2746,3,2.82
909,1,2.76
2226,29,2.3
869,2,1.78
1030,2,1.32
853,19,4.18
307,27,3.97
2596,39,2.01
2375,39,3.1
1817,25,2.64
395,16,2.84
2348,27,3.28
749,15,3.9
2333,16,3.3
330,6,3.04
2098,2,3.09
2032,5,3.31
773,17,2.84
1646,33,3.92
1733,31,3.0
378,24,3.79
1788,10,3.13
1624,10,2.76
1000,2,1.62
1849,38,2.29
1562,24,3.62
774,15,4.04
1084,18,2.38
2916,30,2.42
1804,14,4.23
1099,34,1.94
2051,3,4.03
1599,12,2.88
748,24,2.93
1472,17,2.77
1765,13,4.6
2323,10,3.99
1554,18,3.03
1616,21,4.39
2263,37,4.55
1509,17,1.93
329,18,4.5
2303,33,2.25
1411,16,3.94
126,24,2.2
767,23,2.46
1574,25,3.43
1228,1,4.14
1196,11,3.23
1759,34,2.38
217,35,2.69
1360,27,2.16
1322,21,2.7
832,21,3.93
182,7,2.37
334,4,3.41
511,3,2.87
383,29,2.99
1897,3,2.24
332,15,2.73
1189,23,2.9
1266,32,4.34
900,26,2.5
642,3,3.15
1251,0,3.44
634,8,3.34
2499,15,4.4
196,12,3.12
1894,34,3.28
458,31,2.81
830,29,4.08
2305,24,3.69
2057,3,2.9
2809,15,2.4
2997,37,2.22
1225,11,3.13
887,35,1.86
393,25,3.92
1676,11,2.5
2447,30,2.24
2379,10,3.22
2528,16,2.27
2182,0,3.71
916,36,3.15
935,18,2.76
355,8,2.7
2632,1,2.64
1522,36,3.85
2673,30,2.78
2338,9,4.07
2873,2,3.38
629,37,3.61
2680,5,2.24
1171,34,3.49
327,11,4.57
1439,19,2.46
2258,10,2.6
1422,36,3.6
1127,10,3.13
2684,25,3.43
1781,35,2.4
1532,8,3.23
1915,19,2.83
2916,15,2.33
1233,17,4.11
1957,39,2.58
2476,11,3.01
393,17,3.12
826,23,3.04
2964,21,3.13
1913,18,2.56
2396,9,2.37
50,30,2.68
2964,37,4.01
1397,22,3.83
1051,17,2.32
800,14,4.08
1793,28,2.91
2697,4,2.24
1364,23,2.16
2349,6,3.68
1566,29,3.77
2214,31,2.61
2364,24,2.55
1,7,3.44
1020,26,1.87
1285,0,2.92
63,25,3.18
2531,7,3.04
1870,16,3.18
2270,3,2.1
152,32,3.24
644,6,3.81
626,25,1.81
217,18,4.35
196,34,1.84
1015,38,3.64
2695,6,1.9
2756,39,3.19
1522,20,3.2
1579,33,4.31
1081,37,4.0
1528,38,2.4
722,29,3.52
1608,35,2.44
1760,15,3.06
1563,9,3.62
640,9,3.66
2154,17,3.67
165,5,2.2
215,21,3.18
1095,24,3.81
90,13,2.0
1796,23,3.3
2922,3,2.56
1252,6,1.9
1103,33,3.18
608,3,3.3
349,23,2.42
2942,22,2.53
246,23,3.1
272,17,3.28
2031,15,1.73
403,24,3.92
1466,0,3.94
1196,8,2.75
2946,8,2.96
1080,7,2.27
1615,5,3.54
1127,24,1.56
284,2,3.14
517,21,4.66
2666,10,2.3
1302,16,4.15
612,2,4.02
750,5,2.94
1293,30,2.97
1857,6,2.7
400,8,4.49
1527,15,3.77
2025,37,2.55
2134,20,2.48
320,35,4.42
1056,18,3.39
336,0,2.61
2099,32,4.41
174,37,2.78
1642,29,2.63
501,34,2.87
2124,3,2.41
2364,19,1.96
1857,2,3.46
1897,37,2.25
1664,35,2.89
1719,26,3.33
1779,18,2.53
697,10,3.24
732,38,3.35
1095,22,2.84
2902,18,2.77
2714,19,1.86
652,8,2.82
1095,10,4.32
46,6,3.61
1071,21,3.19
1446,4,4.12
2197,15,1.44
2958,12,2.63
456,32,2.93
1663,32,3.14
2925,39,3.35
966,17,2.18
2021,24,3.18
869,4,2.94
1529,36,3.24
2977,15,1.88
1001,25,3.47
774,19,3.56
2292,2,3.9
2522,11,3.6
2430,29,1.75
1127,31,1.59
2537,12,3.59
1061,12,2.69
1678,38,4.23
1544,39,3.41
397,30,2.07
2344,28,3.95
107,38,2.22
2908,11,2.36
954,36,2.68
2578,19,3.42
1849,22,2.73
934,18,3.05
288,35,2.57
706,21,2.6
2044,17,1.81
1485,6,3.97
215,6,3.18
1305,4,2.79
2780,0,2.97
1978,23,2.72
1483,20,2.26
1825,23,2.66
344,20,2.43
194,27,2.56
158,26,3.49
465,8,3.23
2152,2,3.51
2082,1,3.7
2687,5,3.09
1750,26,3.27
2373,23,3.91
2739,32,1.68
592,21,2.98
2189,7,3.22
2522,19,2.58
1055,26,3.39
884,16,2.85
63,18,3.36
1111,21,2.05
304,25,3.31
1085,8,2.21
396,21,2.06
334,37,3.58
2834,36,2.36
411,35,3.47
2332,39,2.91
466,5,1.71
80,16,3.47
2832,28,3.0
1101,26,3.52
1978,29,2.28
733,0,2.79
1818,26,2.06
1564,8,3.15
1385,18,3.97
2125,0,4.27
2557,16,3.16
1188,13,3.6
1199,27,1.64
2510,32,4.22
1612,39,3.33
2293,3,3.26
122,15,4.13
185,36,3.12
32,36,3.11
998,34,3.94
1987,18,3.03
2810,2,2.5
569,36,3.08
2358,31,3.77
1396,18,2.7
1680,19,3.78
830,39,2.67
1620,38,2.6
1080,21,2.99
791,29,4.26
2512,15,3.56
2726,22,3.15
2718,37,3.29
2746,13,3.04
994,10,3.76
78,4,2.89
2582,11,1.58
108,21,2.97
1297,28,3.17
2812,6,3.41
2063,23,2.67
370,35,3.27
2253,18,3.56
2005,36,3.53
1704,29,4.04
2913,22,2.69
441,38,4.46
2907,27,3.91
227,16,3.22
2576,19,3.09
2402,16,2.97
623,39,4.36
1025,8,4.14
1577,37,2.89
2975,22,3.95
1644,8,3.63
1185,14,2.79
161,35,4.13
871,3,2.97
1746,7,3.18
1175,4,3.17
444,17,1.25
1791,7,2.16
1495,38,4.19
463,3,3.53
473,6,2.17
2605,12,2.65
80,37,2.62
1063,34,3.14
240,36,2.8
557,39,2.39
590,5,4.08
1361,5,3.36
1885,9,2.9
1976,29,2.94
1304,6,2.48
1140,34,4.37
2317,4,1.36
1940,10,2.42
335,38,4.13
312,8,3.72
1077,15,2.57
2742,19,3.63
34,37,3.84
1842,9,2.51
386,30,3.15
249,13,4.08
1135,25,2.72
1434,5,3.52
1203,27,2.34
794,2,3.15
852,36,1.51
2922,13,2.45
376,9,3.82
724,2,3.03
1611,6,2.06
1914,25,2.48
202,22,3.6
2493,0,4.62
1943,19,2.3
2345,18,3.23
1332,35,3.3
493,12,2.69
338,32,2.25
1969,30,3.52
2971,11,1.95
1866,21,3.96
792,19,3.43
1517,23,2.29
2023,28,2.11
2365,16,2.32
942,2,1.81
2674,19,3.13
2123,32,2.68
2987,12,4.06
59,23,3.33
2434,32,4.29
2063,14,2.37
1255,30,4.15
2247,39,3.66
1378,6,3.45
35,32,3.95
162,9,2.73
2847,18,2.75
895,34,3.6
471,11,1.91
2579,37,3.26
2840,22,2.73
2900,12,2.63
1447,21,1.44
348,35,2.4
694,19,3.28
935,14,3.29
913,35,1.75
147,28,3.43
1712,0,3.54
675,29,2.56
1440,15,1.73
2735,22,3.31
1518,36,2.92
1280,27,4.44
686,34,3.56
1127,17,2.96
121,36,2.99
2467,27,3.22
2398,18,2.23
42,36,2.75
29,39,3.12
966,16,4.07
1916,9,2.29
2833,25,3.52
2001,4,2.81
2062,32,2.19
920,27,4.57
818,5,2.05
2873,31,3.72
1509,33,2.96
1213,20,3.19
872,18,3.19
295,39,2.43
864,10,2.46
2596,18,2.99
1038,29,2.33
2683,31,2.67
595,20,1.74
1183,3,3.42
1518,36,2.46
1353,26,1.41
614,26,3.69
1873,38,4.76
1604,35,3.02
1584,29,1.52
1593,25,2.15
1156,24,3.61
465,24,2.41
1480,0,2.14
2978,33,2.99
1291,0,4.34
2847,25,2.89
2443,25,3.03
2294,21,2.98
568,32,4.07
38,33,3.47
245,22,3.05
21,15,3.37
1134,2,3.09
1630,14,4.02
394,34,1.7
1434,35,2.6
987,14,2.67
1672,18,2.59
2056,7,3.55
2376,17,3.24
1911,20,3.87
290,24,3.3
1787,13,4.1
2559,20,3.39
912,32,3.99
361,21,3.43
1623,22,2.87
2764,21,3.12
219,27,2.83
2454,14,2.57
2016,10,2.96
2041,9,2.81
2045,31,3.25
2801,30,3.43
2971,14,3.47
832,9,2.55
1794,30,2.88
1792,32,3.83
2842,30,4.17
1244,1,4.28
595,28,2.47
2155,12,3.28
581,19,2.91
2657,8,2.23
1748,14,3.92
2056,37,2.64
2854,26,3.12
2237,8,3.8
81,9,3.5
2156,4,3.49
1345,33,3.97
1603,18,3.32
2734,33,3.6
346,9,3.14
1887,35,1.79
2376,17,2.88
555,12,2.45
302,39,3.63
200,19,3.64
2941,36,3.41
1063,31,1.99
307,34,2.9
1657,15,3.25
1872,15,1.99
2516,14,3.28
2227,31,3.21
2693,32,2.47
1847,11,2.15
1765,25,3.84
276,34,2.08
1176,39,2.76
1402,38,3.82
2669,35,2.84
638,36,2.58
1776,17,3.1
930,0,3.74
1881,17,3.21
183,11,3.36
1845,26,2.89
72,29,3.64
2767,14,4.12
1677,21,3.27
1296,8,3.81
2774,17,2.99
2317,28,3.22
1044,0,2.3
2626,6,3.13
815,6,2.78
1527,17,2.47
2195,25,2.48
2938,5,3.16
310,31,2.56
2566,20,4.01
2062,9,3.55
132,33,3.27
1878,39,3.94
2803,12,3.54
2487,7,3.77
2791,17,2.74
740,27,3.64
795,1,3.46
2311,26,1.44
2691,33,2.44
258,7,2.53
1258,3,2.96
2457,19,3.58
1852,26,3.47
975,32,3.17
1048,13,3.6
271,18,3.55
1119,22,2.97
142,3,1.93
902,19,2.82
274,29,2.86
2324,17,3.77
465,36,2.19
1232,19,2.94
1320,17,3.28
288,29,2.36
876,33,4.01
1993,28,2.99
2926,30,2.45
2228,1,2.95
1121,39,2.76
1215,26,2.87
447,27,4.14
2833,3,1.78
2609,8,3.18
2532,9,3.06
2897,5,3.57
722,35,2.73
2164,26,2.21
2583,32,3.2
1352,36,3.35
407,28,3.9
1726,13,3.23
694,19,2.63
495,27,2.6
948,37,2.83
23,34,2.76
1129,4,2.37
1699,9,1.58
558,14,3.01
1617,2,3.49
941,5,2.9
1246,1,1.52
2903,4,2.46
2939,1,3.76
1657,26,2.77
78,27,2.72
1346,32,3.58
807,32,4.22
1042,37,2.81
768,8,3.78
454,26,1.91
2976,35,3.88
2325,13,3.55
1448,38,2.19
1500,23,3.23
1051,17,2.43
2562,39,2.96
1889,30,3.01
2512,20,2.7
2855,4,3.78
2872,24,3.73
363,34,2.33
2799,28,2.73
525,0,2.12
1218,32,3.26
1486,3,3.45
2104,17,1.4
1254,18,3.84
2537,35,2.87
1856,11,4.14
722,23,3.28
1984,13,2.48
1208,33,2.69
1449,14,2.48
1399,23,2.21
2089,24,3.61
1508,3,1.99
1004,0,2.76
2308,18,1.78
2489,19,1.81
926,33,3.38
856,34,3.22
84,10,3.75
2094,27,4.18
2488,39,1.65
1543,10,4.16
986,32,3.23
1869,11,4.7
136,32,2.64
1207,6,2.99
1733,26,3.7
1196,0,2.3
909,8,2.7
2909,10,1.46
2836,35,3.62
590,32,1.74
1952,0,3.65
956,13,4.36
2738,10,3.26
2587,19,2.82
1144,36,1.71
1332,21,4.61
2756,11,3.58
1554,28,1.69
2343,5,3.82
1807,7,3.73
2101,25,3.02
806,25,3.85
1456,12,2.52
52,24,3.36
2776,9,1.96
72,6,2.0
28,15,2.16
469,24,2.37
764,29,4.31
2934,6,1.92
2960,2,1.44
2595,7,4.0
1425,26,2.76
2249,22,4.27
820,35,1.81
1490,20,3.56
1676,36,3.87
560,18,4.07
379,33,1.88
1919,23,3.23
1076,16,2.98
79,32,2.38
1409,1,2.69
834,15,3.75
1032,0,1.64
2073,11,2.56
450,6,2.94
2816,34,2.37
2803,26,2.9
1993,15,4.06
1485,11,2.71
2246,0,4.29
1743,23,3.26
1971,12,2.72
2485,34,2.73
1551,22,2.93
690,16,3.17
1991,6,3.14
1402,30,2.94
587,27,1.77
2152,28,2.47
1830,9,3.52
1986,15,2.47
627,8,4.4
2032,34,3.96
2506,22,3.64
364,1,3.33
2183,5,2.6
374,20,3.68
2087,1,2.9
1988,22,2.37
2867,27,3.34
2095,28,3.0
2084,34,3.85
2143,29,4.26
1385,19,2.05
1549,26,1.44
1170,25,3.49
1941,19,3.2
368,32,2.03
65,20,3.3
754,36,2.17
1544,33,2.18
2036,17,3.86
2864,9,3.29
1877,2,3.97
1579,33,2.68
756,7,3.3
2229,13,1.98
1525,22,3.74
597,6,2.98
2835,15,3.51
2675,27,3.66
1835,8,2.68
2664,5,2.78
1396,10,2.63
1587,4,3.02
112,9,1.97
453,5,3.19
2804,2,3.7
2632,7,2.17
2187,9,2.0
1872,11,1.86
2279,8,3.85
1263,27,2.65
253,18,3.33
2005,10,2.68
1460,5,3.04
1943,21,3.58
2609,33,2.24
1327,39,3.17
2120,4,3.16
1858,22,2.88
2270,32,2.65
1101,5,3.74
62,37,2.73
1495,31,1.67
1181,18,3.48
806,24,1.54
2173,0,2.7
2789,10,3.67
1876,16,2.98
2209,28,1.51
541,18,2.12
626,22,2.56
1615,2,1.89
106,29,1.98
1155,24,2.55
1709,23,2.21
2824,3,1.67
1909,18,3.02
2050,27,3.27
2281,16,2.15
369,33,3.05
1275,2,3.33
946,5,1.87
2228,23,3.29
293,37,3.54
584,37,2.64
2843,1,3.37
2223,25,2.51
2171,12,3.67
2275,18,2.57
2492,39,1.77
2476,28,2.87
765,24,3.43
2680,15,2.25
2113,20,4.09
1305,1,3.45
1415,28,4.34
428,19,4.51
2666,3,2.42
2973,30,3.56
2015,32,1.58
2860,25,2.5
107,31,3.34
659,23,3.14
1183,22,3.49
2313,18,3.97
1226,22,2.72
155,29,2.52
896,14,2.63
1522,4,3.04
1621,38,3.15
993,17,2.6
2293,32,2.67
1324,8,4.19
1386,18,1.62
2434,3,2.04
2807,15,2.76
2462,29,2.92
1302,7,4.76
2763,15,3.0
759,4,2.14
747,19,3.46
593,8,2.74
1549,35,2.72
2887,15,1.76
16,26,3.88
993,32,1.94
1069,33,2.15
1345,13,2.93
2699,33,1.83
2196,26,1.76
2403,21,2.28
703,13,3.48
613,23,2.7
105,26,2.47
1498,11,2.89
396,14,4.02
2654,14,2.9
2011,14,2.53
851,14,1.76
1989,1,4.07
442,12,3.99
1669,25,2.62
873,17,2.3
667,25,3.75
1052,9,4.09
2842,31,1.63
2523,13,3.27
628,36,2.58
1429,18,3.03
2550,24,2.78
348,33,2.59
1264,39,3.48
1018,33,2.92
570,20,2.22
2743,2,2.96
2074,29,4.58
1953,33,2.06
2265,11,1.11
1352,0,2.1
2885,27,3.25
2822,22,4.11
670,18,3.36
718,11,2.48
2358,17,4.11
2647,9,2.5
267,33,3.71
1439,20,4.16
2694,8,2.19
1357,28,2.11
1023,36,3.54
2038,14,2.78
2498,19,1.85
565,21,3.32
1271,6,2.86
1060,4,3.02
1425,37,2.84
28,24,2.1
220,33,1.42
406,38,1.42
1638,3,2.92
1799,23,1.29
2319,14,1.95
1760,14,2.27
1675,32,2.79
792,30,3.89
963,18,3.5
1310,22,2.05
834,9,2.39
317,19,4.29
1321,11,4.0
2386,9,3.38
1331,29,2.98
351,7,3.11
511,37,2.11
2573,19,4.09
492,24,3.47
1932,9,1.59
1618,37,2.71
2057,30,2.88
1521,31,3.27
1584,13,2.71
2609,21,4.0
2488,18,3.05
1576,25,2.17
2840,30,3.05
1762,26,3.12
1992,25,3.99
1269,18,3.5
2081,22,1.31
1047,37,4.19
2893,2,3.31
2614,7,1.98
49,33,3.1
462,6,2.93
2638,19,3.44
336,37,2.85
1382,34,3.57
1146,11,3.41
359,33,3.96
2394,13,3.61
193,27,3.37
1440,33,2.93
1401,39,2.04
756,20,4.43
1685,25,2.86
2526,14,2.72
828,36,4.21
890,37,2.07
653,34,2.43
2456,22,2.64
2334,18,2.51
1922,7,3.48
851,15,3.49
111,23,3.06
620,37,2.1
793,11,3.64
2098,6,4.16
1158,17,3.68
588,39,2.52
2644,2,2.85
2718,19,2.73
1310,15,2.58
1958,24,4.31
2362,28,2.04
2654,20,3.52
297,15,2.35
1630,22,2.98
569,19,2.49
1188,3,3.92
832,23,3.08
610,37,3.76
16,24,3.11
1370,8,2.25
72,35,1.52
270,0,2.77
287,17,2.49
66,7,2.18
880,21,2.19
68,25,3.47
1217,1,1.65
1403,2,3.28
974,9,4.08
508,4,3.43
2885,15,1.63
1126,13,2.71
886,6,2.65
2842,3,3.01
2470,11,1.61
1988,16,4.95
775,29,2.57
2526,0,2.13
926,38,2.63
120,10,2.98
1939,31,2.92
488,6,2.53
2126,26,2.96
441,2,3.51
462,0,4.08
612,17,3.79
1318,3,1.45
1660,31,3.9
917,28,2.21
2657,19,1.91
6,34,1.41
681,18,2.34
2943,19,3.19
2319,16,2.84
1644,19,3.36
2859,31,3.6
2607,8,2.74
99,18,2.52
526,0,3.24
2242,15,4.75
1181,0,3.59
1690,38,3.42
1139,30,3.4
396,21,2.89
770,6,4.73
1827,1,2.95
1546,34,2.58
2928,13,1.73
2793,8,3.4
683,36,3.15
1557,4,2.56
15,8,4.05
2416,17,2.05
2686,30,2.29
2901,12,3.57
1237,24,3.74
2748,34,2.5
5,39,3.91
2279,14,3.64
1909,15,3.83
1426,35,1.6
1608,0,2.22
2634,5,4.68
169,31,3.29
2809,30,2.46
792,18,2.68
1000,15,2.41
152,35,2.06
2272,4,3.1
504,36,3.93
1574,9,2.77
2092,2,4.56
2745,10,2.81
504,29,3.28
2978,2,1.3
843,24,3.76
351,10,3.34
2071,25,2.53
1660,11,3.61
598,21,3.1
1067,16,1.83
2514,24,2.76
40,19,2.58
2351,24,2.74
175,27,2.64
999,6,2.05
1485,16,3.27
2669,13,2.02
1217,36,3.83
2292,21,3.34
836,25,2.84
2328,20,3.47
1060,12,2.47
2605,16,3.13
898,25,2.96
1564,18,1.78
1047,27,3.01
2767,25,2.91
932,6,3.25
2139,22,2.47
2438,26,3.06
2598,26,3.0
2979,11,3.48
1252,30,3.93
1226,15,2.34
1374,33,3.85
1062,22,1.76
2781,10,2.61
500,31,2.22
1723,15,3.31
2919,3,4.17
2565,25,2.26
2116,34,3.37
1764,22,3.89
2171,24,2.17
1709,4,1.47
336,38,3.83
1177,37,2.48
779,21,2.57
1186,4,2.85
1934,5,2.62
1467,25,2.8
2471,10,2.51
1562,20,2.15
939,17,3.24
804,27,3.67
1936,11,2.79
634,30,2.21
1254,24,3.79
1083,29,2.89
2144,2,2.01
1286,26,1.53
354,8,1.6
1160,12,2.39
1886,28,2.75
1819,6,2.88
967,23,2.88
2971,36,2.53
2521,33,2.39
2478,4,2.1
2585,2,2.6
1170,4,3.95
1548,25,3.43
2135,11,3.67
109,33,2.66
1369,17,3.15
1758,23,3.42
994,27,4.51
1518,12,1.78
1357,8,3.83
822,17,4.13
937,36,1.55
2697,23,2.58
191,35,2.93
1997,39,2.08
933,30,1.47
142,34,2.65
1893,33,3.65
2888,25,3.27
2216,2,3.83
566,25,3.0
1283,29,4.01
1463,22,2.97
1135,31,3.94
744,24,4.2
673,29,3.31
2912,23,2.95
2887,20,2.66
531,19,2.79
1314,38,2.91
562,2,2.28
1534,31,2.82
2223,17,3.04
302,7,4.05
185,23,2.24
510,29,3.36
2867,10,2.48
1334,2,2.13
1370,33,2.56
2204,12,3.19
2835,39,2.43
795,35,1.25
2480,25,2.38
1524,27,2.05
761,22,3.48
2195,10,1.76
2529,13,3.17
435,1,2.29
1543,33,2.08
2039,12,3.17
1707,30,3.32
69,6,1.79
1630,31,3.09
1905,35,2.15
2923,7,1.91
2234,5,2.91
2952,21,3.77
2730,17,3.88
2252,19,3.98
554,2,3.89
2061,23,4.39
2714,3,2.19
1298,17,3.27
2099,22,1.71
500,20,1.73
2417,4,2.52
2772,24,2.0
2405,19,2.96
2895,29,2.87
1530,37,3.55
2304,12,3.73
1512,32,2.13
279,1,4.21
1083,16,4.31
446,29,2.92
2161,24,3.07
836,36,3.0
755,30,3.11
1846,16,3.87
1593,25,2.72
1513,24,2.76
1431,18,3.61
2415,20,2.34
1084,9,2.64
2377,36,2.93
2776,17,4.17
1591,4,2.89
1909,19,3.77
2768,29,2.84
2232,13,4.26
1023,35,3.31
2359,34,3.7
1562,30,2.8
177,31,2.59
847,37,3.62
1249,26,2.45
1601,26,2.06
1605,9,3.64
1976,27,4.03
2057,25,1.57
236,26,2.84
710,1,3.88
2972,36,3.83
2733,35,4.03
794,2,2.31
2856,26,1.81
1935,15,3.84
1670,30,3.22
27,0,2.97
2598,33,2.92
1227,16,3.92
85,31,4.21
1856,33,3.76
2514,32,2.51
1123,9,2.37
1214,23,3.73
12,20,3.36
1013,27,3.42
1749,7,3.22
1877,8,2.27
2620,19,2.48
1318,27,3.91
1384,25,4.17
1679,18,4.44
2962,4,2.53
180,33,3.91
797,39,4.36
1468,18,3.2
2025,30,2.59
2489,14,3.08
887,31,3.58
2469,12,2.56
1190,27,4.32
1676,9,2.2
1520,17,2.87
2516,20,3.55
2761,32,2.79
2433,11,2.02
2362,38,2.5
771,20,3.65
1279,11,1.5
959,12,2.34
917,6,2.35
2071,30,1.55
1782,14,2.94
339,5,4.22
1517,34,2.05
2871,15,4.09
2414,2,3.28
1396,5,2.37
915,25,3.36
1854,15,3.17
475,16,3.8
1447,21,3.02
1380,39,3.92
1484,16,1.83
2075,3,2.96
2990,16,3.58
2850,38,1.57
801,32,2.63
2908,30,2.64
1247,8,2.71
864,34,3.11
2738,19,3.48
1172,22,1.58
739,13,4.14
1375,25,3.59
2463,8,3.18
982,9,2.8
2477,3,3.35
2089,29,2.3
2953,10,2.77
1012,1,3.06
2751,34,2.26
2127,21,4.34
717,19,4.39
1808,20,3.69
2592,15,3.28
1474,7,2.62
2522,36,2.42
1166,8,2.81
2342,32,4.21
610,1,2.7
2184,18,2.81
2532,2,4.52
1813,21,3.57
1336,9,2.27
2862,18,2.37
555,5,2.56
1656,3,3.39
1756,39,2.76
46,34,3.03
1260,22,4.25
1072,19,4.33
2246,24,2.16
2132,14,3.53
543,31,3.6
1452,1,1.85
2119,28,4.17
2568,25,1.85
1993,7,2.68
2946,19,3.22
913,8,3.59
1069,12,3.45
2341,30,3.17
2986,37,3.47
812,23,2.2
1489,28,2.63
1909,2,3.17
1574,10,3.63
867,29,2.43
2428,36,2.78
1767,17,2.88
2310,17,3.19
580,17,4.81
2405,30,2.57
1443,23,4.88
698,31,2.74
1977,27,3.16
2491,27,2.83
726,4,2.87
286,20,2.76
1892,37,4.08
570,13,2.08
2888,22,2.98
1965,34,3.29
1514,7,1.59
498,10,2.66
1918,14,2.76
705,26,4.12
1357,4,2.64
562,34,3.86
1999,32,2.05
32,7,2.83
43,29,3.77
1917,36,1.58
1375,4,3.23
1846,38,3.7
559,11,4.25
2318,14,2.32
1437,18,4.17
943,25,2.32
1599,29,2.61
1371,5,3.13
1929,34,2.52
1637,25,3.2
2085,15,2.98
92,38,4.42
1844,18,2.68
185,16,4.06
728,23,4.04
1052,39,2.22
1572,7,2.53
2420,32,3.24
832,38,2.52
345,38,2.49
1443,2,4.74
1220,6,3.98
2126,28,2.23
167,20,1.29
264,36,3.48
1496,18,4.37
1232,15,4.71
2772,29,2.33
1287,23,2.73
1530,29,2.96
1809,28,2.4
2560,4,2.15
1878,15,3.03
1750,16,4.12
1910,35,3.23
2624,0,3.36
2770,2,3.97
1336,8,2.68
1198,22,2.06
2479,39,3.05
768,39,3.46
2511,27,1.96
101,19,2.06
1733,1,2.26
1920,5,3.66
2292,14,3.91
1372,28,3.06
105,15,1.97
694,38,4.22
1691,38,1.94
1311,7,1.34
1071,31,2.96
1067,22,2.74
818,24,2.76
2269,24,2.69
1537,24,2.6
2192,10,4.37
890,34,2.97
1878,8,1.79
1874,6,2.32
790,2,2.57
553,11,2.93
844,6,3.6
659,34,2.96
2885,27,3.56
1019,1,2.9
1954,5,2.19
1191,29,2.26
751,29,2.05
2297,10,1.64
775,36,1.65
2812,11,3.46
1381,18,3.84
692,22,3.31
2868,3,2.42
719,28,1.91
234,2,2.27
2072,11,2.81
1405,35,2.87
1006,16,2.75
1370,36,3.09
1402,31,4.22
2570,8,4.58
2065,19,1.77
2293,38,2.0
2766,1,3.7
2818,28,2.38
717,29,4.01
1563,27,4.88
1712,10,2.28
1226,31,2.26
1272,33,3.41
2166,34,2.86
9,29,1.8
598,37,3.54
23,13,1.58
1991,9,1.67
2288,39,1.77
1609,1,1.84
2075,22,3.12
1105,12,3.82
2247,30,3.33
2823,12,4.13
92,9,2.46
851,19,3.73
1983,5,3.2
1108,0,3.75
300,14,3.15
2344,8,3.28
2695,39,1.75
1478,34,2.04
1305,31,2.47
1001,8,2.45
1083,22,3.06
2957,18,3.65
2919,11,4.56
1366,15,3.91
2801,18,3.44
2390,4,2.4
2110,18,2.06
776,28,2.67
2673,22,3.46
1453,8,2.65
1682,20,2.98
1752,38,3.49
2304,33,3.29
2876,23,3.25
1852,6,3.0
1898,19,3.4
1730,3,2.47
1328,1,2.66
615,19,3.03
245,31,3.86
757,4,4.43
824,25,3.27
2828,37,2.2
2780,12,2.13
1847,21,3.16
1436,31,3.17
2926,28,1.28
1241,4,2.77
516,29,2.64
474,3,3.74
36,5,3.62
1411,33,3.63
1793,17,3.17
1735,20,3.63
830,18,3.39
1093,30,2.46
2414,8,2.5
1186,23,4.39
1763,5,3.54
945,35,3.34
1512,15,2.41
431,2,1.99
2023,18,2.31
859,0,1.43
230,28,2.98
2418,18,2.3
178,7,3.98
1434,3,3.3
2616,15,3.01
1614,19,3.4
2841,11,1.79
1764,30,3.41
2948,39,1.27
1775,39,2.37
975,17,4.21
82,12,2.81
846,39,3.78
2810,9,2.8
1217,15,4.27
618,19,3.83
2264,5,3.39
2338,17,2.29
445,27,1.63
923,34,3.31
2600,5,1.84
193,2,1.9
1663,23,2.93
289,22,2.58
2631,28,3.4
1168,9,2.44
1431,37,1.67
1835,10,1.94
2905,3,3.31
1971,25,2.96
2829,8,2.51
896,21,3.54
920,18,3.33
2612,18,2.16
2035,35,2.84
1553,15,3.73
1701,9,2.18
2061,14,1.97
1726,6,3.19
2388,12,3.56
2913,31,2.61
1898,1,2.53
1800,21,3.31
312,39,3.95
2781,5,1.94
1128,27,2.12
339,24,1.66
2348,36,3.78
359,36,3.17
2217,15,2.26
1173,5,3.76
2809,29,3.11
768,34,2.45
2090,1,3.02
202,36,4.23
1693,24,2.29
464,27,3.71
449,25,2.01
913,8,3.8
798,18,2.68
794,12,3.34
437,17,2.53
1917,7,2.43
1774,34,3.95
531,33,2.91
565,17,2.78
1621,12,4.12
1297,8,3.76
2920,34,2.65
213,3,4.04
949,11,2.1
1128,33,3.05
192,7,3.22
1404,20,2.77
1991,4,2.98
1105,19,4.03
705,22,4.39
549,26,3.04
1862,6,4.58
154,16,3.74
1666,36,3.33
571,3,2.73
1785,1,3.97
2288,34,3.04
2422,13,2.98
805,39,3.73
799,29,4.33
611,15,4.11
2736,28,2.3
2822,39,3.25
1807,34,3.36
143,25,2.94
272,33,3.1
1556,29,4.49
2474,14,2.92
2094,29,2.65
2143,36,3.82
2112,34,2.33
2461,11,4.07
459,33,2.58
1739,32,2.7
1433,25,1.59
2518,30,2.9
2858,15,3.57
506,29,3.56
1710,13,3.98
1097,7,2.93
84,28,4.21
59,18,3.96
1045,24,3.54
1482,15,3.87
2966,38,2.57
2205,12,2.03
1353,4,2.84
1597,2,3.22
576,0,3.29
2885,31,1.43
680,28,1.77
203,32,2.33
1130,21,2.71
318,18,4.31
1206,32,2.18
1639,22,3.48
1797,23,4.07
406,5,3.53
2997,14,2.35
2543,32,1.63
679,5,2.89
1271,12,3.2
1890,33,3.88
1548,18,2.79
1644,32,2.4
1360,4,1.97
1446,20,3.0
835,32,3.05
2242,35,2.05
2356,25,3.32
1669,33,2.19
1931,19,2.72
2554,1,3.48
281,37,3.56
2723,0,3.16
1814,2,2.76
933,25,2.52
2763,32,4.16
608,2,4.21
483,12,3.39
1247,37,2.54
1773,24,2.53
2165,14,3.2
192,34,3.88
2836,0,2.34
2666,36,2.57
2018,26,3.84
2564,11,2.6
307,24,4.03
532,6,4.03
122,8,3.08
2697,15,4.18
592,8,2.36
2918,4,3.41
1476,33,2.02
59,15,3.1
2349,27,2.31
2601,13,1.98
1574,31,2.28
1141,32,3.26
1811,0,2.02
1806,19,1.84
399,2,2.41
2563,37,2.69
2853,8,2.51
2546,26,2.66
942,26,1.83
528,25,3.61
2446,23,2.28
1775,34,1.73
1422,39,3.09
1670,7,4.1
1551,2,3.33
436,37,2.59
840,12,2.48
360,36,4.34
1153,34,4.53
864,6,2.93
2682,1,3.09
1651,15,4.32
1733,18,2.14
1246,8,1.76
2262,34,4.12
916,21,2.71
2640,27,3.9
1799,30,1.66
2183,11,2.83
2802,6,3.22
386,38,3.42
1327,1,2.03
1806,15,2.8
1586,5,3.13
1213,18,1.78
1550,5,4.25
389,34,2.93
2792,34,3.86
704,37,3.35
2973,38,2.83
1739,13,3.06
2821,27,2.0
864,36,2.9
1060,29,2.52
79,7,2.99
1299,32,3.78
1302,21,3.98
674,32,2.45
2360,13,3.64
204,38,4.18
985,14,4.69
1976,3,2.75
17,37,2.58
476,10,3.15
1017,17,2.89
210,24,2.15
499,3,3.23
429,8,3.71
1330,7,2.77
2106,35,3.45
1554,37,2.42
1232,7,2.04
1535,6,4.42
1868,17,3.17
2570,7,2.66
2629,34,2.39
1877,30,2.88
899,16,3.94
1107,23,2.71
2669,9,3.77
1068,13,3.72
1507,0,2.36
2958,0,3.58
1668,6,1.73
493,7,3.62
2547,39,2.84
605,39,2.44
948,6,3.81
294,34,2.44
1172,2,3.68
2019,8,2.76
172,15,2.91
1587,30,3.42
531,5,2.99
1144,24,3.89
1860,13,3.79
1761,35,1.92
2114,25,1.77
2189,17,3.52
2494,25,3.96
189,34,3.33
158,2,3.63
2718,33,2.65
1971,23,3.34
246,20,1.53
2904,9,3.07
2992,3,2.68
2796,3,2.41
2378,5,1.63
2560,11,3.69
850,24,2.42
1811,19,2.8
1095,2,2.74
1337,0,3.08
2127,0,3.01
169,37,2.67
2858,15,2.99
2228,32,2.6
1652,9,2.62
2308,12,2.79
1510,39,3.29
1796,4,2.53
2345,16,3.45
620,36,3.69
2903,11,1.79
2408,24,1.83
2165,3,2.3
357,35,4.63
2487,4,3.41
1678,28,3.71
1212,35,4.55
1305,21,3.34
1535,10,2.1
1490,24,3.44
1964,12,3.18
1362,4,2.11
2570,9,2.26
199,27,1.84
1788,6,3.76
1074,6,2.75
1166,22,2.21
1807,4,2.29
1538,12,3.61
2718,13,3.2
31,11,1.82
2381,19,2.01
660,31,3.26
2225,3,3.44
2418,3,2.35
547,22,2.44
2583,13,1.89
1130,12,2.53
2145,22,3.12
2278,29,2.55
2275,13,2.56
371,16,2.74
1124,23,2.57
1469,7,2.71
1492,25,2.3
2103,35,2.52
2472,13,3.17
2363,17,1.74
1152,30,1.28
2080,8,4.03
93,5,2.21
2567,22,2.16
1282,13,2.89
2901,6,3.16
1926,26,2.42
1244,0,2.41
2800,31,3.16
1572,30,2.55
416,23,1.81
2605,18,2.06
2414,38,4.55
1545,8,2.58
2647,29,3.08
2379,9,4.06
689,7,3.53
1666,30,1.76
2059,9,4.14
2866,2,1.72
1531,0,2.1
419,8,2.99
1146,11,3.48
911,24,2.82
1355,34,2.07
1567,30,3.73
2396,15,3.33
412,35,3.04
1248,20,2.07
153,21,4.29
1236,21,1.76
92,28,2.87
331,34,3.5
1665,21,2.54
955,29,3.75
2602,30,3.28
2978,30,3.18
1252,35,2.6
194,19,2.35
530,23,3.27
2893,18,2.28
1267,6,2.92
1474,17,2.0
639,19,2.98
1611,23,3.44
1598,22,2.74
2526,16,3.57
2528,10,1.89
2336,7,1.65
698,15,4.44
2046,32,3.26
1702,3,4.71
2743,0,3.31
540,7,3.19
330,7,4.22
470,4,2.7
2897,1,2.12
534,0,3.77
1963,6,4.0
467,24,3.99
2468,15,2.9
762,13,2.11
1006,35,2.49
891,13,2.12
2356,4,2.85
1956,1,1.65
2972,5,2.33
2382,11,2.83
954,37,2.89
1444,0,4.15
1673,38,2.5
2837,35,1.84
832,31,1.55
844,5,3.79
2298,29,1.99
1320,0,3.44
184,12,2.16
1284,8,2.99
2847,0,4.28
1691,27,1.86
2234,27,2.48
1433,7,2.41
2886,30,2.88
1797,36,3.11
627,33,2.48
2907,36,3.19
2056,11,1.94
783,11,3.77
1508,16,2.41
1785,4,2.16
775,28,1.86
1760,37,3.28
1864,2,2.68
1007,18,2.34
677,14,3.23
1831,35,3.77
211,20,1.96
1337,17,2.59
1628,31,1.79
1361,5,2.46
490,10,3.52
1427,14,2.17
2687,33,3.21
191,21,1.61
2719,27,1.83
843,25,2.46
335,25,1.97
1643,24,4.58
1111,27,3.15
579,33,1.57
62,0,3.22
387,31,2.36
1170,29,4.32
2201,5,3.23
619,21,3.48
1684,28,3.91
2746,24,3.05
1878,10,4.25
2226,26,3.06
2895,25,3.47
487,38,3.5
1278,13,3.51
2548,35,2.5
541,26,2.69
1536,24,3.34
2061,10,3.43
151,15,2.91
1074,30,3.22
1239,38,3.96
991,4,3.21
2692,1,2.66
372,27,3.93
1137,19,3.71
2300,28,3.77
2101,17,2.23
1154,14,2.21
193,6,1.83
2639,26,2.93
1081,3,1.92
2145,26,3.12
198,25,2.93
2195,20,3.21
1599,32,2.78
1601,22,4.28
2771,26,1.66
684,6,3.91
333,5,3.85
1244,9,2.83
1422,29,2.94
1366,15,2.85
1822,11,3.92
2560,11,4.15
2220,11,4.83
1492,36,3.22
1772,20,3.03
2011,14,2.95
2612,15,1.43
2560,8,3.83
1213,16,4.45
1144,33,3.09
105,25,2.48
2722,30,2.97
807,13,2.01
1065,2,3.05
889,26,2.85
2924,28,2.89
2725,0,2.75
321,33,1.65
2383,6,2.35
2312,5,1.97
2913,31,3.4
1501,6,3.3
2400,26,3.24
1569,26,2.69
1797,21,2.91
1520,0,2.42
1919,29,3.42
1866,12,3.41
1406,26,3.58
2724,31,4.02
1505,8,3.28
2967,30,4.23
1960,21,3.67
5,21,2.57
2082,9,3.11
1169,26,3.41
2399,11,3.34
2631,10,3.19
2513,20,4.29
348,25,4.27
1766,25,3.37
125,19,3.76
1814,0,2.72
2405,28,3.05
2575,5,4.03
498,9,2.39
1177,36,3.25
53,8,2.0
149,14,4.29
503,10,2.67
870,25,3.37
219,39,1.63
1301,10,2.05
2500,26,2.94
2131,4,3.79
738,18,3.24
2575,15,2.5
2452,16,2.89
290,27,2.0
2468,11,3.42
339,15,4.29
2825,20,3.38
2759,39,3.87
1694,0,3.4
1869,39,2.09
987,31,3.98
959,13,2.44
1231,4,1.67
2734,30,3.05
1289,9,2.48
2007,20,4.52
373,38,1.78
1512,22,1.94
531,8,4.02
924,24,2.95
23,32,1.59
2152,36,3.16
241,15,1.63
1005,4,3.04
2951,17,3.9
1897,23,2.18
1166,10,2.68
814,34,3.63
655,7,2.45
783,7,3.23
2355,33,1.69
8,15,2.09
1715,5,3.39
575,28,3.28
912,9,3.25
518,32,3.56
1542,13,2.12
483,36,2.29
2255,7,2.65
2717,38,2.38
579,34,3.13
387,8,2.82
412,38,3.61
1866,2,3.26
1394,29,2.84
1377,11,3.01
1968,29,2.28
1360,14,1.97
2939,13,1.92
906,9,2.07
1313,26,3.12
963,4,2.72
965,25,1.51
2188,18,3.87
1977,3,1.68
2348,19,2.58
1037,33,2.21
664,6,4.08
825,21,3.41
1888,28,2.81
2448,27,2.28
992,12,3.55
1133,36,1.68
2197,13,3.11
1740,6,2.52
2355,27,3.02
1084,23,3.69
435,6,3.32
21,37,1.93
2923,1,3.0
2430,23,3.22
2293,35,3.57
1926,28,3.49
1473,24,4.13
1100,39,2.69
2746,7,4.04
2638,12,3.58
390,14,3.23
2616,20,2.77
1355,22,2.16
2307,8,2.91
426,25,3.01
1726,15,2.14
1030,30,2.76
6,8,3.04
191,8,3.98
148,29,3.42
405,4,2.64
258,21,2.97
2778,23,3.02
2138,14,3.29
824,4,3.4
10,2,2.38
1111,4,1.81
838,21,3.06
988,4,2.26
625,15,4.1
30,29,3.39
2176,30,2.06
2469,12,3.0
1079,39,2.79
2353,32,3.15
546,10,2.54
1129,9,1.4
1196,8,3.73
1523,38,3.88
2070,0,3.55
2439,25,2.43
617,9,2.93
149,33,2.72
1812,17,2.48
2347,10,2.55
172,12,3.01
47,32,3.8
626,10,2.92
1811,23,3.21
2255,30,2.63
453,19,2.0
1419,28,3.08
2973,31,3.37
754,1,1.79
2756,24,3.06
1009,5,3.27
2724,5,3.3
2903,25,2.89
2831,7,2.79
1134,10,2.51
2732,38,2.8
2912,14,2.13
1226,1,3.64
168,35,3.38
86,21,3.13
1678,12,3.56
1983,37,1.6
849,32,3.68
1487,14,3.32
442,17,3.48
271,9,2.5
1601,39,1.8
344,5,3.29
1207,11,4.22
2551,27,1.91
2542,16,2.63
1258,36,2.48
2292,26,3.52
1533,22,3.92
267,35,3.77
1654,3,2.29
893,23,2.85
2249,0,2.6
239,14,2.05
915,21,4.31
1439,12,2.21
2532,8,3.53
1461,34,2.63
2294,28,2.42
1882,35,2.4
2200,30,2.45
1416,21,2.49
2259,29,3.2
367,24,3.74
2992,24,3.36
1594,27,3.53
86,33,3.53
1737,2,3.19
1658,11,3.83
2042,35,2.93
2494,30,1.24
620,2,2.37
2352,32,3.19
132,29,3.14
904,0,1.67
988,16,3.86
1222,17,3.65
2095,27,3.13
1764,5,3.2
2805,24,2.69
1227,6,2.14
1285,6,3.69
690,28,3.64
1048,11,3.87
687,0,2.12
786,0,3.1
340,2,3.12
412,17,4.06
1997,36,2.18
286,7,3.75
1110,38,2.73
850,33,2.75
430,10,3.17
1605,31,3.42
31,28,3.85
603,38,2.93
440,13,4.46
985,18,3.26
1373,7,2.86
1919,20,2.55
412,0,3.88
528,17,4.36
310,18,3.45
2997,28,1.66
1812,7,3.89
1362,12,1.56
2722,7,3.45
2039,28,4.29
2485,29,4.0
704,25,1.42
663,26,1.83
365,39,4.32
923,16,2.09
2161,19,4.0
176,32,2.66
1173,28,3.45
1202,9,4.34
936,32,2.69
382,3,2.4
1283,17,3.08
1213,30,4.32
306,26,3.65
1402,15,3.02
602,21,2.44
2391,17,3.55
2204,11,2.97
712,23,4.0
1466,28,1.68
403,8,3.71
614,25,2.98
2845,3,2.92
2671,32,4.05
1802,36,1.95
2651,19,2.68
177,15,3.9
449,37,2.84
743,25,3.41
1565,17,2.65
1979,5,2.13
2349,7,1.8
2755,32,3.03
307,22,2.39
751,21,4.6
869,36,2.54
214,33,3.15
1618,11,2.11
1664,32,2.79
2531,32,2.65
1598,26,2.56
2181,10,3.8
1673,6,3.64
512,4,2.96
2259,16,3.73
987,21,4.11
2765,8,3.38
253,22,4.31
38,33,4.27
629,36,4.16
987,28,2.54
1726,24,3.96
2094,8,4.22
1478,28,3.73
1702,11,2.49
305,10,2.86
1739,30,2.68
2281,8,3.23
245,6,1.87
1745,8,3.24
2808,36,3.53
2887,20,3.36
2206,0,4.43
1025,35,3.22
217,30,2.87
2976,38,1.24
507,38,1.88
761,7,4.2
2952,13,3.4
2629,33,1.43
1054,13,2.26
2675,12,4.4
2568,8,2.24
1905,20,3.32
275,30,3.48
492,0,2.39
827,9,2.38
951,5,2.15
2974,34,2.71
2895,1,3.47
1179,6,2.79
1101,25,2.62
1637,28,3.67
1456,19,4.19
39,12,3.75
2287,35,2.92
2170,9,3.7
144,29,3.4
2732,11,3.0
2503,37,4.3
2416,23,2.34
759,13,1.63
247,32,3.29
2971,25,2.33
765,35,2.13
2423,38,2.9
1315,23,3.08
207,14,3.82
2019,10,1.99
2567,19,3.81
2290,5,4.39
2867,1,3.21
2350,12,2.52
1318,13,3.81
701,19,3.38
288,21,2.08
2202,22,2.42
1594,16,3.08
2471,17,2.71
850,5,2.35
50,12,3.08
1231,8,3.0
2612,10,2.34
2902,2,1.62
2931,16,3.25
2710,15,3.66
2613,26,3.02
2261,18,3.14
1909,7,3.03
2859,5,2.13
2898,12,2.46
1687,6,1.29
1741,23,1.3
1344,20,3.41
1791,39,2.56
2929,17,3.38
1961,20,2.3
1089,33,3.35
1156,26,3.14
2382,18,3.39
32,19,3.8
868,14,3.34
2946,36,1.66
1267,36,3.18
1216,16,3.45
1166,33,3.01
1684,20,3.56
601,28,4.24
2026,22,2.86
1585,1,3.73
988,1,3.73
1215,26,2.58
1966,9,3.47
2647,13,2.62
1440,25,3.62
520,4,3.54
1759,1,3.37
869,19,2.96
2064,38,3.62
1832,33,3.52
1130,9,3.17
283,13,3.04
361,17,3.43
1059,27,1.58
2161,7,3.18
2356,6,3.33
1935,13,2.5
959,31,2.19
1077,32,3.67
1105,14,2.86
1640,37,2.99
2882,23,2.54
1393,14,3.29
2290,24,1.89
31,27,2.22
704,30,3.03
869,30,2.12
1385,22,3.96
233,22,3.19
1058,27,1.93
1267,18,3.28
951,29,3.5
59,13,4.11
2819,10,2.27
2766,9,2.48
302,32,2.11
2851,30,2.87
2945,25,2.95
2046,4,1.82
2160,20,4.26
1924,21,2.78
317,5,1.72
1889,39,1.8
1169,35,2.38
2716,13,2.75
690,34,2.65
1882,12,4.44
1954,7,4.08
18,13,1.31
1179,28,2.54
1530,20,2.07
778,12,3.14
360,16,2.81
332,24,3.85
1942,33,3.14
528,4,2.62
2060,19,2.9
1099,29,2.7
212,0,2.76
1715,16,3.54
2689,22,4.06
2331,39,3.94
2828,25,3.14
1054,28,1.91
1033,14,3.19
1333,24,3.69
1334,20,2.98
2725,6,2.34
2753,34,3.95
2474,22,4.06
1841,33,3.8
1796,7,3.42
1728,2,4.21
591,1,3.23
1715,6,2.57
2139,35,2.75
456,13,2.97
444,6,1.84
79,8,3.27
1499,33,3.09
927,14,2.2
2151,25,3.51
623,29,3.08
1480,6,2.91
234,2,4.24
1618,3,4.0
2692,12,3.42
2031,1,2.21
2838,7,3.13
387,16,2.39
2895,18,1.7
1635,26,2.35
38,0,3.44
1185,10,3.28
1486,11,2.83
1968,2,2.24
1473,35,3.41
241,28,4.21
1050,33,2.81
1672,23,2.21
562,11,2.58
2000,1,2.78
806,36,4.23
1930,7,3.74
2346,37,2.2
805,17,2.88
2202,36,3.24
2780,26,3.03
1676,13,2.74
2516,28,3.64
2097,37,2.73
1678,9,3.71
46,5,2.66
2828,13,3.0
1652,35,2.99
82,14,2.69
2321,6,2.86
2442,15,1.41
1810,33,2.82
790,36,3.29
595,33,4.49
2106,17,1.69
2613,10,4.3
1,21,3.93
2264,0,2.17
1497,2,2.72
766,5,2.0
671,36,2.71
2559,15,2.53
1602,11,2.54
915,22,3.72
1845,34,3.82
1996,37,3.29
95,5,3.09
493,26,3.18
2813,11,2.02
150,8,3.18
1047,25,2.61
2804,12,4.47
1239,34,2.99
399,22,2.31
2458,38,2.86
2179,7,4.22
855,15,2.9
2196,39,4.24
381,35,2.79
552,26,4.3
295,37,3.78
1144,13,3.74
456,13,2.58
1554,10,3.27
169,35,3.42
710,15,2.82
1947,30,2.81
2020,0,3.02
2085,20,3.48
1722,31,3.38
1285,16,3.31
2279,28,2.77
254,5,4.02
2377,17,3.83
1321,34,2.53
2058,26,2.13
2494,11,3.98
2970,37,2.69
2884,30,3.04
2126,31,3.41
2241,16,2.94
401,13,2.38
2157,37,4.27
2840,20,3.36
1947,4,3.3
2311,8,4.11
2377,20,2.65
363,11,3.58
2307,18,3.96
1359,25,3.43
85,15,2.86
1546,37,2.79
1825,13,3.65
308,6,3.95
262,6,3.3
1922,0,3.91
2845,23,1.95
631,29,2.66
680,33,4.09
865,5,2.74
2372,13,3.38
2973,17,3.77
1726,7,1.5
1852,15,2.03
727,6,3.25
1261,10,4.1
1649,6,3.3
217,21,2.38
1270,30,2.71
448,27,3.13
319,32,3.31
1910,38,2.71
2085,36,2.14
2779,17,3.0
1058,8,2.24
39,4,2.81
1603,23,3.96
2257,3,3.19
830,8,3.91
856,7,3.38
2947,25,2.95
2649,16,3.69
2808,17,3.09
1859,3,4.64
1103,34,3.36
1501,20,4.64
2482,22,3.54
1821,32,2.96
842,13,2.87
2080,38,2.86
2441,27,1.75
1256,17,1.65
2958,13,4.22
2240,9,3.57
1940,14,3.48
270,4,2.83
2786,24,4.38
2125,11,2.89
735,11,3.37
884,22,3.56
2332,11,2.22
1113,26,3.14
2592,14,3.2
649,11,2.8
1180,6,1.78
2298,38,2.01
2143,1,2.51
17,37,3.08
117,12,3.49
983,20,3.34
2381,36,3.58
1847,15,4.54
1546,24,2.92
2694,0,3.97
2164,35,3.3
963,37,3.36
1277,39,3.03
847,19,3.58
2364,11,3.83
2858,28,4.49
372,34,3.09
2808,18,4.53
2925,23,3.71
1607,26,3.92
156,20,3.41
2662,34,2.28
2556,24,3.64
465,26,2.62
783,6,2.59
804,15,2.5
220,34,2.97
2063,21,2.23
1774,13,3.49
117,26,2.25
2379,32,2.88
2104,24,2.82
1375,16,3.29
2019,32,1.38
308,31,2.99
222,6,3.21
1197,20,2.33
797,4,4.02
1530,33,2.82
151,15,3.63
1721,21,3.33
1557,10,3.3
112,8,3.41
683,28,2.84
1162,13,2.44
2380,26,3.01
1566,29,2.22
893,10,2.73
1331,19,3.04
161,7,2.11
1426,20,2.3
278,28,3.09
1557,37,2.87
2945,31,2.57
497,31,3.09
1396,12,3.09
1916,11,2.27
655,3,1.89
303,22,3.95
438,12,4.09
2774,5,3.19
186,15,3.44
1590,15,2.88
673,29,1.68
1274,25,3.86
1001,9,2.32
2327,11,2.61
683,18,1.06
1719,31,4.37
925,17,3.27
2428,30,3.7
2883,4,2.93
999,8,2.61
285,12,2.04
421,9,3.79
2161,5,3.0
2276,15,3.76
1495,17,3.77
528,18,2.62
2544,14,2.49
31,38,3.61
162,3,2.13
1842,39,1.62
705,36,4.05
722,6,3.08
1402,32,2.69
446,35,3.41
2792,21,1.71
427,11,3.16
2552,0,2.88
1551,1,3.83
1968,30,3.43
721,31,2.65
2732,38,3.57
1802,12,2.32
2630,9,3.63
1965,7,2.2
1058,6,4.59
2045,24,3.15
736,18,2.43
2739,18,4.26
758,20,3.18
1796,25,2.05
1644,34,3.06
754,24,2.77
24,36,2.78
1240,24,3.17
55,10,2.6
1305,36,3.72
2852,13,2.89
2375,18,2.49
970,28,2.39
2234,9,4.33
2543,19,3.73
434,18,3.37
208,28,3.94
133,35,2.87
1363,16,2.63
1220,21,3.54
1286,11,3.54
1306,17,2.88
369,27,3.85
1207,22,2.83
2471,0,3.55
2292,13,3.42
782,27,2.88
2672,32,3.06
567,6,2.41
527,15,2.51
37,11,3.17
178,7,3.24
639,32,3.21
2900,38,2.97
72,2,2.52
2400,38,2.92
2671,18,1.45
1173,25,2.32
1721,26,3.76
105,28,3.75
1683,32,2.9
221,17,3.04
1850,23,3.95
863,3,3.48
2566,30,2.35
299,7,4.33
2909,17,3.35
42,15,1.86
771,37,2.33
2945,34,3.05
2540,14,2.24
1463,0,3.89
2133,23,2.87
1710,18,2.22
991,35,1.38
711,14,3.6
209,18,2.54
1272,28,2.22
1235,33,3.32
39,34,2.41
1276,21,2.99
2974,14,2.64
1827,6,3.42
762,20,1.9
1437,7,3.31
2994,6,2.31
1470,12,3.07
2100,5,1.81
374,31,2.99
931,4,4.09
156,37,2.87
1566,9,2.9
1114,37,4.01
2727,10,1.49
2399,22,3.04
2117,25,1.48
1266,24,3.45
654,25,2.92
63,24,2.11
509,3,3.15
2340,25,2.48
1688,16,4.34
1448,15,1.92
1693,13,4.01
2869,32,2.41
1389,14,4.58
2198,33,2.19
1295,3,2.35
2929,32,2.83
1605,32,3.06
1140,5,3.83
704,1,2.34
516,34,4.42
1938,21,3.31
1834,31,2.7
1265,25,2.79
30,3,2.5
326,31,4.69
2997,14,2.15
16,32,2.59
111,21,2.51
2920,20,4.02
2761,1,1.91
107,19,2.58
2427,10,3.84
2210,19,4.6
283,29,3.07
269,19,3.36
2532,32,2.74
2715,23,2.28
1221,15,4.52
1267,2,2.54
598,31,3.45
799,24,2.31
1283,29,2.39
2846,13,3.05
1173,3,2.6
1891,25,2.27
2438,31,3.58
2012,7,2.44
2464,24,3.27
426,38,3.62
1726,25,3.84
2915,26,1.81
2134,10,2.8
1240,7,2.0
2471,1,2.79
118,12,3.22
2930,14,2.44
2463,22,3.36
599,13,1.65
2088,24,3.03
1185,24,3.37
2751,10,3.58
2585,25,2.28
2468,17,3.1
664,35,2.83
2143,19,2.4
1582,8,2.86
650,1,3.51
1490,22,4.13
288,39,2.29
1700,28,3.92
412,28,4.73
2448,29,3.85
2576,11,2.15
1042,4,3.58
136,37,3.48
2026,39,1.96
759,38,2.45
1272,29,2.69
2891,22,3.51
2758,22,4.12
1025,16,2.38
381,35,3.67
2557,35,3.47
1529,37,2.67
806,23,4.22
476,28,1.72
954,14,2.34
849,23,2.9
897,23,3.55
32,19,4.24
1928,32,4.1
2166,3,4.56
191,16,2.98
1771,34,3.91
1774,21,1.5
2122,5,2.34
623,20,2.97
1127,9,3.56
2919,13,4.19
586,33,3.01
2468,3,2.6
473,35,3.78
1788,18,4.24
114,28,3.29
1403,3,2.65
1337,15,2.15
2378,15,3.07
339,17,2.99
2286,28,1.92
1197,27,2.76
79,18,3.49
464,3,3.3
1922,7,3.52
2653,4,3.0
1988,35,1.64
562,34,3.79
285,20,2.89
223,16,2.32
2641,29,2.99
1290,27,4.18
1691,39,1.71
2421,36,2.55
1257,36,2.52
2959,27,2.98
828,18,3.47
2284,31,1.8
2719,18,3.35
828,2,2.49
2811,17,3.98
1961,8,2.89
1966,37,3.84
2428,6,4.44
2842,39,3.05
614,0,2.46
563,29,2.9
2468,13,1.88
2100,2,3.34
1745,35,3.09
2867,28,1.87
1806,2,4.22
1969,26,3.05
2253,18,3.22
731,0,3.52
257,39,2.83
185,9,3.63
2193,3,4.61
2032,27,3.47
1714,4,2.82
246,32,2.4
2235,11,4.07
866,19,4.29
2088,10,3.06
601,14,3.97
962,22,3.75
1442,29,3.21
2057,21,4.0
2398,9,2.61
2132,5,2.31
533,39,3.11
989,29,3.13
2043,3,3.48
358,11,4.14
378,14,3.17
2220,21,2.44
1049,27,3.37
393,21,2.38
1127,35,1.8
702,27,3.4
1434,17,3.22
2597,27,4.43
784,25,4.4
1829,5,3.51
2380,27,4.08
2842,23,3.81
2697,35,2.05
983,28,2.1
2591,34,3.71
1043,35,3.93
1172,14,3.72
2539,37,2.72
2331,11,1.95
862,3,2.3
1877,20,3.91
1836,15,2.81
1699,8,4.55
113,35,3.25
1686,1,1.96
1623,19,2.69
1423,20,2.66
862,13,3.62
2658,5,3.1
1933,22,2.76
508,23,3.41
1668,37,3.0
466,14,1.88
2872,37,3.08
2657,37,3.57
1122,35,3.02
290,18,2.7
2916,13,2.91
1763,34,2.55
2830,24,3.23
2210,6,2.29
2672,6,3.29
1867,32,3.14
717,5,1.75
1401,28,3.49
567,30,2.43
1474,37,1.84
994,36,2.57
1141,33,1.77
1988,35,4.19
2644,21,2.39
1994,24,4.37
1810,37,3.81
1205,15,3.11
959,0,3.36
1717,11,3.57
1013,9,4.41
1819,35,2.79
1311,37,3.1
475,7,4.41
618,7,3.0
641,30,2.32
2310,2,3.99
162,31,3.16
2004,15,1.52
1983,5,3.3
2229,18,3.93
725,33,4.03
469,30,3.33
1810,35,2.96
21,11,1.64
260,35,2.12
2514,21,3.01
1140,11,2.58
1437,21,3.71
537,3,4.27
952,23,2.81
2814,30,3.17
1980,29,2.47
1841,13,3.79
1857,20,2.59
2982,8,2.78
851,9,1.93
1972,37,2.27
1281,25,2.28
1192,21,2.68
533,31,2.91
2063,12,1.7
2098,24,2.93
304,30,4.26
416,10,3.23
305,20,1.92
2244,38,3.38
813,21,2.53
2848,5,2.73
2436,30,2.41
2805,34,2.21
1985,35,3.13
2503,24,3.03
713,20,3.84
2753,16,3.7
2896,23,2.6
1682,11,3.92
1334,10,3.52
175,25,2.16
1090,34,3.29
1417,7,4.13
1988,13,2.82
2327,28,1.72
758,14,2.84
2411,31,3.06
1773,33,2.48
171,21,3.81
1075,32,4.31
1352,8,2.77
665,37,1.91
592,38,3.22
2979,3,3.53
1169,4,3.3
2322,28,2.92
2556,17,2.45
2411,8,4.19
1349,31,2.34
848,7,2.15
2703,38,2.76
2346,18,2.24
494,9,2.82
546,30,4.12
2352,11,3.85
1491,19,2.04
904,13,3.58
2287,8,2.47
2698,11,2.61
1541,34,3.96
884,38,4.77
2458,25,4.39
2774,11,2.67
2366,39,2.99
2573,28,3.17
905,17,2.52
620,28,2.6
953,9,3.64
2849,16,4.63
2964,26,3.67
320,12,3.24
876,35,2.16
2377,34,3.04
1901,29,3.91
753,38,3.12
2705,7,2.1
1380,26,2.61
1038,38,3.18
71,25,2.63
2875,30,2.5
2913,29,2.18
1836,5,3.26
2976,7,2.12
1547,3,2.73
106,25,1.63
770,25,3.84
2010,34,3.55
2941,12,1.8
2244,37,2.22
2193,6,1.64
1374,14,2.11
2519,34,2.59
1710,9,2.16
216,10,3.93
1117,2,3.63
260,5,1.85
934,37,3.63
575,30,1.85
1565,10,2.4
1811,32,3.81
285,16,2.86
2532,8,2.11
1955,0,4.19
2420,15,4.83
70,39,2.51
379,0,3.9
1303,31,3.04
2350,19,2.5
255,34,3.24
1708,28,3.18
2992,13,2.8
692,17,4.42
1288,3,3.91
834,14,2.7
2765,8,3.11
2472,28,3.71
2261,39,2.15
2036,39,1.95
1968,5,4.11
100,20,4.59
1853,32,2.92
2356,19,2.16
2726,22,2.76
2523,10,2.38
1572,27,3.32
112,32,3.51
183,20,1.66
2645,39,3.32
165,10,2.17
2863,38,3.12
2138,20,3.91
2024,22,3.85
455,34,2.87
2286,39,2.45
2023,10,4.22
2582,36,2.83
727,13,1.58
2106,27,2.23
542,11,4.11
1938,37,2.75
1022,30,2.96
2666,17,3.48
2450,21,2.93
842,3,1.55
1703,33,3.9
1690,0,3.18
2887,30,2.82
519,39,2.16
197,7,2.02
2094,13,2.22
2578,30,2.48
1421,1,3.59
1689,4,3.39
1000,31,1.18
2824,20,3.23
2122,21,3.88
1638,17,2.53
2383,8,2.47
1871,31,1.96
633,11,2.31
2736,4,3.4
575,35,1.93
2344,29,3.73
1108,24,4.07
1039,2,3.07
1891,34,3.58
478,9,3.44
2681,12,4.12
2367,22,2.56
2527,2,2.39
2416,22,2.67
367,11,3.21
1837,18,2.06
2426,4,1.77
1716,16,4.36
2511,35,3.21
1618,31,3.45
13,32,3.55
536,36,1.94
2318,7,4.17
376,15,2.06
1725,5,2.46
257,26,2.6
2265,13,3.66
450,14,4.31
894,27,2.54
1185,14,2.82
2080,13,2.26
1848,33,1.71
1284,28,2.57
1309,19,2.53
610,19,1.6
917,25,2.8
2590,21,4.04
1626,23,1.72
148,31,3.22
656,31,1.83
2115,9,2.42
2618,37,3.02
1817,25,2.99
1303,24,3.7
2796,7,3.08
443,24,4.11
2945,0,2.04
399,39,1.97
1152,32,3.82
2530,11,2.13
2996,6,1.23
2234,13,2.45
2217,25,3.38
1708,13,3.48
1988,29,2.75
1671,37,1.7
1582,4,4.01
507,24,1.54
2569,27,3.13
161,13,3.33
340,31,3.55
1826,3,3.66
1499,17,3.4
1624,26,1.78
1487,34,2.49
1507,31,3.45
2752,31,3.17
1177,5,2.86
823,24,3.16
785,21,2.11
131,1,2.71
1476,4,4.4
2564,17,4.18
1500,12,2.66
2584,0,2.91
2789,24,2.3
781,26,3.0
1708,10,3.12
1770,29,2.02
1319,9,3.86
1939,21,2.91
1459,7,2.53
2636,27,2.18
2774,22,3.32
2991,26,3.25
376,26,3.42
2252,16,2.76
661,18,2.74
2123,24,3.74
1404,2,3.22
741,27,4.07
304,21,3.79
1086,4,2.93
2618,37,2.81
786,0,2.04
1211,9,4.17
229,23,3.54
1855,28,4.16
268,30,2.13
2775,26,2.43
2850,18,3.34
254,27,2.3
870,22,2.02
2135,36,3.22
1205,7,3.78
1049,15,1.5
2270,38,4.32
990,34,4.55
397,25,3.05
938,9,3.13
2559,22,3.05
2609,20,1.78
2894,11,3.96
440,39,3.5
1928,10,2.51
2359,0,2.94
2008,11,3.82
35,35,2.96
2265,27,2.84
721,27,4.02
519,37,3.46
269,35,1.31
638,19,3.81
2523,34,2.58
1349,35,3.68
1380,23,2.66
90,38,2.88
1066,31,4.46
1389,23,4.15
1695,21,1.7
1390,39,2.79
2336,20,1.58
481,8,1.83
2685,24,4.46
501,35,2.15
1662,33,3.67
2100,12,3.01
103,37,3.38
1448,39,3.24
2747,1,2.05
1964,12,3.07
1640,30,3.83
2518,11,1.97
1328,9,1.8
2475,38,3.23
1680,0,2.93
2158,0,4.06
1589,0,3.11
2563,28,1.34
68,11,3.19
2437,19,3.17
1674,29,3.13
308,21,2.06
1376,29,3.3
1823,22,2.28
1090,32,3.46
460,18,3.07
2395,21,3.07
2373,24,3.31
667,0,2.83
1623,34,3.35
1057,20,3.02
68,36,1.89
2235,35,2.22
2240,33,2.93
1237,17,3.9
1624,34,2.51
2476,28,2.82
1375,21,2.28
2264,8,3.57
177,29,3.18
1589,39,3.29
1354,5,3.51
2609,28,3.3
2929,9,2.36
626,26,3.69
2655,26,2.75
179,3,3.59
395,37,3.56
1169,39,2.77
876,15,2.35
962,18,4.31
198,17,1.53
969,28,4.43
669,29,2.43
2505,1,3.01
1277,38,2.9
1911,2,3.27
72,39,3.55
223,22,3.18
2324,13,3.62
1270,31,3.35
1365,9,3.9
2621,39,3.48
924,18,4.04
471,38,2.39
2502,27,3.19
2055,25,3.41
188,0,3.13
2052,24,2.59
1669,31,2.62
2955,15,3.58
1149,9,2.68
960,11,2.97
2573,20,3.99
630,15,2.4
775,18,3.63
360,13,3.96
518,14,3.85
1344,39,3.89
1970,24,2.66
921,33,3.03
2900,32,3.2
935,38,3.08
1987,23,2.39
901,38,3.32
1729,16,2.74
2447,28,3.82
1370,23,2.58
1219,35,4.02
2216,18,3.28
377,3,1.56
1775,5,3.99
1506,28,2.8
1268,36,2.73
2655,24,3.33
1011,23,3.78
2637,11,2.09
1195,20,2.76
1231,18,2.96
1178,9,1.27
2096,6,2.07
1673,22,3.55
1929,14,3.1
173,11,2.1
2554,23,3.66
2446,21,2.35
294,1,2.86
552,10,2.13
1471,2,3.43
2898,7,2.55
1040,27,1.99
1663,7,3.06
885,14,3.18
1373,22,3.1
1227,6,1.75
134,21,2.91
771,17,2.04
2556,2,3.31
1090,34,4.57
480,13,4.14
863,0,2.13
459,37,2.94
626,28,2.57
159,27,3.79
2209,18,3.37
1278,16,3.98
2008,6,3.17
1921,26,3.69
940,35,2.1
1573,34,2.6
2203,31,3.34
2534,31,1.48
432,8,1.49
1051,16,4.24
1004,29,2.09
2115,38,2.44
2590,25,1.52
2144,11,2.03
215,34,3.01
2242,29,1.9
1671,27,3.14
1314,18,4.07
885,38,3.01
2087,33,3.93
1888,35,1.53
939,23,4.38
939,15,2.55
206,11,3.17
942,14,3.91
555,14,3.56
2532,21,3.06
1520,32,2.69
771,23,2.92
249,33,2.61
1098,2,4.22
373,16,3.37
1855,21,1.44
2927,20,3.6
835,32,4.4
2919,3,1.47
702,24,3.27
2186,16,2.67
2996,10,2.09
2505,23,1.59
2862,33,3.74
2871,23,3.75
942,29,1.74
2492,29,2.58
2401,36,2.93
996,23,3.01
794,37,3.82
2459,3,3.06
678,35,4.13
1814,2,3.94
1562,23,2.69
453,38,2.38
2467,19,3.68
2498,10,2.9
1139,23,2.75
51,23,2.49
1393,21,2.79
1539,31,4.33
210,21,2.88
888,25,3.71
1927,8,2.0
850,12,2.88
1878,26,1.51
627,21,2.82
2727,4,1.97
1459,14,4.08
2825,38,1.43
1251,9,3.28
663,12,3.07
268,16,3.13
2164,15,2.86
1624,28,4.34
1854,20,3.22
754,14,4.34
1353,24,2.84
1869,32,1.92
1064,1,1.82
182,23,3.76
1514,3,4.03
903,30,3.42
1143,25,2.76
2994,20,3.66
2306,10,4.14
1507,2,3.11
2557,21,2.66
2140,17,2.12
2003,28,2.95
1185,39,3.15
149,31,3.54
2165,20,2.07
2506,23,1.93
2613,34,1.01
2862,15,2.42
2093,32,1.52
1801,13,1.95
2022,2,3.02
2822,1,2.75
1843,32,2.71
2037,36,4.02
2282,27,2.5
1399,2,3.44
1571,10,2.1
1874,19,3.65
1973,12,1.88
2245,17,2.88
2073,14,3.53
2443,4,2.74
714,10,2.65
1809,2,4.04
223,23,2.05
864,19,2.28
530,16,4.75
1212,23,3.54
1426,38,3.33
2305,39,1.49
654,26,3.24
1160,12,3.55
1843,9,2.12
2639,38,2.46
444,21,4.6
2466,31,2.29
574,10,3.81
2177,5,2.59
1011,7,2.57
341,22,1.72
2858,12,1.9
1281,35,3.74
100,24,3.4
2087,38,2.53
2311,2,1.96
150,24,2.98
1657,12,3.93
2738,34,2.35
2861,29,4.19
1354,27,2.93
1144,34,4.43
1608,26,1.69
2267,36,2.17
2954,29,3.43
1838,7,4.21
244,24,2.72
2934,39,2.87
587,6,3.25
2566,2,1.81
2238,12,2.85
2963,0,2.42
2663,7,1.62
856,6,4.17
2514,31,3.33
2147,29,3.35
2036,23,2.99
830,38,3.39
1387,28,2.53
1717,32,1.65
1688,29,4.42
56,4,3.41
1726,20,2.45
1954,38,2.82
1046,20,2.97
2628,1,3.86
185,8,3.28
522,1,1.8
1602,18,2.58
2312,35,3.58
1249,36,3.02
1659,14,1.99
1062,18,3.29
1003,20,3.05
2171,36,3.81
2349,32,2.29
2881,29,3.62
2018,3,1.83
1929,25,3.35
2693,26,2.47
2922,30,2.88
394,2,3.0
1618,3,3.28
661,7,3.26
1429,19,1.83
1155,36,3.67
69,32,3.5
2810,19,1.65
320,3,3.06
2225,11,3.45
584,34,3.68
1865,25,3.17
1184,15,2.59
582,16,4.5
1768,12,2.62
1557,2,2.41
1799,13,2.77
111,20,2.25
999,35,3.22
758,17,1.49
283,4,3.02
1743,25,2.9
2242,35,3.86
1071,4,3.38
2390,37,1.67
2570,13,2.4
1394,26,3.07
801,12,2.31
2951,38,3.16
131,12,2.01
1294,13,3.23
1964,25,2.54
2862,3,3.0
61,21,1.76
2212,11,2.46
1549,6,1.97
272,29,2.96
1782,2,2.53
2181,16,3.38
1268,13,2.81
1458,26,3.12
38,37,1.77
1895,3,4.35
1343,15,3.19
2665,32,3.28
474,6,3.4
59,6,2.68
2637,14,3.16
1964,6,2.34
2547,35,2.66
1919,1,3.64
2615,18,4.14
2615,15,4.42
904,24,2.62
383,27,3.0
1412,29,1.87
85,39,2.33
1534,21,3.02
2675,16,1.9
2874,14,2.78
2341,39,3.7
1091,25,4.06
2835,27,2.51
129,37,3.69
2077,16,2.58
1569,24,2.54
692,34,3.15
1961,4,2.83
133,17,2.52
1209,18,3.74
646,38,3.37
2737,37,2.86
2582,12,3.02
1613,35,4.09
516,22,2.59
2046,1,2.39
1864,34,3.61
2213,31,3.63
2975,10,2.3
933,27,3.63
1664,8,4.59
557,38,4.32
1672,18,3.41
2728,16,2.81
993,28,3.09
1629,9,2.34
1692,10,3.88
757,4,3.1
1105,24,3.12
1271,5,1.75
2903,11,3.52
2541,33,1.22
649,32,2.42
1410,26,2.63
992,26,3.94
1331,17,2.6
628,36,3.09
2673,28,3.4
2591,13,2.7
2055,16,3.24
1950,27,2.71
954,32,2.5
2563,34,3.22
1843,5,3.19
2803,5,3.11
2121,7,2.69
10,34,3.18
1597,8,4.26
2610,14,3.03
122,13,1.88
687,13,2.58
2010,7,3.93
2561,7,3.74
441,25,2.3
2750,13,1.93
591,22,3.29
1369,19,2.15
1990,30,2.81
1362,32,3.32
1208,13,2.93
2115,12,2.61
2065,19,1.79
1407,10,3.86
2416,20,2.99
2952,24,2.98
1340,24,2.44
1521,15,1.96
2769,23,2.55
1577,24,3.13
908,14,4.19
2521,8,2.34
115,10,1.73
2148,27,2.16
2486,7,1.51
1369,28,1.88
2397,38,3.11
139,29,2.13
828,7,2.89
2372,13,2.52
846,1,2.51
2342,20,1.99
1981,12,2.46
1553,14,1.82
1316,12,3.86
74,0,2.5
484,0,2.75
16,7,2.87
1550,18,2.65
1360,1,3.46
2841,11,2.97
1897,25,2.33
2564,7,1.66
2973,8,3.27
1151,11,1.87
2872,25,3.88
2566,22,2.36
129,21,4.64
511,35,1.95
423,23,2.4
2433,20,2.97
1907,13,3.44
232,15,3.67
959,5,3.38
825,14,2.22
65,36,2.67
833,4,2.83
615,34,2.66
2029,20,3.65
801,34,3.73
1968,22,2.64
278,3,3.13
2014,37,1.79
1718,34,2.16
2414,30,1.94
2564,28,2.99
1239,19,2.13
2487,17,3.92
428,16,3.59
2777,12,3.28
2444,15,2.62
1525,20,1.96
1487,38,3.72
586,17,1.81
375,6,3.24
1524,7,4.64
2996,14,2.97
93,28,3.12
1601,30,2.17
2369,10,3.41
914,25,3.79
1346,30,4.2
1841,13,3.08
1302,9,2.74
1622,30,2.66
1562,32,2.64
1754,25,2.79
1417,17,1.81
2965,12,3.07
95,16,2.65
1780,38,2.86
959,26,3.63
1131,33,4.06
1414,10,3.01
1784,22,3.79
2119,34,3.95
664,28,4.15
969,5,3.33
2635,33,2.38
2775,25,4.38
2416,21,4.72
2099,18,2.1
1167,39,3.68
1572,15,3.03
1524,12,2.49
988,6,3.05
2308,8,3.28
1226,27,3.29
1209,10,2.62
2206,1,3.26
99,39,2.99
2289,37,3.75
1515,33,3.47
202,27,3.94
634,16,1.25
746,6,3.4
490,1,1.62
579,27,2.54
2575,25,2.88
273,23,3.23
1243,13,4.02
786,14,2.9
453,28,2.9
1176,29,3.28
2395,20,3.24
816,1,3.25
414,35,2.38
1551,23,3.07
431,32,3.44
2427,36,1.45
895,4,2.16
2476,38,4.55
1947,38,3.94
1108,31,3.31
192,34,3.0
41,19,3.35
1888,37,3.14
1860,23,3.42
1797,23,3.38
1333,13,3.7
136,33,2.32
1814,19,2.96
106,18,2.89
519,31,3.69
1942,2,1.53
2862,30,3.26
1566,38,3.49
126,35,3.77
2448,27,3.42
2127,23,4.31
389,34,3.8
1559,37,3.52
1725,22,3.6
2122,16,3.72
1029,2,2.19
1943,3,2.79
82,7,4.35
1561,19,2.53
776,37,4.01
278,20,3.59
2888,10,3.58
1879,12,4.32
2272,4,3.63
1608,27,3.09
606,0,4.31
2067,7,3.45
640,33,3.1
1790,9,2.41
1757,39,3.09
1367,37,3.3
2145,38,1.92
175,17,2.54
1377,35,1.93
348,30,3.1
1,14,3.49
63,28,3.09
1784,24,1.5
226,8,1.88
2471,36,3.26
1043,20,3.96
2079,35,2.66
845,20,2.84
2681,24,3.48
24,28,2.37
2885,34,4.2
1235,3,3.19
1985,36,4.07
161,38,3.07
1279,32,3.06
1595,38,3.78
2162,29,4.79
2552,16,3.42
1953,13,2.92
1696,31,3.18
955,36,3.99
357,34,2.1
2217,11,2.16
969,16,3.68
242,7,1.94
139,27,2.99
2145,8,2.59
147,31,4.15
1081,26,3.37
1066,19,2.48
2914,7,2.29
543,7,2.28
692,6,3.23
1026,33,2.47
1162,13,3.27
1641,29,1.93
2952,26,3.79
730,31,3.35
2379,22,3.01
2665,27,2.74
404,8,2.72
2556,14,3.14
1940,32,2.59
1151,20,3.09
1736,12,3.9
1039,35,3.18
2274,20,2.9
2913,28,3.36
745,7,2.8
2541,13,2.11
319,39,1.61
1243,5,2.13
773,20,1.66
1917,14,3.3
2500,35,2.81
944,15,3.31
2896,11,3.91
2015,20,2.67
1214,20,2.56
2932,3,2.52
419,24,3.22
865,17,3.32
789,21,3.42
1872,1,2.52
495,15,2.88
1063,28,3.5
2210,8,3.84
2026,39,3.46
2169,24,2.54
2447,8,1.38
1986,35,2.72
728,4,1.94
561,11,3.32
2652,32,4.62
1153,26,3.04
540,24,2.11
2404,23,2.35
660,21,3.57
2480,16,1.37
1864,12,1.99
2611,19,3.46
1451,35,2.0
817,25,3.37
1945,24,1.46
2759,8,3.55
1216,0,3.8
12,1,2.25
2287,14,4.27
1896,3,3.41
2501,2,3.93
2431,10,3.5
2830,11,2.57
48,23,3.27
2365,31,4.61
2257,3,3.82
1571,18,2.39
577,13,4.42
2363,23,3.21
754,35,3.68
1060,30,2.9
2963,22,2.82
2803,9,2.47
554,17,2.87
403,29,2.78
1131,24,3.11
2087,13,2.64
2629,21,4.04
2228,18,3.34
2060,21,4.21
2991,11,4.27
548,4,4.63
1150,9,3.02
63,27,2.94
844,26,2.55
1009,25,3.58
1843,39,2.58
2032,10,2.38
1323,19,1.73
2082,2,2.26
752,6,2.76
49,2,1.52
658,10,2.87
1661,36,3.88
701,10,2.62
1081,23,3.65
2157,16,2.85
1541,31,3.58
2072,5,2.52
2269,27,2.04
1984,23,2.66
315,29,2.95
2342,4,3.02
1701,2,2.61
1018,30,3.64
638,18,2.81
2315,28,2.08
2136,7,3.56
2503,5,2.93
1650,16,3.31
2805,31,2.12
2479,1,1.76
1776,7,2.72
1967,32,2.93
2959,29,3.39
1964,6,2.17
1768,2,3.81
242,38,3.21
702,6,2.44
2950,7,3.0
741,24,3.5
2114,28,2.1
2426,25,3.25
2436,23,2.06
1815,4,3.43
781,21,2.64
2257,32,2.68
16,3,1.57
986,38,3.72
367,39,2.35
2828,3,4.14
1253,7,2.93
2488,30,2.78
690,9,2.97
1060,2,4.24
847,39,2.82
422,7,3.14
1644,21,1.71
1213,2,3.52
608,27,3.52
1339,25,2.16
20,39,3.09
676,9,3.19
382,2,2.47
609,23,2.92
2191,12,2.88
62,29,4.38
1266,10,1.72
2286,34,2.75
1155,29,3.96
1629,17,1.97
1627,23,4.41
1147,25,3.7
1464,32,3.19
927,38,3.21
2390,14,3.87
1443,28,4.44
1654,20,1.64
2503,23,3.83
282,34,3.98
886,18,4.21
1025,30,3.16
723,28,3.85
1799,20,4.28
1236,18,3.05
87,20,3.06
665,14,2.26
862,33,2.93
1723,14,4.22
2109,12,2.97
2845,31,2.97
2143,22,2.98
786,4,3.53
1577,30,2.18
1668,19,2.99
2345,29,2.85
694,26,2.33
2447,32,2.72
2994,4,4.33
1255,37,2.54
534,2,4.5
402,29,3.2
130,39,2.29
2340,8,3.73
276,18,3.95
2960,28,2.7
1859,14,2.21
2974,21,3.04
55,12,3.45
2787,15,2.59
765,28,4.14
1221,21,3.76
642,38,1.9
1848,22,2.67
724,9,3.77
1214,34,2.77
802,22,3.44
738,5,2.64
758,35,2.0
1592,11,3.09
2615,23,2.78
1300,38,2.14
1842,28,3.85
340,19,3.48
153,14,2.24
1589,31,3.48
1422,28,3.46
1468,23,2.41
427,14,3.48
2252,35,2.61
1136,3,2.53
2373,20,1.77
950,31,2.34
2999,26,3.96
1374,10,2.55
2031,7,2.81
2987,27,2.8
957,29,2.17
1702,34,2.14
2942,3,2.82
2483,25,2.49
1304,20,4.87
371,33,3.99
2981,29,3.53
2297,3,3.57
2939,35,2.51
2229,31,2.34
703,12,2.65
1675,17,1.81
2126,20,2.85
2967,5,3.01
2933,35,3.68
2384,30,2.17
50,30,4.42
2133,5,4.27
2743,37,3.45
2052,12,4.23
993,36,4.4
2365,33,2.88
1135,38,3.52
1358,24,1.96
1875,25,3.41
763,34,4.28
2660,13,2.95
1005,32,3.22
2962,9,2.84
2847,21,2.64
2167,37,3.92
350,9,4.11
2965,39,2.02
687,39,2.13
542,13,3.21
361,28,3.02
2756,29,3.16
2733,22,4.16
2378,1,3.34
2267,15,3.17
2256,36,3.46
1694,17,2.18
2893,12,2.85
85,38,2.07
685,32,1.72
245,2,2.84
2920,15,4.56
1359,12,2.88
596,13,3.68
2733,38,4.01
1157,12,1.39
1824,33,3.42
1798,15,2.12
350,20,2.95
2330,10,2.73
2341,32,2.7
1293,17,2.72
1885,20,2.4
1561,8,2.95
984,28,2.53
2068,32,3.12
2807,37,4.67
1864,28,3.5
1980,38,2.93
1737,9,3.03
2453,17,3.15
1139,13,3.44
1919,2,3.22
701,9,4.2
2074,28,1.8
566,10,3.25
395,27,2.8
1957,39,3.74
523,25,4.03
1563,26,2.12
2910,26,4.79
1107,22,3.21
2850,32,3.06
550,13,2.55
1469,0,1.57
2135,32,2.94
833,15,2.91
387,23,3.33
963,24,2.49
2716,31,2.94
1422,29,2.58
286,2,2.88
2746,25,4.45
369,13,3.72
2703,14,3.53
1446,36,3.59
1742,39,3.91
2702,15,3.15
2745,17,2.42
1467,20,3.14
1777,36,3.33
1544,9,2.61
915,31,2.28
288,3,3.25
95,25,2.97
2717,2,2.77
2089,24,3.28
331,6,3.91
1837,4,2.97
1805,35,2.67
1179,30,1.81
2552,3,2.53
275,5,2.88
1589,5,1.78
2227,23,2.82
1957,15,2.66
1776,18,3.4
2185,22,2.17
767,33,2.04
988,19,2.59
1760,20,3.97
1204,35,3.25
2291,26,1.34
1120,34,3.83
197,23,3.11
526,30,4.37
632,13,2.16
1411,3,3.49
408,17,2.68
1293,11,3.21
1195,0,2.42
1949,5,1.28
691,37,3.78
2218,4,2.13
159,7,3.54
2495,29,3.13
1690,8,3.99
1938,19,4.12
1018,24,3.54
1081,21,3.81
112,26,1.7
48,11,4.11
1911,29,2.28
376,19,1.94
828,32,3.83
2081,15,4.35
2552,28,3.45
627,13,2.67
1920,24,2.01
1027,23,2.6
1892,31,3.14
2090,17,3.63
2057,21,3.11
819,7,2.19
657,4,2.69
1812,19,3.35
790,32,2.98
1460,36,4.32
1155,31,4.1
1630,3,3.96
1544,33,2.42
2646,35,2.46
1674,1,2.46
1905,18,2.05
1437,28,3.46
936,37,2.7
21,31,3.27
999,20,1.9
1432,3,2.2
457,33,3.52
1468,27,4.18
2028,37,3.67
265,31,1.46
2232,4,2.73
2275,24,2.25
2047,22,1.84
969,12,2.16
805,5,3.61
1254,2,2.18
723,39,2.21
1096,12,3.76
1002,26,1.76
2923,14,1.86
84,22,3.69
740,17,4.08
1758,29,3.64
1994,32,3.02
223,8,2.47
2841,5,2.29
2781,25,3.1
2453,20,2.1
1193,28,2.45
329,37,2.19
426,17,2.08
1578,13,3.79
770,3,2.38
1220,25,3.49
608,13,2.7
1853,13,2.92
2574,24,2.58
2673,6,3.51
2125,29,2.78
2047,17,1.57
1301,37,2.29
920,11,2.55
2994,5,3.45
466,23,3.13
1965,30,3.28
1472,3,3.95
1946,31,2.49
1184,14,1.23
2540,9,2.43
2361,21,3.4
1655,13,3.68
2040,29,2.82
1185,3,2.04
2356,3,4.27
1699,28,4.1
2739,21,2.78
2137,28,2.54
2783,37,2.49
778,22,3.45
2799,4,2.59
2419,20,1.42
2499,18,3.45
167,6,3.2
2440,20,2.65
736,17,2.69
2539,28,1.98
925,26,2.8
1174,36,2.62
1492,37,2.88
1990,28,3.04
1067,0,2.26
945,29,2.6
29,30,2.57
1898,28,4.05
1656,5,3.38
1873,36,3.0
1055,37,2.58
2741,30,1.98
1698,21,3.6
2176,33,2.41
2815,31,2.73
2489,31,3.15
2917,5,3.21
1412,30,2.5
1790,27,1.84
1666,12,3.27
524,0,1.09
1571,7,2.86
1734,5,4.08
760,24,2.45
2158,4,3.81
1352,36,2.74
1269,10,3.27
1786,33,2.92
1853,4,2.63
2211,14,2.25
2608,10,3.91
399,33,3.52
2631,6,1.8
2447,4,2.37
1670,2,2.99
239,23,4.25
1604,23,3.08
1147,3,2.46
1558,30,2.49
2158,35,2.83
1295,24,3.57
300,3,2.52
1766,31,3.04
764,14,2.44
249,23,3.89
2569,29,1.72
34,29,2.35
228,34,3.48
585,23,3.34
2861,0,2.82
724,37,2.62
2632,17,2.13
570,12,2.79
220,34,1.97
1395,1,3.68
2835,33,2.12
2576,19,2.42
2123,2,2.97
1642,20,2.59
136,27,2.42
2122,32,2.66
254,35,2.56
1955,6,1.56
50,5,3.38
515,7,3.44
2792,26,2.5
2779,13,3.21
2619,10,3.15
1838,34,2.88
576,21,4.05
1166,35,3.22
903,28,3.42
2250,25,3.74
2255,18,4.2
415,30,3.58
2269,27,2.66
2806,6,2.18
1105,35,3.4
763,12,3.29
563,0,2.88
2417,29,3.59
1516,35,3.1
1935,19,1.99
2944,34,3.72
1370,8,2.29
204,23,2.16
1577,35,3.0
69,37,1.48
516,2,1.68
2288,11,1.77
361,33,2.47
1465,27,4.05
1055,31,3.39
1923,9,1.86
1653,21,3.33
707,13,2.44
1626,1,3.69
2738,22,2.33
657,38,4.43
1346,0,2.72
344,16,3.35
536,14,3.76
355,36,1.47
928,25,3.67
983,6,3.79
2018,11,2.5
2153,38,1.5
1346,16,2.11
1596,36,2.19
1907,34,1.84
527,22,2.99
2552,9,3.65
931,13,2.97
2757,20,4.51
2283,12,3.74
1947,14,2.9
1287,11,3.31
2542,7,4.42
1917,32,2.7
1594,16,4.23
2926,17,2.8
1374,27,4.22
1224,12,3.43
1960,24,4.5
966,14,1.9
964,0,4.26
897,31,2.43
1359,34,2.61
217,11,3.32
623,20,3.79
353,26,3.11
692,36,2.9
2723,6,3.79
631,13,3.86
2373,33,2.94
2949,27,4.0
1169,34,2.76
2356,5,3.0
654,12,1.98
2333,9,2.36
392,5,4.35
2408,16,3.82
769,26,3.56
797,7,3.65
932,1,1.91
1971,3,3.15
165,21,1.39
733,25,4.32
581,28,3.09
821,32,2.48
1248,12,1.64
124,18,2.06
1972,26,4.07
344,20,3.01
1875,27,1.68
524,26,2.99
129,23,2.41
1159,19,2.71
2705,14,2.0
2786,28,3.32
2987,1,3.75
2119,27,1.69
2321,18,2.23
1211,16,3.66
1027,21,4.15
1309,15,1.71
22,12,2.25
166,23,3.21
1334,39,3.54
2923,0,1.87
1501,7,1.65
498,18,3.86
434,28,2.98
2806,32,1.9
2282,25,4.42
837,17,2.71
1694,4,1.91
663,28,2.29
725,16,2.09
376,36,1.78
2778,20,2.97
303,17,2.81
2453,9,3.23
1687,7,2.82
708,1,2.04
917,22,1.3
2069,23,1.63
257,1,2.7
399,13,3.71
51,27,2.56
2495,25,2.59
2875,5,3.57
595,21,3.49
818,38,2.26
636,30,3.8
1073,19,3.97
1653,23,3.14
1142,11,4.54
1477,24,3.99
775,25,1.49
1971,25,2.63
1665,3,2.67
397,22,3.38
2731,32,1.67
2759,17,2.07
1396,2,2.59
1121,29,1.77
529,36,3.58
685,20,1.67
2661,10,2.56
2234,26,2.73
2744,13,2.96
2263,26,1.62
2264,37,1.91
2077,1,4.07
102,15,2.06
123,1,3.94
2102,29,2.88
1307,23,2.42
1638,8,2.17
1141,3,2.94
616,33,2.83
557,26,2.51
114,23,2.89
2903,2,3.35
1567,5,3.12
2724,10,3.63
977,4,2.63
701,39,2.7
1317,20,3.51
2340,22,3.62
261,31,3.31
2612,33,4.0
2097,3,3.58
1030,31,3.58
379,12,3.19
1910,17,2.96
2272,4,2.78
1047,20,2.68
1008,36,1.56
2705,26,2.92
110,18,2.84
2772,9,3.9
2601,25,3.19
1423,12,4.47
1006,21,2.68
698,5,2.86
2774,1,2.45
306,17,3.6
1606,12,3.85
1732,11,3.29
959,12,2.37
954,15,3.04
1175,17,2.38
2669,26,2.84
2678,18,3.11
2925,37,2.92
1631,12,3.72
1792,0,3.06
2604,11,2.53
1972,34,3.04
67,14,3.92
1180,34,2.86
835,6,1.97
206,16,1.54
2834,12,2.76
155,34,4.04
1715,18,3.05
1533,10,4.16
1596,12,3.39
2046,14,2.57
2831,8,2.88
1491,19,2.63
2633,29,2.64
708,18,2.85
1935,8,2.83
179,21,2.83
1072,14,2.73
1096,23,3.84
113,10,3.51
757,35,3.08
897,19,2.66
1927,25,4.37
2869,5,2.02
159,33,3.17
786,23,3.33
1804,8,2.9
1840,18,2.61
2299,32,2.3
1543,12,2.61
113,12,3.17
259,26,3.22
2155,30,3.51
575,36,2.24
1382,38,3.34
1807,11,3.5
1223,20,3.96
2475,14,3.49
1502,34,3.6
859,33,3.72
2966,7,4.08
1597,28,4.29
1562,11,3.19
2675,37,3.21
2523,0,2.43
2600,9,2.93
2392,6,4.16
2676,5,1.92
2184,33,2.92
277,27,3.56
2013,28,2.13
2079,28,4.51
247,28,2.27
411,37,2.08
2075,1,3.73
73,32,2.42
1121,27,1.88
673,12,3.99
1370,29,2.84
2524,6,2.69
1324,31,2.88
287,36,2.89
1909,30,2.92
212,33,3.18
401,38,2.22
655,3,3.66
498,7,3.16
2896,4,2.1
1352,39,3.01
98,8,3.6
2414,14,3.23
463,36,3.85
2076,14,1.85
2761,29,3.4
273,13,3.82
2874,39,2.34
1151,23,2.19
2250,6,3.1
2498,9,3.34
1112,16,1.88
19,24,2.92
1617,27,3.26
1482,30,3.47
2359,35,3.14
412,0,3.23
742,7,3.8
2672,23,3.27
2780,36,2.97
2683,23,2.9
2546,36,2.97
2292,18,2.7
2738,25,2.56
2625,29,3.57
1404,34,2.74
515,9,1.93
207,13,3.11
948,29,2.02
2442,27,3.39
1829,15,3.58
2766,36,4.07
1999,1,1.68
2250,13,3.31
2168,22,3.41
1673,2,2.13
1831,4,2.58
2437,27,1.76
1561,39,3.21
1848,25,2.6
2282,22,2.78
1657,29,3.75
602,2,2.69
1344,19,3.52
712,3,3.0
982,33,3.9
1204,28,4.15
2905,27,3.52
1392,5,3.0
2124,32,3.67
2697,39,2.42
2698,34,3.83
2544,26,2.86
830,35,3.54
2531,18,3.48
2667,8,3.53
550,35,2.46
646,26,4.61
1245,5,3.08
2550,26,3.7
846,36,4.02
2101,31,3.19
450,34,3.03
2110,5,2.73
44,4,2.54
2868,28,2.72
1582,10,2.97
659,31,3.18
728,23,2.97
2900,9,3.34
2095,34,3.18
2868,22,3.17
1048,8,2.9
1681,3,1.69
2137,19,2.15
1198,2,3.45
1143,16,2.95
2783,12,4.04
1692,6,3.29
2226,15,3.6
1856,32,2.07
1948,29,2.46
1366,35,1.55
2949,5,2.6
438,38,4.24
1452,25,4.3
426,37,3.95
968,6,3.09
1405,16,3.95
486,27,1.36
1756,15,2.24
2508,1,4.09
2969,17,4.14
1580,9,3.4
2796,12,1.65
1897,9,3.48
51,13,3.75
2357,39,3.43
1058,12,3.88
1660,13,4.13
1613,30,3.57
1928,23,2.73
2683,17,1.85
205,14,1.68
2788,21,3.63
1094,34,2.85
533,21,4.25
2156,38,3.48
2924,23,4.46
1265,15,2.76
251,10,2.32
135,38,4.34
1615,27,2.99
2737,19,3.62
407,9,1.66
102,25,2.38
1385,33,3.79
2741,15,3.9
1552,13,3.0
1632,34,2.94
1317,25,3.04
404,15,2.5
814,11,2.94
2903,35,4.71
1630,9,3.02
1027,9,2.43
2990,13,3.63
1021,13,4.07
2225,31,3.93
1281,30,3.8
2921,26,3.27
2525,16,2.53
2446,27,2.93
1520,2,2.77
220,22,3.23
2005,28,2.66
173,32,4.18
2784,26,3.87
1414,3,4.36
502,20,3.55
1813,22,2.32
2809,20,2.01
2179,37,4.11
798,12,2.89
2847,38,3.19
930,29,3.64
723,2,2.78
2263,32,3.13
1334,27,3.32
1275,36,2.61
488,24,3.43
1958,31,3.37
1218,21,2.44
1465,31,2.43
313,1,4.62
79,8,2.82
2228,18,2.57
675,24,3.13
1738,1,3.3
14,33,2.48
2907,36,3.0
2294,33,2.81
2046,2,3.71
1038,3,2.68
2147,34,3.2
33,26,3.84
1460,24,2.79
257,0,3.73
34,3,1.96
2067,30,3.31
1284,27,3.47
2637,27,3.69
1850,10,4.27
2185,17,3.65
359,11,1.84
754,11,3.23
1603,0,2.17
404,23,2.23
1226,1,1.79
1400,17,3.0
2298,17,2.9
2494,13,1.96
278,34,2.03
112,20,3.32
1987,11,2.84
2794,12,2.25
2736,34,2.5
392,21,2.18
969,2,3.23
2191,11,2.48
1056,18,2.06
2229,28,4.42
2627,12,1.68
2846,22,2.53
269,23,2.92
2601,4,3.83
2681,16,4.51
2030,12,2.43
275,13,4.4
743,10,2.73
86,22,2.81
404,29,3.79
2240,25,1.93
2046,29,2.09
1055,25,1.73
2155,9,2.12
1895,24,3.43
2670,38,1.9
276,12,3.54
651,17,3.04
1622,17,2.68
2604,3,3.23
1106,14,2.53
1914,2,2.93
2615,13,2.86
586,10,3.61
2933,5,3.31
129,13,3.18
256,11,2.4
2982,16,4.2
231,39,2.46
1161,10,2.14
2911,23,2.92
2403,16,3.17
1648,7,3.64
2194,3,4.0
2048,6,2.32
260,9,3.34
2135,20,3.74
843,3,1.9
1972,17,2.96
265,37,1.84
392,18,2.83
2280,22,1.6
901,14,2.48
588,21,3.85
2495,36,2.65
1153,2,1.9
1295,29,4.11
466,21,1.99
2982,0,3.27
1194,8,1.51
2176,9,2.42
1973,20,4.12
1050,22,3.68
2621,30,1.77
2559,30,2.62
488,9,4.08
2939,30,2.29
2627,15,4.09
950,6,3.21
406,21,2.01
1050,7,3.82
1107,12,3.54
364,18,3.37
1391,33,3.36
1084,23,1.84
551,0,3.8
1659,32,2.18
292,26,3.43
2837,21,2.24
1961,3,3.17
2864,8,3.14
1818,7,3.47
191,12,2.48
461,25,2.23
2712,33,3.67
1920,20,1.86
2281,30,3.83
2522,30,2.67
2706,19,2.77
271,28,2.99
1158,26,2.62
171,6,2.39
1439,33,2.42
28,18,3.51
136,11,3.19
2973,37,3.57
2453,32,2.22
888,18,4.39
1529,15,2.91
1265,20,4.65
856,25,3.96
2492,38,2.1
2482,34,3.37
1252,8,3.02
509,0,2.0
1327,23,1.69
2082,8,3.12
1026,35,2.07
362,28,2.73
1219,16,2.59
606,25,2.68
1864,19,2.98
1332,14,3.31
1671,14,2.96
716,30,1.93
2298,6,3.64
2195,3,3.26
348,19,3.61
1278,28,1.79
399,17,2.9
1358,31,2.28
1200,11,2.8
2173,19,3.27
2811,13,1.99
2446,24,4.09
2179,3,4.32
1586,31,3.58
2653,3,3.71
2940,18,2.29
822,0,2.9
902,2,1.93
945,14,3.14
2780,16,2.91
1870,17,1.93
334,37,2.98
1044,26,2.88
2253,15,3.61
355,5,3.28
1197,8,2.8
1213,8,4.34
824,2,3.69
1026,2,4.48
1897,8,3.23
2989,0,3.44
168,23,3.24
2416,17,3.04
536,13,3.3
1949,37,2.38
2628,13,3.95
1620,16,2.21
950,17,2.12
207,0,2.38
544,6,2.11
129,19,1.68
1471,31,2.22
2662,0,3.15
2083,26,2.67
2867,10,2.25
2247,11,2.05
1837,37,2.55
77,35,2.88
369,34,2.08
2881,24,2.67
526,37,2.11
349,36,4.27
506,24,3.86
643,3,2.44
238,12,3.17
1304,15,2.49
1601,11,2.39
1456,26,2.05
2186,35,3.71
2660,36,3.04
1674,37,2.72
2728,3,2.31
1847,8,2.67
1855,15,3.22
2887,6,3.62
2986,4,2.07
355,20,2.99
2626,19,2.7
2895,21,2.17
559,17,2.22
2897,25,2.69
1918,4,3.36
1255,38,3.01
1682,35,3.27
1170,28,3.05
1176,4,2.96
1815,25,3.34
2188,1,2.28
663,22,2.79
21,34,3.91
2112,3,1.8
1242,36,2.99
162,39,4.31
130,14,2.78
2629,9,1.45
1951,36,1.98
225,16,2.27
1782,28,3.12
580,22,4.38
1478,20,1.68
107,19,3.88
2669,13,1.77
840,16,2.91
1165,22,2.1
2625,1,2.81
1158,32,3.0
2247,22,3.27
2558,25,1.77
667,30,1.74
2127,39,2.65
1972,17,2.98
2942,17,3.02
512,1,4.68
250,39,4.59
889,4,2.21
1024,2,2.41
599,38,3.42
753,21,4.53
600,7,3.17
2531,11,4.01
2884,21,1.84
2220,11,2.94
2917,18,2.8
2065,24,2.45
1759,30,2.92
1318,25,2.77
2442,10,3.68
1846,9,3.42
1243,0,2.01
234,13,3.0
1414,36,2.57
2296,14,3.12
1926,15,2.14
2100,28,2.53
2063,15,2.64
441,16,2.93
1136,34,4.48
2744,26,2.98
7,5,3.59
1587,31,2.29
826,15,2.83
1269,36,4.09
1311,30,3.16
1628,27,4.23
1037,14,2.34
1170,19,3.01
478,25,2.75
2679,34,2.66
715,15,2.28
1677,38,2.53
2163,34,2.03
509,11,3.69
2105,17,2.73
382,5,3.36
1181,14,4.01
3000,7,2.26
1846,24,3.13
1187,22,3.13
275,31,3.49
1719,28,3.06
1101,38,2.9
1861,3,2.09
2092,15,2.13
718,4,3.06
318,32,3.01
534,39,3.14
1609,27,2.42
1777,6,2.65
2285,15,1.99
2941,7,2.2
2565,8,3.47
1245,10,3.66
1334,2,3.13
1201,7,3.52
1795,6,3.12
2086,17,2.12
2702,35,3.8
1455,16,2.58
1934,32,1.58
747,25,2.88
841,39,4.1
2496,23,3.98
1519,21,2.47
2732,31,3.54
2173,3,3.04
1089,32,2.11
793,19,3.52
2832,17,3.3
1268,31,2.79
1551,21,2.74
2274,28,4.45
2513,10,2.36
2691,6,3.5
293,26,4.05
2769,1,2.53
1405,1,2.65
1649,29,3.16
2804,23,4.19
2214,12,3.49
2817,22,2.06
1242,25,1.69
2919,30,1.99
1076,36,3.68
1398,18,3.31
1694,14,3.51
2615,17,2.26
1038,23,2.58
1364,28,2.35
2650,15,3.03
1563,16,2.96
1113,12,1.88
2953,1,2.61
2089,3,2.69
1292,14,3.78
1162,6,3.83
1030,30,3.66
242,2,2.89
162,39,2.29
2740,3,3.13
2857,29,2.61
979,26,3.79
518,8,1.8
898,28,2.81
783,33,4.08
2832,17,2.49
1180,7,2.9
85,17,2.07
1736,30,2.84
1034,5,2.12
138,21,3.5
754,5,3.35
2954,32,2.32
713,38,2.86
2204,35,3.04
2456,37,1.96
2835,9,2.64
580,1,3.41
554,26,4.18
396,8,2.61
1938,14,3.41
1687,1,4.32
1620,0,3.23
1158,16,3.07
1333,11,2.6
1890,28,4.25
810,19,2.96
2590,13,4.07
170,28,3.88
2338,36,2.93
740,13,2.04
1842,32,1.84
2636,17,4.17
2783,38,2.89
457,0,3.26
2749,33,2.9
1326,18,2.82
2094,23,3.61
1602,39,2.72
1384,29,3.83
1285,5,2.37
1147,1,4.09
231,32,3.47
2998,28,2.63
2685,29,3.38
112,18,2.28
593,24,4.36
2907,12,2.49
2439,6,3.21
2440,5,2.2
2376,23,4.77
1239,13,2.74
1888,10,3.49
2795,15,3.77
2415,17,2.58
2130,13,2.69
2854,24,2.41
2870,29,3.75
1100,16,4.31
1527,18,2.59
1970,12,1.35
952,18,4.18
1503,3,3.77
372,25,3.33
2312,22,3.93
110,19,3.37
2355,12,3.44
1224,5,2.75
226,26,2.77
2233,9,4.08
31,33,4.49
614,28,2.0
1795,18,3.04
99,1,4.07
1363,8,3.85
811,15,1.95
1821,1,3.06
2700,18,3.95
814,23,2.62
1822,20,2.49
1020,7,3.24
2136,15,2.82
1087,34,3.19
922,25,2.65
1411,35,2.98
1483,19,2.46
2634,26,2.7
2866,17,3.28
2980,32,3.55
1660,8,2.9
1918,25,3.43
797,2,2.65
1958,26,3.67
1013,15,3.72
2681,21,2.33
346,1,1.36
724,25,2.23
2949,18,1.83
1102,21,1.88
1389,25,4.28
1038,8,3.89
136,19,4.54
1328,32,2.67
2445,26,2.47
792,29,3.0
79,13,1.72
1779,13,4.56
705,31,2.36
982,3,3.0
1442,35,2.48
1266,31,3.73
1075,20,2.62
744,23,1.66
2432,2,1.97
375,38,2.9
1754,4,2.54
2254,8,3.91
2537,19,4.74
1992,32,3.75
2929,23,2.36
1335,7,3.14
2680,5,2.37
592,1,3.26
1066,29,1.48
533,17,1.41
2570,5,2.56
2873,5,4.31
1177,8,1.71
1336,16,2.04
1318,31,2.74
598,17,1.77
113,27,2.29
1136,35,3.9
1199,31,3.07
1846,8,3.2
1326,8,3.76
1988,7,3.42
1540,24,2.57
734,4,3.56
1986,6,2.53
2366,4,2.83
996,25,4.29
2261,35,3.07
253,20,1.31
124,9,2.56
1237,20,2.54
624,21,1.43
1540,6,4.06
1656,32,2.82
1267,30,3.61
2946,15,4.6
1161,20,3.04
2295,20,1.66
441,33,3.94
2093,0,2.83
2706,28,3.41
2928,10,4.25
1017,23,2.34
554,28,2.98
809,13,3.02
971,27,2.81
1113,3,2.39
2778,5,3.28
1834,33,4.4
1315,34,3.86
1275,37,2.48
99,24,2.53
2920,0,3.39
1480,33,4.02
1615,4,3.89
301,21,4.03
1223,12,2.91
1683,32,3.93
488,20,3.02
1425,8,2.99
1005,20,3.56
477,28,4.35
1146,24,1.82
1336,38,4.52
1136,19,4.45
2909,24,2.2
2857,22,2.96
1706,1,2.59
518,5,3.92
1221,23,2.12
2507,32,4.27
230,38,2.56
1192,2,2.06
2056,28,1.78
1978,36,4.18
1384,34,3.71
2243,0,2.87
2402,33,4.6
1888,29,3.61
1073,14,2.09
464,21,2.35
2404,25,2.35
2898,10,3.41
974,22,4.49
1182,31,1.86
66,26,3.59
1997,30,2.13
2907,18,3.48
571,2,3.68
308,11,2.42
783,11,3.95
121,25,3.17
766,12,1.92
773,2,2.4
2144,17,3.45
987,39,3.1
2010,23,2.02
540,28,2.21
2050,5,2.62
580,30,2.61
1664,5,3.32
2381,30,2.3
1048,4,2.64
2790,1,3.84
506,10,3.28
1911,21,3.47
733,31,1.86
1572,24,2.96
514,21,2.91
2943,21,3.37
361,31,3.02
2322,5,2.86
2225,4,2.35
527,25,2.32
2961,4,3.18
279,23,2.14
2754,36,3.29
1373,12,2.78
1947,7,3.92
1445,3,2.15
2112,1,3.94
290,16,2.97
2066,33,3.06
64,17,3.36
330,26,3.34
1894,29,2.83
763,25,2.52
1964,22,3.6
2491,4,3.55
141,4,3.69
1332,20,3.42
444,4,4.6
2544,7,3.34
2474,12,2.16
1499,33,2.66
1269,26,2.55
450,34,2.73
1826,36,3.64
351,16,1.97
599,23,3.05
711,15,2.37
870,25,2.92
1984,33,4.18
1185,36,3.17
393,8,2.62
842,10,3.26
2449,17,2.39
2098,20,4.06
2792,21,3.52
1319,6,2.58
2954,27,2.83
1036,3,4.03
1359,26,3.64
991,23,3.11
1039,26,4.01
28,4,3.67
388,20,1.31
1316,33,2.94
833,4,3.38
250,36,1.45
2028,24,3.36
1529,12,3.08
98,4,3.33
1839,28,3.37
1361,10,3.74
1063,7,3.26
1324,6,3.13
2227,11,3.6
892,5,2.55
1493,31,3.65
1306,38,2.78
2798,1,3.05
1188,31,3.04
453,35,2.56
97,27,4.2
2357,25,2.29
262,32,2.28
2341,27,3.05
1794,19,3.66
2297,30,3.49
2293,22,2.63
2299,16,3.86
2171,18,2.88
325,15,2.37
986,38,2.18
2549,13,3.48
687,36,1.27
1740,12,1.87
1861,19,1.92
836,9,3.02
59,4,3.64
2779,38,3.75
1522,2,1.83
1397,11,2.9
2314,35,3.47
1677,0,2.41
236,1,3.88
2946,35,3.25
218,2,3.43
1551,23,3.3
1838,26,2.9
1430,23,3.37
589,33,3.63
1672,20,2.21
917,36,3.27
1493,31,3.08
918,2,3.81
1134,35,2.37
2401,34,2.96
1837,7,2.94
2139,17,3.93
1906,36,1.67
702,37,4.2
2121,31,2.97
2733,15,2.81
2770,36,1.71
1322,35,4.08
1529,35,2.92
1222,27,4.03
1056,36,1.53
648,13,2.09
760,9,1.89
2919,37,3.67
1358,2,2.35
2191,7,3.27
1770,9,3.44
949,10,1.44
2092,9,3.18
2080,1,1.63
1767,17,3.34
28,27,2.79
2471,19,3.75
2539,21,3.08
160,24,3.78
2893,26,2.04
1231,5,4.21
18,21,3.23
1127,39,3.18
2720,15,1.55
2280,16,4.23
2472,25,3.32
904,25,2.92
755,6,3.98
1571,22,4.43
837,39,3.29
894,17,1.51
2287,1,2.12
2197,16,2.01
2671,0,3.47
1432,2,3.27
17,37,1.38
2962,22,3.76
2274,16,3.79
652,29,2.26
1680,24,4.03
260,9,2.76
1753,28,3.3
2722,1,4.35
1628,18,3.0
2048,28,2.95
2222,3,3.04
1867,37,3.47
205,0,3.08
2463,31,1.7
1177,1,3.54
792,3,1.92
1141,32,2.02
1106,11,1.59
2566,32,2.52
1858,4,1.76
1091,8,3.05
1608,2,2.89
1840,28,2.9
979,14,4.22
2638,8,3.25
67,24,2.55
684,6,4.52
1279,22,3.11
63,11,4.83
814,32,3.34
403,29,2.77
2240,36,1.82
2003,33,3.47
1353,27,2.32
71,18,2.25
2926,32,4.41
2789,10,2.04
2994,14,3.57
1087,31,2.69
245,15,2.59
2567,7,2.77
393,30,3.7
772,29,3.05
1670,30,3.44
1618,2,3.14
1557,20,1.59
2959,9,4.16
1152,21,4.55
1219,25,3.28
1218,17,3.59
2232,20,2.78
247,32,2.04
2043,17,2.28
2372,31,2.81
2208,33,2.82
706,35,3.94
2670,34,3.1
2973,32,2.11
2114,36,1.99
2978,33,2.68
254,10,3.19
283,13,2.97
2166,21,3.35
423,24,1.77
2604,1,3.59
2022,30,2.93
36,11,3.28
531,28,2.48
91,31,3.33
1941,39,4.05
1943,29,3.8
1241,34,4.05
1759,38,2.23
98,24,3.37
1480,32,3.11
531,4,2.31
1833,38,3.19
2586,11,3.1
1052,36,2.79
1348,10,3.4
80,33,2.26
2611,19,3.75
1482,22,3.51
614,14,3.06
2224,31,4.02
2570,39,2.78
1773,37,1.62
1481,26,2.43
423,25,2.19
1124,26,3.14
2035,38,2.77
2624,22,1.83
1404,7,2.91
2579,3,2.26
332,27,3.49
653,26,3.85
740,39,3.49
1113,16,4.43
1628,13,3.18
511,30,2.57
42,28,3.17
885,33,2.86
1950,24,2.0
2129,3,2.55
402,30,2.82
2155,10,3.53
1135,39,4.1
1238,9,2.7
1767,11,2.69
1842,13,3.56
506,34,2.04
1145,4,2.3
1842,6,3.41
720,7,4.11
1395,1,2.86
257,16,2.65
1721,0,4.42
1822,6,3.48
954,31,3.41
2981,7,1.79
1072,27,1.36
1623,33,2.6
897,37,2.45
2067,2,2.1
1070,32,4.14
451,24,3.37
898,16,3.11
1080,28,2.55
741,27,2.99
82,27,3.21
737,18,2.33
79,4,2.9
1686,4,3.58
2331,22,4.08
1335,24,3.4
997,19,2.75
2208,10,3.4
1340,3,3.6
2003,38,3.13
1692,18,3.82
1180,35,2.65
2936,18,2.02
1738,9,2.43
2516,7,2.1
853,2,2.28
462,30,3.02
2902,23,3.1
117,22,4.31
1690,28,3.19
2412,9,2.36
1655,7,2.32
1735,25,2.53
1937,7,3.51
466,0,3.53
1799,33,2.42
2232,12,3.59
660,19,1.69
2123,15,3.43
2874,8,2.96
1715,22,2.66
2551,14,2.64
795,7,2.73
1587,12,2.65
587,38,3.71
2704,11,2.83
2748,1,3.46
635,32,2.88
2892,18,4.11
1275,2,3.13
2883,16,3.2
1154,25,3.96
2812,2,3.89
358,13,4.38
2740,17,3.69
1432,19,3.25
1885,19,2.6
1519,11,3.39
622,38,3.41
482,35,3.34
980,33,2.01
1874,12,3.74
978,2,1.72
1538,11,1.45
2338,16,3.32
1321,19,2.04
1705,37,2.29
2800,34,3.98
1995,30,3.29
2071,12,2.73
806,12,2.63
2220,39,2.72
835,24,1.97
2366,21,2.46
908,32,4.27
2846,15,4.23
855,19,4.46
2729,16,3.02
916,38,3.73
843,12,2.69
2531,4,2.07
132,34,4.21
1117,8,3.44
861,35,2.7
294,13,3.17
2689,9,3.85
1000,37,3.14
2440,30,3.9
2297,3,2.5
2751,26,3.23
1261,28,3.66
287,39,2.59
2325,27,2.44
2435,28,3.35
450,38,2.77
2339,3,2.21
2491,20,3.34
2704,39,1.91
1208,29,2.44
1779,26,3.13
2875,18,3.4
1970,4,3.08
476,24,3.81
253,13,3.17
1420,38,3.15
2337,36,1.56
1236,4,3.03
1000,12,2.1
21,14,2.75
316,22,3.47
2612,0,1.79
1462,20,3.42
1447,28,2.34
1257,27,2.96
2171,17,2.32
2922,34,2.55
960,35,3.07
2262,10,3.44
1946,9,2.32
839,25,1.9
2695,21,2.56
968,31,2.33
1854,16,1.63
2778,33,3.8
600,4,3.73
792,29,4.34
40,26,3.46
2800,30,3.44
2991,19,4.34
648,7,2.4
182,34,3.31
265,19,2.69
2819,23,2.41
863,2,2.03
432,24,3.5
1220,21,2.73
509,23,2.55
447,36,2.88
528,4,3.49
2923,20,2.9
1754,24,3.25
1629,7,4.46
1163,29,1.6
669,29,2.3
847,1,2.41
2118,14,3.15
2864,10,2.31
1771,32,2.25
1826,22,1.92
446,19,4.0
1026,15,4.06
1772,22,3.04
1360,4,2.47
19,0,2.96
2018,35,2.55
561,12,4.11
472,23,2.54
28,8,2.33
560,9,3.3
2656,17,1.1
458,5,2.41
945,2,2.84
1200,24,2.48
984,6,2.16
868,35,3.03
2077,29,2.6
1980,37,3.38
2717,9,2.98
826,15,4.1
816,38,3.15
2327,25,3.12
2331,17,3.79
1003,39,3.86
1543,32,4.02
2353,38,3.85
2742,5,3.1
109,30,3.59
2372,15,2.92
1230,35,3.98
1962,15,2.28
2506,11,3.3
1964,22,2.94
2530,32,1.68
922,4,1.86
1431,14,3.01
1533,3,3.24
1893,21,3.6
2568,9,3.47
1422,36,1.89
1223,4,3.95
391,4,3.97
1673,22,2.05
2819,30,2.46
1870,30,3.1
2961,26,2.5
1522,26,2.64
1196,26,3.1
2134,31,3.48
2606,15,4.5
858,7,3.23
1210,11,2.88
1517,28,4.1
1651,2,3.82
2714,23,3.61
1154,25,4.46
843,12,4.75
1105,28,2.59
1826,28,3.77
1683,39,2.61
295,1,2.48
2002,19,3.67
2317,13,2.88
645,25,3.31
2583,5,2.13
2136,37,3.56
925,8,3.1
1648,9,3.18
111,1,2.35
584,17,3.62
1487,23,3.2
769,18,3.23
1180,16,2.33
1649,14,3.65
2286,3,2.89
2382,27,2.45
106,8,3.61
1723,27,3.54
1695,25,2.41
1734,3,3.49
382,26,3.49
2737,6,3.87
261,29,1.47
1823,18,4.48
1317,37,3.68
1359,2,3.41
2703,0,2.12
820,12,3.13
709,15,1.49
2524,24,3.58
907,1,3.29
2603,0,3.19
663,6,2.47
1320,7,2.78
2623,14,3.86
2690,8,3.35
463,17,2.76
2903,33,1.52
585,32,1.54
943,20,3.03
2664,21,2.6
158,27,2.59
2320,33,3.33
1851,9,1.97
1327,0,3.79
2718,0,2.63
2669,17,2.34
2569,7,1.38
2107,9,3.41
1382,12,3.95
704,27,2.94
648,10,2.08
2939,25,3.86
2484,3,3.08
146,28,2.67
2907,29,2.41
1376,30,2.6
1824,19,2.42
245,27,4.07
1584,29,4.16
2349,22,2.59
2486,28,3.46
868,22,2.04
2148,12,2.07
2773,18,2.96
2862,26,2.89
480,3,1.87
2463,9,2.78
2213,38,3.73
1936,22,3.61
1966,4,3.71
1662,39,2.69
88,15,1.61
1241,35,2.64
573,17,3.49
814,3,1.76
179,0,2.2
1726,31,2.12
163,6,2.82
2641,38,2.52
1006,34,3.22
2349,17,4.6
2422,19,3.01
2756,16,2.6
203,39,4.16
47,11,3.11
463,25,1.48
408,6,3.25
1218,32,3.69
2475,23,4.62
930,18,3.96
317,23,2.28
1503,26,2.42
421,8,2.59
1293,15,1.6
1735,2,3.22
1760,7,3.34
263,12,2.71
1450,35,3.84
2214,24,4.59
1716,26,2.55
428,32,2.34
397,13,2.65
1240,10,3.0
796,35,1.93
107,4,3.15
98,26,2.02
1904,2,1.44
1281,19,2.87
43,37,3.12
2290,12,3.29
1578,27,3.37
95,26,1.69
1970,30,2.67
1790,28,2.68
188,23,2.97
385,9,2.99
819,17,1.84
1149,5,4.12
1697,9,4.15
2135,26,3.18
2537,33,4.33
226,20,2.46
1681,24,3.57
2393,17,4.13
1898,35,1.42
518,32,4.04
1733,39,3.2
296,32,3.33
414,9,1.57
1861,19,3.34
1996,5,4.54
2183,3,4.04
2029,0,1.66
2573,4,2.03
4,6,4.67
178,2,3.71
746,14,1.55
259,10,4.18
652,22,3.73
1819,3,2.65
1387,28,2.43
2592,6,2.22
2483,8,4.47
1297,33,1.85
290,20,4.3
803,14,3.46
2531,29,4.31
2022,28,2.49
234,36,3.55
408,35,2.76
694,16,2.68
1170,3,4.58
562,6,3.95
2478,0,2.36
432,11,1.99
1569,18,2.22
2545,17,3.5
983,4,3.45
1435,29,2.7
897,26,4.32
2875,21,1.55
778,3,3.28
223,31,2.59
1772,24,2.54
1689,9,2.29
468,4,4.66
2617,15,2.4
1346,1,4.41
2423,29,4.26
2575,32,2.07
412,0,1.98
2317,20,3.59
626,4,2.93
1276,12,3.0
1012,27,2.3
1678,9,2.33
2498,0,3.66
802,28,1.87
1893,9,2.98
1561,7,2.89
1392,5,1.44
2870,5,1.95
255,13,2.56
1487,28,2.59
2174,34,4.57
1417,32,3.16
762,9,2.91
2847,16,2.16
1358,0,2.78
565,0,3.95
1392,16,2.66
1579,29,2.31
2504,6,3.46
1091,12,2.76
2960,23,3.24
1619,11,2.08
2910,32,2.97
2665,4,2.92
400,27,2.82
287,23,4.41
2234,7,2.61
2332,2,3.22
1540,13,3.45
2698,5,2.81
2739,9,3.46
237,31,2.04
815,19,1.4
928,22,3.57
414,3,2.87
1956,24,3.05
2057,32,1.68
420,37,2.89
29,6,2.42
2396,14,3.1
661,30,2.97
2624,4,2.01
450,32,3.04
380,10,4.07
2747,26,2.38
2414,32,3.92
1251,13,3.33
2460,21,1.42
2999,34,3.07
356,9,4.02
2302,6,2.08
1697,14,3.36
727,3,2.85
1468,5,1.31
2729,12,3.6
810,15,1.82
1904,15,1.44
2521,15,2.59
416,31,2.91
600,16,3.16
1340,23,4.21
2508,33,3.05
79,16,3.57
1568,16,2.09
2823,36,3.48
1095,19,3.72
2944,13,3.24
1221,18,3.18
58,11,4.04
1448,23,2.76
1493,35,3.83
2672,27,2.99
2096,14,3.2
1459,9,1.52
1209,31,2.07
839,5,3.69
2213,30,1.4
1751,37,3.53
1355,29,1.97
2378,20,3.37
1145,20,2.35
213,26,3.2
507,26,2.43
2964,2,2.51
2849,1,2.37
2216,38,3.61
1570,17,1.83
2878,33,2.88
2835,28,2.04
2475,22,3.87
1733,4,2.23
1245,27,4.51
1016,16,4.02
1144,10,3.04
1271,19,3.83
1933,30,3.58
773,33,4.17
1530,1,2.41
1082,12,3.17
1152,16,2.85
1723,18,4.05
717,32,2.75
2134,33,2.07
104,37,3.29
2191,28,4.19
205,34,2.13
2689,35,2.95
1387,28,3.19
1645,22,1.76
1333,29,2.39
2049,16,2.82
2059,27,2.76
1850,4,3.49
747,2,2.08
1664,38,4.0
1238,10,2.78
2019,23,3.65
956,34,3.08
2803,31,2.88
518,27,2.58
1439,11,3.04
1032,6,3.64
2053,15,4.0
2742,19,2.23
2160,22,4.36
273,13,1.75
422,29,2.77
2313,12,2.81
1482,14,2.63
2260,34,2.83
782,10,1.42
2714,21,2.54
1245,29,2.44
2417,4,2.27
2395,7,3.13
2073,26,3.17
976,14,1.85
1744,28,2.59
417,30,2.68
2563,33,2.36
215,15,2.59
1136,39,3.3
914,20,1.92
1583,31,3.33
2025,33,2.83
428,31,2.63
733,37,3.69
2747,38,1.8
2264,29,2.97
413,17,2.17
2428,11,1.65
1626,31,2.53
232,8,3.7
835,31,4.15
258,19,1.58
1280,30,2.09
403,17,2.64
2472,28,2.87
770,7,3.99
65,5,2.54
2238,39,4.52
950,20,3.87
173,20,3.79
2807,9,2.91
2676,26,3.9
2609,8,2.34
1251,39,3.19
1412,13,2.98
2449,29,2.95
638,12,3.65
949,7,4.8
2261,15,3.05
2101,29,2.45
2672,3,2.58
1695,24,4.35
752,20,4.46
662,0,3.23
2187,8,2.82
2466,17,1.87
143,6,3.56
1906,27,3.46
2557,0,3.46
2698,11,3.18
486,16,3.37
992,0,3.49
1461,6,3.43
2591,20,2.37
293,21,2.55
1644,24,4.01
2719,11,3.41
838,26,3.25
1038,2,3.19
2682,27,3.21
1751,36,2.16
272,15,2.15
1049,17,3.12
1959,12,2.71
2370,31,3.15
806,37,2.74
1705,7,1.78
1890,9,2.17
883,39,2.92
2283,23,2.18
832,25,1.48
1113,15,3.67
2192,29,4.44
2041,15,2.83
1106,5,2.48
2637,37,3.89
1595,1,4.29
2277,37,2.41
1627,19,2.94
1890,1,3.11
1805,30,3.33
1221,17,2.71
274,21,2.23
590,28,3.94
2701,34,1.69
583,11,4.03
968,26,2.5
1991,12,2.99
2420,12,4.66
1259,10,3.77
1311,37,2.84
2867,9,3.98
572,6,3.09
545,22,3.43
1461,39,2.93
127,11,2.21
733,32,4.26
417,21,3.08
638,32,3.2
41,19,1.7
787,22,2.69
297,31,2.8
1621,37,2.11
42,19,2.02
2680,0,2.31
33,0,1.89
1300,19,3.24
2713,18,2.9
616,13,3.09
948,27,1.41
1548,23,1.73
160,21,2.01
1953,22,4.41
2506,27,2.96
1732,17,2.53
2447,1,2.09
1843,39,2.9
1798,5,3.15
1733,16,3.21
581,22,3.3
220,26,3.02
379,32,2.98
1750,38,3.51
2978,28,3.35
1471,7,1.88
964,24,1.73
1170,27,2.06
233,28,2.13
1395,22,2.24
922,3,3.39
2282,30,3.29
2774,3,3.39
367,17,3.44
481,2,2.88
1597,1,2.54
2638,19,3.37
1119,8,3.33
1866,10,2.55
2035,25,3.56
216,24,2.91
725,30,1.97
1840,31,3.37
712,28,2.47
1888,18,2.97
1826,32,2.71
985,15,1.52
1159,16,2.97
1107,35,2.55
391,13,3.59
1071,28,3.64
392,11,1.55
2766,10,4.46
385,1,2.56
2429,22,2.02
1283,38,2.04
2652,36,1.64
934,22,2.32
1971,24,2.68
399,27,2.56
2148,21,2.12
383,24,2.38
2755,39,3.95
2058,12,2.59
2312,5,2.75
2880,8,3.25
2678,35,1.32
2810,12,3.67
2243,34,4.04
2610,10,1.76
1431,16,2.35
1914,36,1.6
2145,32,3.97
2510,25,2.49
758,9,2.82
2135,2,3.07
991,9,2.1
2125,7,2.27
1913,10,3.15
1740,6,2.78
1507,30,3.8
661,21,2.8
2029,18,1.66
1135,21,3.29
2026,21,1.76
765,38,1.99
2726,14,2.3
1673,7,2.69
2839,11,3.99
1547,22,3.12
583,39,2.67
671,7,3.33
1752,27,2.76
538,16,3.32
1822,13,2.73
1186,0,2.61
430,12,2.02
1638,28,1.53
2181,11,2.06
189,13,3.41
1747,3,1.75
1702,30,2.28
2621,1,3.83
2327,17,1.81
1649,23,2.14
2590,0,3.4
2012,8,2.72
1185,7,3.58
2794,38,3.15
2947,4,1.38
2501,7,2.74
2937,5,3.79
851,15,3.31
170,25,3.23
830,8,2.15
2746,36,2.01
1081,22,2.27
1264,4,4.27
769,9,2.8
358,14,3.42
2249,39,2.79
2492,39,3.02
2875,21,4.34
1326,29,2.58
2149,3,3.45
1121,4,4.07
1689,12,2.95
2986,9,3.19
2077,15,3.93
1530,5,3.65
2713,24,3.04
1462,1,1.6
1403,30,3.42
73,14,4.22
254,15,3.76
1935,37,2.12
516,11,3.95
2797,23,3.67
1044,30,2.09
1649,17,3.29
2583,32,2.11
421,16,2.21
2494,12,3.68
879,4,4.08
136,10,3.1
1325,32,2.55
1633,19,2.84
33,38,2.76
2695,3,3.56
1791,22,1.53
278,1,2.38
2181,6,2.75
750,4,2.28
2174,1,2.89
2393,6,3.35
17,0,2.95
2872,1,4.4
2610,26,3.08
2695,26,2.45
2678,17,3.78
1402,34,3.95
818,29,1.98
2108,34,2.54
1661,19,1.9
467,37,2.68
628,31,3.56
2439,5,1.89
2984,18,2.93
2733,28,3.44
1211,38,2.97
2546,17,2.11
600,1,3.67
1739,8,2.66
1385,20,2.11
1847,18,2.06
1856,26,3.14
2497,1,2.76
1888,22,3.32
680,13,2.34
1836,39,3.2
2178,35,3.11
149,13,2.77
1496,23,1.85
818,17,2.23
1745,0,2.31
1647,13,3.04
2996,17,3.89
2548,23,2.54
1673,20,2.88
1379,7,4.25
1940,20,2.63
658,14,2.95
1054,12,2.23
577,3,2.85
723,12,4.25
2270,3,2.04
2650,31,4.2
1642,9,4.14
684,32,2.0
742,2,3.39
2973,28,4.1
2628,4,2.1
2449,21,1.17
2046,32,3.74
2949,23,2.27
1628,23,2.59
2560,28,3.65
2136,28,2.42
1489,7,1.64
50,14,2.96
103,5,3.89
368,5,2.68
936,25,2.57
1715,29,3.36
1803,33,2.98
1421,39,2.51
1801,11,3.35
2946,4,1.97
2957,2,2.59
2306,16,3.37
1996,9,2.65
1968,5,1.11
390,2,4.28
1367,0,3.49
773,39,2.9
2802,27,3.5
394,9,2.83
683,11,3.58
270,5,2.46
149,25,3.16
811,21,2.49
28,13,3.96
2328,11,2.03
1206,5,2.64
166,5,2.58
2065,27,2.81
1174,33,3.21
339,20,3.99
1069,13,3.24
842,31,3.57
189,37,2.46
651,14,2.8
294,29,3.69
1858,21,3.58
1323,15,2.78
2463,25,1.95
1648,18,4.32
803,12,3.9
431,38,3.29
1519,29,2.97
487,35,4.09
89,30,2.29
271,36,3.64
1957,18,2.79
1773,37,3.08
900,8,3.81
1745,30,1.8
278,13,2.52
2001,1,3.4
2254,35,3.44
2961,39,2.28
2376,23,3.89
1634,13,2.78
2906,37,4.19
2925,31,2.92
862,8,1.99
2384,19,2.55
606,30,3.2
2640,33,2.72
1062,16,3.69
1014,24,2.92
1507,34,3.05
708,17,2.63
978,32,2.34
1818,13,1.26
2473,38,3.44
2635,31,3.56
806,9,4.12
1534,7,3.48
720,35,3.25
949,27,2.4
2703,32,1.47
474,11,2.47
568,29,3.26
2259,29,4.22
1082,17,2.79
215,1,1.68
900,5,2.23
1802,8,3.3
1983,9,2.13
1097,5,1.95
2515,8,2.73
1295,21,2.68
2402,21,2.16
1258,22,3.06
2673,2,2.42
2420,9,2.84
184,17,2.66
674,39,4.36
2803,28,3.13
1682,31,3.06
2370,6,4.58
435,7,3.01
1067,24,2.16
1337,12,2.3
2341,10,1.26
688,22,3.19
888,3,2.82
69,16,1.89
2104,38,3.8
2679,23,2.78
420,37,3.25
2615,26,3.83
2598,28,3.73
243,25,3.1
2796,33,3.23
1498,16,3.29
2575,29,2.05
1680,8,1.36
2125,5,2.64
2009,0,3.5
1502,15,3.16
440,23,2.53
1287,11,2.15
1209,13,2.08
1079,0,1.93
1332,25,3.05
2564,27,2.22
1254,35,2.63
615,31,3.29
2724,24,2.97
420,0,3.1
1901,22,1.79
276,37,4.5
1585,24,3.91
2656,7,4.58
2619,38,3.37
1767,8,3.33
1713,0,2.56
2138,23,3.2
2330,16,3.21
1195,24,1.96
2686,23,3.15
811,6,2.33
1379,9,2.14
1313,28,3.72
2916,18,3.37
2510,24,2.89
750,36,2.33
1197,24,4.43
301,30,3.05
600,18,2.66
529,7,3.48
2188,30,2.5
278,15,2.57
663,27,4.37
2559,17,3.4
1370,29,3.4
2162,39,3.34
580,15,3.4
1531,34,4.68
1390,11,3.72
691,38,2.64
637,21,3.28
1849,32,2.41
2046,32,3.04
823,39,3.0
1874,33,2.36
875,20,1.99
940,21,2.58
1683,39,3.22
942,25,3.67
1899,11,3.26
2406,19,3.7
2051,21,2.57
1747,31,3.57
2452,39,1.9
25,27,1.76
1867,13,4.12
2557,1,3.9
2744,16,3.68
61,36,3.54
123,0,3.48
1521,29,2.93
2103,13,3.53
1187,10,4.42
1723,8,2.42
1063,30,2.91
1107,11,1.93
1731,25,3.22
546,18,4.28
2161,2,3.68
2473,31,2.48
2966,18,1.68
2278,19,2.25
2965,38,2.74
1311,39,4.07
155,0,1.98
2213,35,4.44
1263,26,2.7
2697,31,2.37
1363,24,3.47
938,13,2.04
512,12,2.68
932,8,4.18
2314,4,1.87
187,10,2.88
1846,19,3.74
1703,15,3.56
391,32,1.81
1284,29,1.9
655,15,3.23
1740,20,3.7
176,27,3.14
2822,23,4.59
764,25,3.03
931,22,1.82
1224,35,3.42
711,29,1.98
2874,32,2.3
2637,32,2.22
2579,33,3.11
1086,14,2.88
1351,34,4.1
1930,11,3.0
281,1,2.6
1964,8,3.42
1786,30,3.04
2275,9,1.58
2687,27,3.36
1082,0,3.07
2969,37,3.83
477,5,3.5
716,33,3.84
243,9,3.4
2415,5,3.63
936,24,3.09
1524,19,3.25
838,30,2.93
2954,31,2.85
1346,26,3.06
2424,4,2.63
2029,36,3.59
1433,0,2.53
2759,11,3.66
2391,29,2.5
240,14,2.23
139,9,2.03
420,12,4.19
1585,8,3.55
304,0,2.56
2163,4,2.58
2391,4,3.12
1275,22,4.01
2027,38,2.52
7,38,3.57
2779,7,3.94
2227,10,2.37
1169,3,3.11
416,25,3.13
2714,7,2.07
1145,22,2.3
1148,37,1.77
150,34,2.16
2445,22,3.25
2429,22,2.16
1804,3,3.0
839,36,4.22
2049,7,1.92
1697,26,2.83
244,23,2.03
1911,12,2.66
1422,0,3.02
1275,10,1.86
879,6,2.33
2808,30,2.57
1321,18,3.81
977,38,4.07
1524,31,3.68
1139,14,3.7
2049,32,3.58
553,33,2.24
482,12,3.81
600,33,2.65
2811,24,4.19
2383,19,2.33
2513,27,4.03
1165,27,2.62
583,30,4.63
137,7,3.48
1004,30,1.96
1983,9,1.86
1635,23,2.46
2998,5,3.23
687,28,1.86
2215,32,2.59
1434,9,2.22
1793,12,3.23
910,6,2.26
1760,30,4.14
2035,33,2.46
2928,8,3.88
842,22,3.37
2113,16,2.41
1605,24,2.65
2481,38,2.56
1338,39,2.54
115,12,4.0
569,11,3.16
1554,21,2.46
2690,17,1.93
495,14,1.8
2989,19,2.44
822,14,3.12
2250,22,3.27
2697,0,2.2
1609,2,2.64
560,19,3.35
1042,36,3.25
2526,23,4.07
2536,25,1.91
2827,7,3.46
1470,11,2.59
340,23,3.53
1555,27,1.46
612,18,3.38
2164,8,3.71
1882,27,3.83
74,32,2.06
2164,30,4.59
1710,13,3.13
1762,35,3.76
1693,1,1.61
2035,29,3.02
1246,27,3.46
126,0,3.05
657,28,3.67
1200,22,2.07
1997,18,4.45
2712,27,2.22
991,12,2.57
859,12,3.05
1522,23,3.28
2133,31,2.72
1900,1,3.15
1407,14,2.96
633,39,3.49
1665,6,2.54
1487,11,2.91
2499,11,3.33
2566,36,2.63
2894,18,3.45
695,15,2.55
2598,13,3.61
929,37,2.61
116,17,3.92
1032,17,3.09
1242,11,3.59
1743,3,1.88
1614,3,4.0
1904,38,2.64
2452,2,4.3
304,38,4.01
1491,31,4.71
1976,1,3.88
2788,27,4.27
88,33,2.1
1034,35,3.0
308,22,3.65
2482,18,2.35
802,28,2.49
164,5,2.87
996,5,2.48
2704,3,2.74
1359,38,4.28
2066,24,3.34
1095,12,3.53
1199,22,3.93
1878,12,2.04
1824,6,3.22
811,39,2.02
2387,34,1.91
2296,28,3.63
1349,1,2.27
2354,39,3.58
1804,19,2.93
2252,4,1.84
2901,9,3.28
1594,23,2.54
2495,6,3.05
2761,35,2.37
433,21,3.5
1648,35,3.93
1152,4,2.99
822,1,3.48
1071,25,3.36
505,19,4.03
115,37,3.16
1440,8,2.26
1791,34,2.72
995,23,3.45
223,32,2.76
636,4,4.69
1973,31,2.95
672,5,3.09
958,18,3.92
933,1,2.42
96,20,1.86
2155,7,2.82
632,2,2.27
1702,13,3.6
1950,24,3.18
698,14,2.45
32,18,2.97
2114,36,2.87
1203,5,2.89
779,2,3.94
1467,34,3.44
916,28,4.35
549,5,3.57
2249,32,3.58
1894,21,4.21
2097,36,2.78
2835,35,3.3
2999,4,2.05
1704,16,2.73
2311,38,2.67
1157,30,2.12
2031,35,2.74
1834,26,2.5
344,37,3.77
1200,28,2.96
2059,10,4.23
2249,38,1.74
945,29,3.71
926,26,4.04
2051,17,3.81
2856,16,4.29
1331,38,2.55
2004,12,2.45
2608,31,2.01
1788,14,3.89
2247,17,2.07
1940,19,3.57
2157,36,3.42
2156,3,2.94
2600,5,3.54
52,25,3.25
2160,32,3.61
295,24,1.93
2113,6,2.83
2622,26,3.66
465,39,4.04
2306,32,4.41
1670,16,2.87
634,5,4.32
1355,24,3.76
1525,18,3.18
210,9,2.69
2137,33,2.36
2076,18,2.77
238,30,2.64
336,4,2.51
2111,27,2.85
1577,21,1.58
500,22,3.9
1565,26,3.48
791,38,3.99
2640,1,2.86
1136,7,1.84
2349,36,2.8
229,1,3.35
150,0,2.91
1779,11,2.54
1625,0,1.23
2575,27,2.38
333,17,2.12
174,1,3.03
1367,5,4.28
2109,0,3.61
1085,13,2.1
819,4,3.4
1702,12,4.13
2572,23,3.45
2264,14,3.77
1613,19,2.08
624,3,2.59
578,34,3.57
2742,22,4.2
423,27,3.22
2764,18,3.75
1395,17,4.04
1230,28,2.13
754,20,3.79
747,33,1.94
688,28,4.34
723,12,2.11
1567,25,3.83
747,17,1.39
242,14,3.31
2713,23,3.06
708,17,2.61
435,17,3.59
781,29,2.66
484,30,1.51
2432,12,4.13
1534,30,3.71
170,30,3.08
1021,5,2.39
2998,14,3.59
869,14,2.43
2371,6,2.93
848,39,2.32
1498,16,2.78
696,30,4.34
2407,34,2.09
32,0,3.95
177,4,3.61
2965,21,3.04
2113,2,4.2
2075,6,2.98
1503,17,2.6
2316,29,3.88
2645,33,3.51
66,36,3.07
133,3,3.87
1929,30,4.09
916,36,2.99
2130,3,2.88
1917,5,3.91
1855,24,3.36
1352,38,3.82
585,38,3.11
2375,25,2.42
2590,5,3.89
1149,24,3.22
2258,39,1.89
1749,24,3.59
2181,15,2.41
2205,26,2.35
1893,2,3.44
2923,38,3.44
2430,3,2.97
974,37,2.35
2643,21,4.03
1443,17,2.8
2520,4,2.81
234,16,3.26
2620,27,3.96
1478,3,2.55
1594,30,3.45
771,23,3.3
2349,31,2.17
306,17,3.17
2,38,2.48
271,29,2.84
421,16,3.32
2748,4,4.29
864,16,4.21
1877,12,3.33
1010,22,1.99
2927,24,1.69
2740,28,4.21
2915,34,3.45
1061,28,4.48
107,20,1.65
1849,33,4.6
2329,11,3.31
1134,8,2.49
549,36,2.51
2600,5,4.25
1621,26,1.91
1838,19,2.73
2236,35,2.83
2800,17,2.48
2918,5,3.57
1512,14,3.92
1378,15,3.21
19,18,2.5
859,27,3.05
1417,24,1.24
1285,12,2.16
410,19,3.05
1427,5,2.61
1694,9,3.53
2532,4,2.62
624,28,3.51
656,9,2.52
768,29,4.82
18,5,2.85
2232,1,2.63
2453,30,3.83
2847,2,2.42
2527,34,3.56
1817,34,3.99
1781,27,2.01
8,7,3.91
705,29,2.67
1342,24,3.37
1160,33,3.42
531,3,3.58
2961,23,3.57
2737,36,2.33
2022,4,2.67
2601,16,2.42
2494,3,1.74
1716,18,2.59
2754,1,2.8
2244,4,1.71
2908,30,2.7
1761,36,1.48
1347,8,2.86
1797,10,2.61
2676,17,3.49
1686,24,3.54
2678,10,2.13
1803,11,3.85
44,32,2.44
489,26,3.05
181,33,3.21
2422,16,3.87
628,33,2.64
957,38,3.72
2115,36,2.98
1549,12,2.77
1116,6,3.61
1782,24,3.96
2827,16,2.89
651,10,3.55
1877,31,4.15
1268,3,4.12
341,11,2.15
2951,15,3.34
1809,35,3.02
2446,12,2.59
2751,16,3.52
2145,26,3.51
1355,26,2.87
449,32,2.54
1442,9,4.47
77,30,1.97
896,36,2.23
549,7,3.54
798,12,2.4
1453,14,3.04
1509,23,2.68
815,20,3.15
2183,30,1.6
2702,20,4.77
1584,32,2.03
646,31,2.16
1826,27,2.04
720,14,2.67
1523,24,3.51
2661,30,3.6
2532,34,2.41
1070,11,2.61
1467,37,3.09
648,6,3.07
792,30,1.63
579,36,3.7
2049,32,3.68
2157,36,2.85
460,29,4.01
2314,13,4.25
1162,39,3.63
44,30,3.35
2934,8,3.25
1534,36,1.86
2992,10,4.18
983,27,3.19
2310,0,3.16
2776,33,2.74
633,26,3.23
2200,26,2.49
2261,31,2.24
1258,31,2.97
2911,36,3.37
623,23,3.13
1978,13,3.7
361,9,3.1
2368,24,3.8
2270,26,3.19
210,11,2.91
931,39,2.59
1607,28,3.32
489,26,2.43
601,12,3.26
774,12,3.18
878,29,2.88
1488,4,3.81
700,7,2.54
2500,39,2.22
2461,12,4.27
1958,27,4.17
2524,3,3.55
256,37,4.03
1174,12,1.57
2175,7,3.91
392,39,2.76
2528,13,3.08
993,13,3.4
2971,11,4.44
2450,27,3.33
2322,3,3.6
845,20,4.12
139,6,1.3
103,6,1.94
1266,6,3.75
1141,27,2.96
1238,7,1.89
484,5,2.75
2577,39,2.94
224,9,1.72
1294,13,3.52
1849,39,2.87
1885,26,2.58
2162,38,3.09
1465,25,2.32
644,26,4.04
2699,27,3.72
1256,26,2.38
458,39,3.48
2423,33,3.79
1628,32,2.96
611,3,2.89
207,18,1.97
1544,13,2.74
1467,24,1.67
917,8,2.84
2369,2,3.39
2141,6,3.11
1432,16,2.28
1182,13,3.54
2920,36,3.01
2147,34,3.81
2273,18,3.99
852,33,2.2
441,7,3.59
720,21,3.9
585,2,2.62
2015,0,1.85
64,25,1.73
768,21,3.03
560,34,2.63
1734,37,3.96
670,4,2.22
1543,27,2.81
1272,5,2.53
2416,19,4.04
2792,22,3.11
618,37,4.12
1995,21,1.83
1122,37,1.86
1292,16,2.53
1084,1,3.09
2548,27,2.71
2459,11,2.62
1164,10,3.64
1933,15,2.75
1352,14,4.16
464,27,2.91
2750,25,3.13
1661,14,2.87
1949,37,2.93
2211,38,3.23
60,26,2.61
333,12,4.3
76,25,2.59
1779,36,2.09
2365,25,2.15
190,31,2.43
1913,21,1.87
296,14,4.11
2549,37,1.62
177,35,2.58
800,37,3.07
806,27,3.26
2908,15,2.52
1743,7,1.71
215,32,3.52
1880,27,2.64
2701,24,2.29
597,8,2.75
1718,14,2.78
1356,18,4.32
128,24,2.49
1293,11,4.12
2599,26,1.58
1559,29,3.95
1778,4,2.54
619,15,2.7
2396,39,3.76
142,37,2.7
2840,11,2.59
245,21,3.24
2751,9,3.29
1314,16,1.6
1715,22,4.35
1136,15,2.94
2262,29,3.24
1910,34,3.63
2248,19,3.98
2453,23,3.49
421,33,3.86
7,26,3.79
1549,22,3.13
2640,2,2.74
2334,6,2.11
671,35,3.73
2437,7,3.48
416,0,2.23
2832,33,3.9
1007,16,3.71
1737,22,1.89
428,27,2.03
334,12,1.87
2320,6,3.67
2367,2,2.92
527,3,3.58
2808,7,4.32
1196,7,2.49
1754,36,2.93
1673,9,4.57
2369,35,4.44
2787,13,1.66
1556,1,2.96
2029,23,2.19
1655,10,3.76
454,15,2.63
746,5,2.6
1904,12,4.0
929,24,2.23
848,36,4.33
868,23,1.81
774,22,4.17
2131,25,1.92
543,21,3.62
322,7,3.98
786,0,3.74
540,5,3.57
2300,2,4.41
2884,19,3.98
1789,13,4.24
449,3,3.96
490,33,1.84
1906,16,2.7
464,8,3.75
314,17,2.07
1956,7,3.76
385,0,3.27
295,28,3.56
1239,12,2.63
762,9,3.94
2817,24,3.24
1099,16,4.44
2392,36,3.2
1738,13,3.33
2190,25,4.49
2766,8,3.09
1223,2,2.42
1943,19,2.92
2454,15,2.61
228,37,3.29
411,24,2.54
3000,2,3.14
2946,20,2.42
691,8,3.83
878,19,2.5
787,25,3.4
2110,9,2.35
1351,14,2.97
1740,15,3.62
1987,4,3.33
879,8,3.4
1608,19,2.59
1614,22,3.06
2404,19,4.39
71,18,2.58
2311,1,3.68
306,12,2.3
2606,22,3.66
762,33,3.34
588,29,2.29
2122,11,3.77
2190,10,3.37
1609,24,2.84
102,22,3.44
1630,1,2.37
1605,20,2.57
193,4,3.34
1086,34,2.38
2458,12,1.95
300,18,4.8
454,29,3.18
2622,38,3.62
619,8,2.96
637,5,3.52
2349,29,3.32
779,8,2.84
1480,13,3.37
2250,6,4.19
2722,14,2.89
2350,25,2.1
2045,11,4.08
1648,28,1.56
337,30,2.44
2080,29,2.45
1995,14,2.86
2008,35,1.76
1783,15,3.2
2821,39,3.07
1072,2,3.41
2032,6,3.89
1274,17,3.27
1250,17,1.75
1296,31,2.79
2713,17,2.64
328,21,3.45
797,2,3.66
1204,16,2.81
2862,6,2.7
665,35,2.75
2794,7,2.8
2978,13,4.19
963,6,2.54
1630,5,1.48
1394,0,4.02
1269,35,3.43
1184,16,4.26
373,26,2.68
285,7,3.39
2569,8,2.4
2745,7,2.75
807,33,3.92
647,14,3.07
1605,32,1.88
2184,15,3.85
96,1,3.07
274,2,3.23
2926,24,2.33
2898,24,4.15
1201,26,2.88
1773,35,4.35
784,8,3.33
1301,7,2.73
132,11,2.55
1391,4,2.23
2421,3,3.88
1150,39,4.02
1811,12,2.41
2031,23,2.47
808,11,2.11
744,8,2.07
51,4,2.96
1182,35,2.55
56,34,2.51
744,25,2.99
2476,19,2.81
443,25,3.26
1935,15,2.39
2374,29,1.54
2688,36,2.53
1662,35,2.19
2877,26,2.4
80,1,2.05
2522,12,3.48
377,38,2.24
2967,30,2.99
2381,0,4.04
441,7,4.14
126,37,2.12
1718,0,2.43
219,4,2.87
948,8,1.92
278,33,3.29
595,8,2.46
935,9,1.66
2019,3,2.68
141,32,3.11
2894,26,4.0
1631,37,3.94
877,18,3.24
1730,20,4.15
110,27,3.04
1076,7,4.18
2661,14,2.0
2761,20,4.35
1994,13,2.69
1223,4,3.16
796,20,2.66
2030,0,3.4
729,3,2.44
2553,6,1.7
1538,0,3.74
1041,5,3.12
315,35,3.52
77,25,2.83
2947,34,2.48
1641,4,2.39
712,33,2.09
1538,21,1.72
1868,20,1.93
854,13,2.9
1162,20,1.87
1598,13,2.55
2757,21,3.14
1913,23,2.34
265,19,3.51
333,2,3.98
2236,8,3.9
1087,21,2.37
820,30,3.68
1303,4,3.35
1566,18,2.74
1195,23,1.78
1527,22,3.51
299,3,2.79
2249,12,3.67
1159,38,3.6
272,20,3.2
535,25,2.3
2079,24,2.72
1145,1,3.05
69,7,1.76
2931,28,4.01
827,22,2.75
2972,33,3.06
1170,5,3.64
984,1,3.39
481,35,2.96
2341,19,2.34
2016,11,1.79
1453,11,2.83
2134,32,3.45
1040,26,1.81
2776,0,2.8
628,0,2.38
118,21,2.62
2318,0,1.85
2903,33,3.97
162,23,2.18
2748,33,2.52
1677,26,4.12
167,34,3.01
300,31,2.72
2076,12,2.56
562,36,3.9
2931,38,3.02
2204,36,3.18
1348,32,2.16
1145,5,2.42
2700,0,3.85
1552,23,2.64
2869,28,3.47
561,5,3.22
1188,18,3.1
1690,10,1.97
312,39,4.15
2424,4,2.55
1370,1,3.83
2198,26,1.99
1912,14,3.3
2633,0,1.99
581,3,2.59
977,4,1.87
177,32,4.75
2402,16,2.22
514,9,4.03
2357,14,3.96
119,8,2.19
1543,32,2.68
767,11,3.34
973,2,3.57
916,39,3.69
2526,11,3.43
1438,10,4.01
587,24,2.35
351,34,3.0
1530,8,2.21
2243,25,4.04
1474,19,2.71
496,30,3.01
2563,4,3.08
2744,5,2.25
1871,16,1.67
273,15,3.45
2928,9,4.23
2100,2,2.68
263,35,3.67
2181,2,4.18
2358,6,2.34
1597,5,1.73
2064,35,2.84
1765,36,3.93
195,15,2.33
1787,14,4.04
1467,27,2.94
2351,12,2.11
1072,3,2.97
1771,39,2.22
1145,33,2.86
1523,11,3.29
832,6,1.74
562,18,2.37
41,35,1.75
1480,34,2.85
2582,11,3.16
371,30,1.94
1206,5,3.86
2565,0,4.03
657,8,3.17
590,4,1.62
231,20,3.01
809,11,4.28
1372,23,2.94
479,35,3.03
1233,29,2.66
2723,1,1.52
2326,13,1.2
1773,7,2.64
2101,8,1.84
1885,14,1.88
1034,19,2.91
1763,17,2.1
748,17,1.28
464,27,2.98
754,35,4.38
1841,35,1.9
583,30,2.49
2206,32,3.08
19,10,2.9
55,5,3.45
1751,35,3.05
721,21,3.59
2809,30,3.85
1564,19,2.89
2856,22,2.07
2771,12,3.23
2333,9,3.77
1556,38,3.57
2559,19,3.41
1420,35,3.58
2168,33,3.81
2145,33,3.2
2168,35,3.37
1561,27,1.62
1177,34,2.33
1269,11,2.91
1796,15,2.35
2441,29,3.84
1167,29,2.72
2842,10,3.38
1871,26,3.01
2268,11,4.32
2887,19,3.67
160,19,3.62
2659,16,2.36
639,15,2.24
1056,1,2.47
2825,18,2.85
334,30,3.96
892,12,2.78
2988,7,2.68
2017,9,3.31
352,18,4.05
1363,33,1.55
926,4,3.15
1424,35,3.45
2444,32,3.45
2578,21,3.01
2406,30,3.02
1420,9,3.01
2876,3,2.55
60,8,3.72
2525,11,3.91
2660,15,2.94
1,13,3.67
1579,23,2.06
311,11,4.44
2216,12,1.78
2240,36,2.31
708,25,2.44
1182,13,3.87
1781,25,4.24
1524,39,1.95
2414,6,3.42
1364,17,3.28
858,17,3.6
2375,23,2.68
2162,0,4.14
2845,2,2.62
919,4,2.89
609,34,3.05
309,23,2.86
2449,20,2.58
1344,14,1.63
212,12,2.66
2365,11,1.92
185,31,2.27
1229,23,3.02
1388,16,4.12
1240,22,3.53
246,39,1.61
239,35,2.61
1829,35,2.65
1415,8,2.12
520,18,1.47
1614,10,4.37
277,3,3.46
1006,29,2.46
2250,16,3.34
214,16,2.95
606,28,2.06
478,6,4.51
508,13,3.79
1099,37,2.81
2717,12,2.84
2713,18,1.98
1978,28,2.91
142,7,2.13
2370,4,4.39
1718,20,2.93
461,39,2.15
2755,36,2.98
670,5,3.89
2102,11,3.48
2325,3,3.98
1845,4,3.76
1619,31,3.71
400,28,3.08
668,34,4.36
2564,12,1.78
1523,13,3.22
1335,28,2.51
1295,18,3.55
2624,29,2.78
1473,31,1.68
2160,39,3.34
239,1,2.43
1044,38,2.18
1313,31,3.35
1617,8,2.51
2245,7,2.73
2430,13,2.15
1722,38,3.53
1741,12,2.09
1516,15,3.62
2212,22,2.81
2654,33,2.97
1273,2,3.28
2903,6,3.37
1045,37,3.16
2879,37,2.69
1536,10,2.62
2645,37,3.28
536,18,2.87
2159,4,3.4
949,10,1.93
863,32,3.18
2643,32,2.89
1022,22,2.68
2508,24,3.78
434,28,4.64
1404,25,1.35
2936,26,2.41
783,25,2.45
988,37,1.78
169,28,3.29
709,5,1.49
965,31,3.23
2775,24,3.54
1603,13,2.82
229,19,1.77
1185,17,3.38
427,37,3.08
122,17,3.45
2197,26,3.1
2900,25,3.21
2753,29,3.31
111,6,2.2
1245,14,2.81
1928,26,3.03
64,14,3.02
2686,24,3.78
1378,30,1.61
909,13,2.84
1772,29,2.79
1509,6,3.7
13,21,2.16
2982,34,3.39
1177,8,2.81
239,8,3.54
663,21,3.35
1110,1,4.41
694,32,2.85
1182,5,3.16
1505,20,1.97
1903,13,1.82
76,0,3.19
329,6,3.05
1440,19,2.22
1253,1,4.02
2200,17,2.75
72,22,2.54
225,23,4.3
2521,7,2.08
2408,0,2.77
2588,39,1.45
811,16,2.61
2657,10,2.47
2049,38,3.26
678,27,4.07
291,34,3.9
1482,31,3.74
2252,33,4.11
1226,35,4.61
566,14,3.08
2530,16,3.39
1816,33,1.74
511,0,3.84
924,32,2.82
2326,26,3.8
16,30,3.09
2404,24,3.88
356,12,1.41
830,27,1.94
2647,16,2.83
1102,8,1.54
2976,32,2.52
1091,11,2.94
2907,5,1.81
1747,37,4.5
214,39,3.92
1721,4,1.32
449,3,2.2
1569,18,3.82
2835,22,3.52
2547,13,3.48
710,4,3.63
380,36,1.74
2788,34,3.39
2680,10,2.21
1889,31,2.63
1048,21,2.55
539,10,1.79
2993,16,4.74
753,15,4.37
535,28,2.52
673,23,4.03
1065,4,3.33
568,36,2.67
1437,33,2.48
415,6,3.8
449,16,2.69
610,8,4.41
2706,18,2.3
2002,33,3.17
1798,15,2.68
2484,26,2.7
705,32,3.36
2287,23,4.11
1066,25,2.51
734,5,4.53
800,13,4.43
2058,26,3.87
2795,29,3.32
1861,26,1.4
2187,9,2.96
1891,10,3.14
731,24,3.7
196,32,2.57
1098,0,2.9
1639,16,3.14
1659,15,4.47
1126,17,2.63
264,31,3.07
2993,22,2.61
920,4,3.11
161,27,3.82
1257,8,3.03
2539,12,1.84
1811,5,3.62
770,1,1.98
311,8,4.04
227,5,4.03
273,14,3.25
2986,8,3.34
317,13,2.86
1923,13,3.1
2339,19,3.31
1493,21,2.84
2777,38,3.33
1895,30,3.33
1602,4,4.71
1793,14,3.1
1451,29,4.2
2423,29,1.27
1926,19,2.57
567,16,2.93
2916,3,2.44
2803,1,4.04
252,25,3.36
1557,25,3.02
2355,20,2.52
675,7,2.45
2916,37,3.75
2312,6,1.9
2116,13,3.11
1603,11,2.34
514,36,1.7
2817,5,3.0
442,26,2.67
1,15,3.62
2406,14,4.3
1139,30,2.85
903,36,2.89
1624,25,2.36
1221,5,3.44
2322,14,2.36
856,12,4.79
1018,4,3.09
1184,35,2.91
2221,32,2.65
585,10,4.19
2977,6,4.05
2529,2,3.22
455,35,2.58
196,37,3.27
2844,27,3.01
599,17,2.5
1333,19,2.71
1760,5,2.85
556,17,2.61
2896,3,3.31
1518,7,1.31
439,33,4.38
2698,16,2.89
359,17,3.2
1058,21,2.37
1112,13,2.42
2706,15,4.65
2064,28,2.54
2793,33,3.23
421,25,4.32
553,32,2.13
2815,22,2.9
2841,21,3.4
1150,17,2.33
1032,15,2.47
1492,20,4.49
880,17,2.08
1886,7,3.35
852,4,4.33
510,2,3.49
1860,6,3.09
1764,1,3.34
966,32,3.63
1859,25,3.93
914,15,2.03
1391,36,1.82
1512,7,2.01
2066,37,3.02
2104,22,3.63
2967,34,3.8
1059,28,2.26
2950,3,2.94
2678,27,2.81
794,35,4.29
1597,21,3.48
1807,15,2.13
347,24,3.05
1056,34,3.74
908,35,2.38
1024,17,2.28
576,16,2.29
199,15,2.14
1366,38,3.28
1999,11,3.29
1255,30,2.77
2349,30,1.28
1017,14,2.26
26,2,3.2
1559,3,2.52
2498,9,1.79
2368,25,3.1
2204,1,3.41
471,15,2.51
2468,34,3.87
651,14,3.59
886,37,1.84
930,5,2.36
1745,35,2.68
2883,18,2.01
876,3,3.06
942,7,4.29
1309,36,4.11
572,35,2.15
54,11,4.48
605,7,3.85
325,13,2.57
885,16,4.17
265,24,3.04
382,2,3.23
1237,11,1.97
2381,31,2.11
1382,35,3.9
2251,36,4.4
2106,7,1.82
1518,32,3.21
1534,37,2.77
1792,9,1.28
547,32,3.02
871,29,2.61
2151,31,2.82
1224,21,2.35
865,15,3.18
1966,21,3.09
398,38,2.61
1762,21,3.24
392,16,2.88
2154,8,3.58
1613,14,4.03
1078,17,1.94
1301,17,1.89
2159,10,2.72
2272,28,3.6
2123,6,2.32
2554,13,3.45
2818,9,2.98
2530,19,1.87
364,37,2.16
2287,15,2.68
1425,27,3.51
846,37,3.83
1328,16,1.95
392,29,2.87
1041,7,2.02
2060,39,2.02
2047,24,2.59
146,39,2.31
1306,10,2.96
1573,21,2.08
2217,26,1.72
2895,23,4.14
2218,39,4.43
2033,20,2.92
765,16,2.99
1370,39,3.37
499,26,3.28
1967,38,2.5
1166,19,2.66
2945,25,3.22
1761,3,3.05
118,11,3.23
365,14,2.83
1982,20,2.31
136,39,3.86
1101,3,3.47
1872,5,2.29
2605,11,3.09
18,19,2.0
1891,3,3.94
2451,15,3.86
205,12,2.19
499,29,3.24
2372,0,2.77
595,33,2.5
562,37,3.34
1305,20,3.45
2527,29,3.88
2212,19,1.49
2372,24,3.15
2599,0,2.68
2879,15,1.64
640,31,3.36
1927,8,4.27
2682,11,3.83
2807,23,3.27
2256,10,2.47
315,18,3.82
2352,6,3.42
901,17,2.17
2287,24,3.23
1751,0,2.69
804,19,2.54
1561,39,2.52
1453,2,3.44
1244,33,2.28
2323,34,2.01
1671,18,2.19
2028,18,1.76
1769,23,3.4
2001,34,2.46
1090,6,2.32
1447,11,2.91
2303,4,4.02
2173,30,2.25
1170,2,2.43
615,23,3.55
2433,38,3.48
2495,30,1.73
387,17,3.92
2431,22,3.02
1406,5,2.15
124,9,2.93
1814,14,3.13
1625,4,3.13
1182,35,2.6
728,4,3.43
2944,38,3.0
1142,28,3.36
2376,15,2.96
2742,8,4.49
359,21,3.26
2845,30,2.36
443,16,4.31
2212,29,4.02
973,27,3.44
361,21,3.63
2633,31,2.79
853,3,2.32
1625,29,2.06
1612,4,2.86
1757,3,3.32
1024,3,1.97
1908,18,4.1
1931,38,3.41
241,11,2.35
666,18,2.32
2613,19,3.05
1166,18,3.56
2880,21,2.81
976,18,2.21
2040,35,3.06
2079,10,2.17
223,26,4.55
1828,14,1.9
2314,10,1.62
1306,6,3.58
788,15,3.46
2429,12,3.22
556,17,4.15
2110,27,2.03
2761,20,2.44
847,34,2.42
2569,2,1.58
1095,7,1.67
2650,8,3.53
1560,37,1.93
140,39,3.1
1364,28,2.73
590,19,3.21
1750,5,2.13
2576,36,3.64
541,13,3.28
2423,8,3.3
291,16,2.42
2091,26,2.47
1256,3,2.74
1236,39,3.67
8,8,4.13
1658,5,3.07
483,2,1.87
2090,32,4.32
333,15,2.79
1257,21,2.08
1040,17,1.76
2117,7,4.01
2101,12,2.19
685,24,3.32
994,12,3.11
1798,0,3.73
1825,31,2.4
2575,9,2.22
1806,6,2.69
1703,30,3.27
63,12,2.07
261,8,3.62
858,10,2.51
1264,5,2.24
1489,15,3.28
1131,36,2.68
2031,8,3.85
180,29,1.5
355,6,2.72
934,15,3.31
2775,4,2.52
589,29,2.43
1761,21,2.6
605,6,3.43
2229,29,2.23
174,1,1.74
2402,21,3.92
354,34,2.9
1339,27,3.77
434,21,3.84
2953,35,1.62
2330,17,1.44
259,28,2.85
868,10,2.48
2607,36,4.73
2053,29,4.1
2004,39,2.54
596,36,3.82
1669,30,3.48
394,16,2.95
336,6,2.44
2111,33,2.79
44,5,3.18
2201,9,3.37
854,7,1.68
275,8,4.11
426,10,4.01
483,26,3.07
214,13,2.44
2127,36,3.85
139,37,1.91
950,9,2.71
98,12,3.31
664,34,3.29
2246,5,1.82
2833,27,2.71
2204,17,1.93
1074,36,4.17
479,27,2.44
2276,25,2.62
2570,15,3.27
2197,30,3.1
1082,30,3.61
162,37,3.47
2911,32,2.03
1501,20,2.85
1451,38,2.53
395,15,2.29
801,7,2.16
186,31,2.75
558,21,4.37
1981,2,4.16
446,5,3.32
830,28,2.63
2135,38,2.81
1273,29,2.64
1814,5,2.06
2486,20,2.76
516,26,3.23
1601,27,3.33
947,22,2.29
1226,4,1.86
1599,2,3.65
1679,5,2.74
756,6,2.31
2845,10,2.64
2734,0,4.28
325,5,2.87
2671,24,3.1
687,22,2.56
1499,8,2.76
1689,7,4.33
2000,3,3.39
2448,14,3.06
868,9,3.18
217,0,1.83
2857,32,2.83
1001,4,2.18
1989,9,2.66
932,9,2.13
2013,26,3.3
240,38,1.93
1210,6,2.07
48,16,1.52
1249,37,3.29
1168,14,2.38
875,28,2.66
1898,34,2.39
2180,33,2.54
625,21,4.36
1860,31,2.3
1971,30,3.23
601,19,2.68
2721,34,2.78
2382,38,4.06
1944,24,2.96
1817,30,2.54
2084,3,2.51
2826,18,3.77
1649,0,2.56
1828,2,1.86
223,0,2.92
1747,16,4.33
530,32,3.04
2289,32,3.15
134,35,3.15
391,35,3.44
102,39,3.21
2041,36,3.65
2729,5,3.27
2546,23,2.52
2559,25,2.63
2751,25,2.8
2001,4,2.05
949,27,2.36
1569,5,2.88
841,18,1.37
2054,38,2.86
194,31,4.19
742,28,3.51
2960,26,1.74
473,20,4.22
2264,16,3.41
2924,1,2.44
38,23,4.07
1699,34,3.76
471,14,2.74
2500,14,3.08
1514,31,3.65
1013,31,1.93
1784,37,2.65
1967,2,2.79
103,38,3.47
1735,13,2.7
1736,11,3.63
42,7,3.17
2995,11,2.44
2114,3,2.91
2991,15,2.96
193,0,3.4
1062,3,3.04
2550,26,2.57
1677,29,3.6
2712,13,1.93
2400,18,1.7
326,39,3.32
1121,13,3.26
108,5,2.47
2679,14,3.81
2199,20,2.82
1098,4,3.58
2926,22,3.03
335,6,3.44
1943,29,1.52
2040,12,4.04
804,35,1.48
1849,7,3.83
767,27,4.02
1278,19,2.87
1409,38,3.97
2307,23,3.12
2830,13,4.19
1489,32,1.78
34,38,3.78
2374,11,2.64
837,25,3.04
2739,11,1.84
2025,7,4.25
1640,18,4.25
739,29,3.06
1490,7,3.41
2792,7,2.84
1328,19,2.68
1886,37,4.31
2895,32,2.37
117,12,3.34
1505,28,2.63
2698,14,1.99
2451,9,3.98
2034,8,2.9
1700,25,2.07
1924,2,4.32
1611,1,1.23
2281,14,3.07
2977,16,2.01
1308,11,2.6
2528,1,2.63
976,39,3.25
2057,38,3.54
715,27,3.61
1926,29,2.35
2427,34,3.5
2429,30,3.01
844,4,2.14
360,7,2.15
2224,31,4.45
485,9,2.91
1429,27,3.37
2081,24,1.56
1489,37,2.03
696,31,2.6
2205,33,4.06
565,19,2.24
1832,30,4.03
202,10,2.73
1199,5,2.87
1268,39,3.51
2971,6,3.37
1470,12,1.88
74,19,2.42
96,14,2.9
1897,14,1.84
173,14,3.83
1923,18,1.52
2203,9,1.44
2337,39,2.9
258,20,4.16
2222,35,3.78
330,16,2.37
1255,28,1.47
2807,27,3.73
161,22,2.76
186,0,3.57
143,25,4.8
2955,34,2.64
640,25,2.62
2075,13,2.86
202,21,2.95
1615,5,4.54
2718,34,3.4
472,24,3.19
2307,9,1.53
2103,11,2.11
911,19,1.9
1572,9,3.2
1030,2,1.86
2602,18,2.02
1074,17,2.42
2160,5,2.99
2194,13,3.06
230,26,3.16
1747,30,2.47
2545,1,2.52
1330,23,3.4
461,0,1.34
807,10,3.14
1932,11,2.83
2274,35,3.41
59,11,3.41
1100,32,3.0
2476,5,4.23
728,16,3.98
1156,3,2.76
2980,14,3.84
498,18,3.73
2864,33,3.01
910,12,2.23
1329,33,3.45
2115,32,4.21
230,10,3.52
333,6,3.33
2325,18,3.29
1897,1,2.44
1608,4,3.59
721,27,3.83
2192,31,2.56
1275,4,3.36
691,3,1.68
57,32,3.14
2356,9,2.54
2222,6,2.72
1486,18,2.68
750,8,2.9
678,32,1.48
560,34,4.17
1663,13,2.68
1705,32,2.64
1979,2,1.96
349,16,4.49
1091,2,2.71
2378,27,2.76
2242,4,3.25
1179,13,2.9
1720,20,3.87
2314,15,3.66
2216,18,3.1
2193,14,3.19
2234,39,4.08
886,25,3.01
865,30,2.99
2822,38,2.29
786,20,1.73
457,5,2.32
345,19,2.07
2783,9,2.61
554,8,3.03
1021,4,3.11
788,39,4.76
1820,3,1.84
2984,31,1.86
705,21,3.71
1128,24,2.79
2295,34,3.37
812,32,1.7
953,12,3.14
815,9,2.08
1549,39,4.03
144,4,3.17
2778,23,2.63
863,23,1.66
1217,6,2.73
2513,19,1.66
1808,3,3.53
375,14,3.25
677,15,4.3
2740,12,2.55
2677,37,1.75
1290,18,4.06
556,14,2.5
863,36,2.49
2122,21,3.7
2486,30,3.12
881,23,2.12
2274,36,2.71
1843,15,2.77
2356,25,2.89
966,10,2.71
2396,24,4.15
476,23,2.12
1339,17,2.84
525,17,3.53
1449,20,2.58
2572,1,3.46
562,6,2.58
569,0,3.24
1206,18,2.42
106,29,3.42
2239,21,3.94
1161,39,3.74
700,5,1.77
1144,30,2.56
2879,19,4.05
72,5,3.31
755,29,1.8
2505,37,2.32
905,20,2.82
2527,19,2.21
52,33,4.69
1004,1,3.23
2622,21,2.08
1288,8,1.66
1263,18,1.21
2941,11,3.97
2303,12,1.84
685,13,4.0
1773,12,3.07
1631,32,2.02
2105,32,2.87
950,5,3.63
2654,23,3.63
1674,21,3.17
2417,8,2.43
2280,6,3.24
1426,7,2.24
2956,12,3.96
1585,19,1.92
1047,8,3.08
2622,3,3.42
1291,13,2.97
2889,17,2.78
2166,21,1.26
1624,39,2.44
1177,32,3.1
2316,21,2.58
2161,10,2.47
2214,14,3.62
2716,10,3.39
1032,24,2.98
2762,38,1.94
431,17,4.22
1316,6,4.15
893,20,3.38
1074,4,3.34
107,30,2.1
745,30,2.26
2748,29,1.16
1480,14,3.23
2371,8,1.77
2357,34,3.15
2898,21,3.06
622,11,2.14
995,2,3.58
145,28,3.19
2788,0,3.75
821,34,2.96
412,27,3.59
114,31,2.88
2623,2,2.0
2447,24,2.63
124,4,3.08
86,7,2.45
47,18,2.08
1900,29,2.51
2992,20,2.24
1573,6,2.66
1739,12,3.87
2006,32,2.48
804,7,4.31
2437,1,2.61
2624,23,3.35
1990,32,4.12
2680,37,3.0
2762,11,3.03
1070,25,1.89
1192,38,3.74
2670,2,3.88
46,28,2.36
2772,13,4.06
540,13,3.5
87,33,2.68
2851,24,2.4
1409,39,3.1
265,13,2.21
703,20,2.62
1474,35,1.62
2280,7,2.49
186,1,2.63
326,28,3.07
1207,24,2.18
397,38,2.72
1505,27,2.71
1427,20,1.46
1441,12,3.29
1089,11,3.48
956,25,1.99
555,16,3.09
2781,18,2.68
1041,22,1.96
2845,36,2.04
2439,29,3.37
44,4,2.57
901,37,2.81
1724,2,4.01
482,25,4.22
2037,18,3.04
1287,9,3.02
1198,28,2.64
1465,18,4.56
566,25,2.12
2268,25,3.08
772,11,2.74
1219,1,2.58
2457,34,4.39
471,22,2.71
1371,32,3.53
2214,39,3.88
672,21,2.44
1175,6,3.99
111,34,2.46
2597,29,2.21
1027,35,2.98
344,38,3.41
1473,21,2.76
2380,32,2.34
2312,2,4.3
2131,6,1.96
777,32,3.51
2972,37,3.87
2382,27,4.21
1404,32,1.77
658,27,2.54
1834,25,2.32
1833,35,2.07
454,12,3.81
2721,37,3.24
741,6,3.83
1770,20,2.98
2381,22,1.55
2358,6,2.92
2775,20,2.4
1444,17,3.0
1749,15,3.1
2402,20,2.87
824,17,3.2
145,14,2.73
2007,29,3.62
1068,3,4.74
1787,23,2.45
1410,28,3.43
1763,38,3.03
910,7,4.11
761,10,2.48
2543,24,1.22
1517,2,3.63
2690,29,3.49
531,20,1.91
1360,33,3.5
2028,31,2.04
2561,37,4.16
2178,10,4.25
1008,4,2.32
1538,21,3.12
1274,14,1.63
2782,33,3.45
947,16,2.79
1162,37,1.24
1299,37,3.62
1002,16,2.2
2512,6,2.09
2189,9,3.72
1968,2,3.3
882,34,3.2
1848,3,2.26
2504,17,3.07
1976,35,3.05
2482,38,2.46
1631,18,2.81
173,18,4.27
473,32,1.53
1447,37,3.1
2965,15,3.32
2487,1,3.46
498,18,2.81
2217,3,2.58
989,16,3.22
1606,29,2.64
2609,33,3.52
2476,30,2.45
419,9,3.23
1371,7,3.66
2503,30,3.24
714,26,3.02
2250,3,1.42
179,32,3.77
2105,21,4.11
1930,15,3.21
946,3,2.68
2019,20,2.02
2549,11,3.08
739,2,3.94
1957,35,2.78
112,17,3.52
715,16,2.1
1402,31,2.88
2925,5,1.6
1939,30,2.62
1382,15,4.14
813,10,2.38
1209,18,4.07
37,27,3.52
1829,29,3.46
2911,10,1.65
2780,13,3.28
1252,9,2.24
810,11,2.72
23,11,3.54
1527,20,3.41
796,5,2.4
496,20,4.72
900,39,1.82
425,38,2.99
2748,16,3.23
2066,3,2.2
1983,28,3.07
1469,37,2.06
2675,4,2.65
1234,31,3.4
1798,32,1.8
2259,34,4.07
565,8,2.84
1305,21,3.57
1857,6,3.14
133,3,3.15
449,29,3.79
2312,30,2.06
1831,17,2.88
2159,27,2.41
850,4,3.25
1262,15,3.6
1481,38,3.8
901,31,2.76
759,15,3.08
1540,29,3.03
1900,26,2.46
2909,14,3.04
2945,29,2.62
862,31,2.8
1848,37,2.27
2241,6,4.09
515,12,4.03
2838,6,2.94
968,13,3.48
1592,13,2.24
84,32,3.43
798,26,3.12
2128,37,3.41
1602,30,3.9
522,6,3.41
1223,19,3.43
1595,37,3.67
234,4,3.04
1843,15,2.18
2292,5,3.62
1417,25,3.98
1590,39,2.69
1470,14,1.92
2897,20,4.16
393,2,2.15
9,29,2.49
613,21,3.53
1944,9,3.24
2855,23,2.93
715,22,3.46
1928,1,1.98
110,5,2.67
834,30,2.44
266,22,2.37
1397,14,3.44
2032,24,2.99
976,25,2.04
1619,12,2.09
955,9,3.9
2955,25,2.55
1670,38,4.56
1350,2,1.54
2720,32,3.8
1575,37,3.8
2224,6,3.51
2573,38,3.47
3000,36,3.08
1059,18,3.76
1958,11,1.96
2553,36,2.68
849,19,2.95
963,34,3.89
1826,34,2.42
2520,22,2.05
2571,18,2.0
2928,36,2.34
2322,22,3.52
2102,12,1.44
888,19,2.71
745,13,2.5
2325,4,4.21
2931,18,4.12
1442,18,2.99
2680,38,2.44
1249,8,2.32
2618,28,2.14
176,9,2.97
566,38,2.44
2819,29,2.58
1688,0,2.58
1409,32,3.89
262,23,2.52
531,35,2.19
1878,35,2.84
1395,20,2.07
1707,0,2.8
2939,11,3.2
1221,39,2.58
948,20,3.43
585,3,4.56
2863,16,1.92
1621,30,2.68
2350,18,1.63
1156,21,3.11
1752,17,3.58
2676,25,2.21
2621,30,1.19
2577,30,4.38
2082,24,1.54
532,25,4.09
1232,37,1.79
1994,14,2.04
1698,33,3.85
1546,8,3.07
1438,20,3.43
371,1,3.63
409,18,2.29
1407,26,1.46
1902,23,2.31
1471,3,3.41
617,31,1.68
71,23,3.28
84,5,1.77
2257,15,3.3
259,2,3.29
1326,37,3.1
932,37,3.38
2330,21,3.76
394,38,2.95
2466,13,2.13
1335,26,3.35
2907,5,4.57
1930,24,3.63
1721,17,1.79
626,28,3.49
1893,4,3.61
1837,19,2.95
562,26,3.28
2880,11,2.66
1794,27,3.45
941,5,2.42
2110,7,4.34
1166,38,2.4
1866,12,3.82
2782,8,3.32
1892,22,3.02
1640,19,2.46
1551,27,4.52
782,25,4.48
1695,39,2.47
2587,0,1.54
597,32,2.28
2057,37,2.71
2324,19,3.17
2275,36,3.85
2234,20,3.23
2639,24,3.12
2481,25,2.76
2617,28,3.29
2704,1,1.87
356,15,1.52
2891,38,3.47
2041,9,2.64
392,7,4.28
579,0,1.77
1641,27,3.39
2468,5,3.4
2009,20,3.58
1724,4,3.34
164,35,2.83
2827,16,1.7
638,9,2.72
2065,10,1.69
2494,18,2.22
170,31,2.94
340,6,2.41
726,4,2.46
1934,7,1.92
1035,24,1.58
1646,35,2.57
133,6,3.72
2949,7,2.68
2688,31,2.47
823,20,2.92
954,23,3.08
2127,34,1.55
346,26,3.1
609,21,3.15
639,35,1.84
1048,22,2.24
1495,27,2.52
1225,13,2.33
2179,1,2.67
2404,28,2.93
2992,9,2.97
150,4,3.51
1550,14,3.08
1328,38,3.01
1565,24,3.07
50,34,3.29
2512,33,3.21
1506,5,2.63
2503,27,3.01
335,12,3.2
1376,5,3.35
668,11,3.15
1673,32,3.48
2375,20,3.32
1016,34,2.91
336,8,2.19
666,6,3.39
81,2,2.13
2135,18,3.22
1800,6,3.44
258,0,1.52
991,31,1.97
185,28,3.2
1716,38,4.07
2746,36,3.63
123,14,2.25
605,19,4.09
2563,25,4.38
904,23,2.81
1538,12,2.38
1982,35,3.13
1395,37,2.79
2353,37,1.92
1309,16,2.89
2705,14,3.05
1866,18,2.4
1942,16,3.53
2310,37,1.71
1598,38,3.22
491,9,4.42
2786,25,4.29
1055,0,3.32
702,33,2.02
2935,23,2.58
1292,0,2.47
2060,14,3.83
1215,34,1.89
1424,18,3.25
1561,33,3.52
1942,7,3.68
2139,10,2.24
600,14,3.87
1810,15,3.28
2349,18,3.09
1135,32,3.57
80,17,2.05
836,9,4.28
652,23,3.75
2481,39,2.93
417,28,3.49
1471,28,3.33
2066,15,4.0
1078,12,2.06
1904,26,3.89
746,21,4.0
2003,26,2.74
240,2,1.58
2894,23,1.55
1945,7,2.8
2466,8,3.34
856,4,3.29
2647,21,2.42
1797,0,2.95
1772,19,2.41
420,7,1.41
2264,3,3.57
709,3,2.7
2599,2,2.29
1668,17,2.89
1354,39,3.29
2036,30,2.69
2881,34,1.96
680,18,2.62
487,27,3.67
623,8,1.31
1439,24,3.54
219,38,2.68
2769,12,2.8
2429,39,3.63
2135,19,3.69
1485,10,2.94
2863,12,1.47
2459,2,4.15
691,38,1.72
2030,6,3.03
1013,4,1.62
2573,38,1.51
447,37,2.51
2348,31,3.61
2456,1,3.7
375,22,2.87
2281,31,3.18
1923,14,3.18
638,6,3.28
1771,1,1.65
2698,22,2.25
2234,36,2.32
2126,19,3.09
1505,6,2.26
194,2,3.25
1400,7,3.53
2335,3,2.77
1506,17,2.26
1747,29,3.25
250,2,2.1
1225,0,1.98
536,39,4.67
2348,17,1.81
1107,30,2.52
2857,28,3.76
458,14,2.54
2739,17,4.19
1388,24,1.71
2766,17,3.34
40,19,3.46
1540,34,4.12
2156,10,4.0
261,7,2.88
1642,1,3.51
1248,8,3.24
2574,13,1.81
2758,39,1.8
126,17,3.35
1230,4,2.2
1307,8,3.78
2102,12,2.62
2394,37,3.51
136,18,3.96
2378,0,2.96
1460,13,2.4
136,7,2.62
813,15,3.29
852,23,2.97
1745,0,2.63
1939,22,3.02
871,21,2.04
2940,10,4.37
1473,39,4.52
635,11,3.06
1652,36,3.92
669,9,2.36
1294,8,3.18
269,20,3.32
861,27,2.07
482,16,2.67
1262,22,1.33
2333,17,2.68
103,6,3.48
1454,14,2.99
792,36,3.0
1678,25,1.83
239,37,3.19
2789,7,3.13
2693,10,3.01
1589,29,2.99
882,38,3.48
2655,25,2.65
2236,18,2.41
888,4,3.29
1280,1,2.17
924,22,3.18
794,5,1.87
2578,37,2.88
676,30,2.08
2440,12,3.16
1682,12,4.5
1492,8,2.95
1850,8,2.64
1277,2,2.76
672,32,3.19
2909,9,1.71
2514,15,3.41
839,17,3.29
1313,32,3.37
1074,23,3.77
4,14,3.37
1655,8,3.94
2900,14,2.11
1909,5,2.6
1894,35,3.23
1923,29,2.6
1286,29,3.34
535,28,3.14
2951,24,3.6
1085,14,2.58
1380,22,2.31
646,19,3.29
24,17,4.16
1317,0,2.92
557,4,2.7
2739,24,2.43
356,30,2.05
2008,32,3.99
870,8,4.13
2989,6,3.94
575,36,3.42
29,39,2.93
2405,37,1.41
365,8,2.93
2656,33,2.49
409,5,2.77
1315,12,2.87
2615,5,2.6
1177,6,3.45
219,8,1.73
2221,13,3.43
608,34,2.6
1036,4,2.41
1540,16,1.58
858,34,4.27
1603,20,2.72
2705,3,2.47
969,5,2.5
1501,16,3.16
1106,21,4.38
1641,2,2.9
1717,10,4.15
2489,26,2.91
617,30,2.78
226,24,2.86
2419,12,1.68
28,28,1.36
995,38,2.58
16,16,3.3
333,15,2.46
483,17,3.87
566,18,3.16
2162,8,2.97
2086,18,2.83
454,13,3.27
2790,25,2.37
166,36,3.97
2742,1,4.11
2253,25,2.61
878,16,4.14
245,26,3.53
1895,38,2.97
1357,13,2.69
943,7,2.94
2869,29,2.89
2555,3,2.42
1953,4,1.43
2972,0,3.57
1283,22,2.37
1746,23,3.86
410,38,2.19
2358,24,3.25
2116,34,2.32
2162,11,2.15
2268,28,2.29
2268,38,3.07
1497,4,3.9
2778,23,2.29
2797,21,2.57
2991,18,3.93
386,29,2.66
930,9,3.05
405,13,3.87
492,30,2.72
357,9,3.66
215,9,3.96
1404,22,2.12
752,23,4.05
827,29,1.89
1238,30,2.23
1122,38,3.02
2576,34,2.58
2964,32,3.19
666,28,3.78
2758,32,1.91
2029,7,3.23
2583,32,2.74
554,35,2.96
1573,8,2.42
328,18,1.91
2950,23,3.19
1189,22,3.97
150,3,2.45
1056,34,2.08
657,3,2.83
2854,2,1.89
1937,16,3.27
293,28,3.44
2967,13,4.02
2737,29,2.4
957,8,2.85
1085,36,4.19
1613,37,2.38
416,28,3.87
2646,9,3.13
2055,26,2.82
918,21,3.34
85,19,3.22
2822,14,3.86
957,15,1.8
1422,15,3.55
1936,26,4.02
1795,8,2.76
1417,19,1.91
1071,26,2.51
1522,16,2.65
2654,11,2.5
1502,3,1.93
2474,36,2.8
2474,6,3.85
736,28,3.58
2839,16,2.93
2563,19,3.78
1153,5,2.56
1273,29,3.4
741,2,2.54
1863,17,3.85
131,9,3.0
1764,24,3.33
1713,7,3.58
323,1,3.76
823,9,2.62
543,18,2.98
2114,39,1.57
2766,8,2.35
1856,14,3.86
2079,4,3.06
885,34,3.14
191,28,2.73
415,37,2.74
1839,26,2.45
2795,18,3.45
1814,32,2.75
1761,24,2.26
1070,29,3.35
1722,6,2.09
375,31,3.41
558,33,2.48
1281,26,2.68
1945,35,2.76
1597,26,2.55
1129,27,2.21
1361,29,1.98
1325,9,2.64
1101,8,3.51
1535,2,3.31
1254,8,2.83
1703,3,3.19
2626,20,2.25
32,0,4.13
1632,29,2.01
58,27,3.04
1128,24,2.88
312,25,3.45
1753,21,2.66
2002,20,2.09
2738,6,2.75
1398,29,2.11
1783,4,3.84
2283,28,3.33
2691,15,2.38
1413,8,2.26
1432,9,3.07
802,26,3.14
239,11,4.26
1776,2,3.48
1319,19,2.85
112,27,2.35
2524,23,3.38
2352,20,4.26
1329,25,2.98
290,21,3.54
2256,23,3.21
2916,7,2.4
1810,0,4.07
582,35,3.06
370,18,3.16
220,25,2.01
2850,1,2.46
2867,16,3.94
1897,17,3.63
349,39,3.65
2303,7,2.9
452,15,3.23
2190,28,1.81
89,29,3.97
871,28,3.95
1160,28,3.6
2043,27,3.88
1875,20,3.73
523,22,2.33
2708,39,3.65
2999,33,2.78
910,18,3.32
442,21,3.28
38,28,2.73
1881,31,3.4
210,16,3.36
2561,27,3.36
1601,5,2.89
981,35,3.37
381,12,3.29
2876,14,3.47
1561,16,3.79
2907,21,3.1
394,4,2.83
1074,8,2.67
396,16,1.62
1777,15,1.64
2080,0,3.19
545,12,2.78
2760,2,2.68
1085,17,1.74
553,31,2.71
1465,38,3.29
1154,3,3.37
1378,24,2.07
2246,35,3.52
2847,22,3.76
1687,35,2.1
1740,14,2.24
694,9,2.98
2195,32,1.77
1740,30,3.45
498,4,2.76
2096,39,2.41
2818,14,1.66
2699,3,4.03
1196,27,2.86
613,8,4.06
2747,33,2.12
1339,16,2.74
376,25,2.69
806,10,2.9
921,9,2.93
875,3,3.37
2858,34,3.08
1444,34,3.89
2953,16,2.32
1420,22,2.99
1546,8,4.26
1211,36,2.79
1006,12,2.67
2081,10,2.44
2117,29,2.9
592,25,3.88
1215,5,3.08
2149,39,1.64
1509,33,3.65
1309,0,4.06
914,9,3.79
2781,36,2.44
390,5,2.47
160,17,3.48
892,17,2.35
1071,29,3.12
1470,37,3.22
696,12,3.24
758,6,3.14
2571,7,3.93
2780,30,2.87
2203,8,2.31
339,39,3.2
1977,16,3.22
795,20,3.19
1723,26,3.04
1598,32,3.78
899,12,3.01
1168,15,3.4
103,7,1.79
2860,5,3.5
93,6,1.7
975,34,1.86
1448,24,1.91
119,34,2.27
2033,3,3.88
2077,38,2.49
1535,29,3.5
2920,39,4.27
1390,17,3.94
2848,7,2.8
475,16,3.85
2611,38,2.0
435,8,3.18
2852,4,2.58
1258,9,1.81
55,2,4.13
931,26,2.63
1316,9,2.86
2800,39,2.22
312,37,2.88
1572,18,3.54
957,0,3.82
2366,19,3.02
1901,39,2.64
757,26,3.05
2513,12,3.08
1433,5,3.16
1264,34,4.08
1856,17,2.68
2748,19,2.54
2783,9,2.92
1094,24,3.09
2787,5,2.35
2816,2,4.73
744,1,3.4
2324,6,3.01
233,8,4.19
2102,26,1.88
257,17,2.52
2029,31,2.42
2138,28,2.28
1762,1,3.03
1930,35,4.23
1459,29,3.42
1649,2,2.42
408,18,2.91
1693,29,3.04
1978,27,2.6
2414,36,4.64
2399,24,3.84
1323,13,2.69
1930,31,3.75
1183,24,3.18
2535,25,2.47
842,25,3.27
984,39,3.23
1761,27,2.0
1379,28,4.07
621,17,1.79
930,32,3.14
2449,18,3.24
1731,18,3.75
2618,11,2.18
975,8,3.57
392,30,3.87
352,20,3.14
2854,14,2.1
1690,27,3.89
576,4,2.3
1694,23,2.9
2825,12,3.77
2681,7,2.79
1312,39,4.3
523,8,3.16
726,13,3.24
162,11,3.0
1938,1,2.22
659,28,3.06
2898,16,3.0
1573,27,1.31
2130,21,3.05
524,6,2.48
4,11,2.73
2543,4,2.85
1579,9,2.98
1075,36,3.85
1285,26,2.93
1623,18,2.76
2616,32,2.85
878,9,2.75
1092,14,2.9
2912,37,1.99
1167,31,3.06
1578,29,2.4
1675,10,3.05
1609,34,3.77
2827,26,3.03
1218,28,1.88
1691,17,2.76
314,27,2.8
730,28,1.77
384,15,3.26
1789,22,3.54
1813,22,4.4
2325,0,2.63
1096,33,2.84
1153,15,3.63
2746,25,3.45
1549,26,3.58
1865,19,1.97
751,1,2.34
983,36,3.33
2672,2,3.4
228,14,1.25
2044,21,3.11
1978,9,2.75
2065,16,3.42
1609,0,2.46
12,17,3.38
1523,12,3.83
692,30,1.85
1740,30,2.38
1526,5,2.64
70,36,3.99
2156,8,4.55
2249,19,2.24
1573,0,3.45
629,3,3.21
1288,36,3.78
906,7,3.66
2351,3,2.25
2985,33,3.95
576,24,2.43
2603,26,2.35
2173,11,1.58
2021,33,3.59
859,19,3.37
745,28,3.77
2528,23,2.41
2180,34,3.33
115,15,2.58
481,15,3.31
981,38,2.43
1025,19,2.63
2379,0,3.29
1601,35,2.32
942,2,3.33
955,8,1.9
1661,23,2.63
768,28,2.23
2439,19,1.96
834,16,3.47
2191,4,3.59
2376,19,2.64
1782,39,2.29
628,17,3.08
377,8,3.14
90,35,3.38
2856,35,2.65
1021,16,2.66
1066,26,2.49
1971,14,3.18
1059,6,2.41
1518,1,1.8
2601,31,2.8
124,37,2.59
2105,20,2.77
2854,24,1.45
1480,35,3.86
2283,23,2.94
2656,35,2.84
2440,30,2.27
1516,11,4.12
1855,8,3.1
1367,10,3.63
52,23,4.37
1574,22,2.73
1502,9,2.48
2537,24,1.77
2053,26,3.51
632,5,3.88
1862,22,3.89
1233,3,4.53
2265,13,3.9
2048,13,3.06
536,38,3.1
2786,20,1.73
730,2,2.98
1276,25,2.12
2051,39,2.33
1026,24,2.29
2198,0,3.61
2052,28,2.07
1521,34,2.21
1895,28,2.52
468,17,2.28
2118,38,3.52
201,36,2.42
308,39,2.27
2046,22,2.3
922,23,4.08
2340,21,3.9
2972,35,3.49
883,15,1.82
586,12,2.87
1721,37,2.53
509,25,2.69
5,16,1.95
2341,38,1.74
360,38,2.58
214,23,2.89
1460,18,2.86
563,11,2.84
2813,38,3.57
45,17,2.71
2751,21,4.63
634,39,2.93
1436,5,3.67
1211,36,2.65
1750,20,3.65
2709,0,2.09
2769,1,3.06
594,7,4.27
1425,11,2.45
2294,26,2.95
1927,4,2.36
857,39,3.8
1893,30,2.76
552,19,2.67
43,38,2.3
2889,19,3.55
179,12,1.8
1481,36,2.33
2583,27,4.62
607,19,4.04
672,32,2.63
927,10,1.72
17,19,2.08
1136,22,4.51
1639,5,2.18
2874,33,2.49
2595,9,3.55
1054,12,4.21
1216,32,3.8
2485,30,2.47
2227,27,2.57
616,38,2.22
2725,33,4.27
2682,33,2.79
2850,11,4.35
312,18,4.61
2073,7,3.26
2419,20,1.99
525,34,3.3
2278,23,3.03
1474,37,3.38
2426,1,2.58
888,9,3.36
1925,10,3.54
2008,17,1.6
462,25,2.44
2413,33,3.19
2152,12,3.12
428,27,2.96
469,35,2.75
1015,30,3.68
1605,34,3.8
870,24,4.16
2818,7,3.1
2728,26,2.62
2853,4,3.45
886,15,4.27
2609,14,2.18
1274,22,2.78
331,33,2.39
1956,31,3.71
587,13,2.99
201,14,2.23
454,18,3.39
826,7,2.83
111,8,1.95
2912,21,2.86
908,19,3.56
1773,2,3.0
1568,35,4.33
1233,17,2.21
2081,4,1.99
555,38,2.67
1904,14,3.09
107,27,1.83
2274,37,3.78
2535,36,1.62
2227,23,2.3
1394,27,2.33
2685,11,2.09
2836,3,2.31
167,0,2.29
2711,16,4.32
2348,31,3.09
1405,12,3.06
2083,32,2.47
2455,1,3.16
1526,4,1.88
314,38,3.75
816,26,1.98
743,34,3.61
2775,22,2.69
826,34,3.49
1125,23,2.98
569,8,2.82
1239,1,3.36
1959,36,3.58
2624,39,3.22
2110,2,1.46
369,18,3.8
1392,6,3.89
94,35,2.95
1459,23,3.6
2098,5,3.43
2931,16,3.01
764,21,2.39
2084,38,4.26
1434,10,3.9
2148,4,3.88
329,36,3.0
706,5,2.81
221,24,3.98
1815,4,2.98
1862,6,2.7
2615,15,2.98
996,19,3.69
1022,32,1.57
110,2,3.01
149,4,2.24
2454,2,2.72
699,15,3.35
1434,1,2.03
108,18,2.7
389,11,4.74
425,10,2.92
2495,9,2.22
2966,38,3.34
1092,35,2.96
2704,7,2.73
2000,26,2.45
1664,8,3.14
1528,29,1.95
2027,39,2.88
2369,39,2.76
2767,21,2.06
1856,20,2.15
2776,15,3.83
2628,3,2.8
447,3,2.53
1598,29,1.4
210,2,2.87
849,29,4.71
1863,2,2.95
2418,1,2.54
1965,15,3.84
1588,23,1.82
1652,8,3.01
1917,7,2.47
1919,24,1.93
577,23,2.09
1666,25,3.96
689,23,4.53
790,21,3.64
992,15,3.61
2211,12,2.04
977,23,2.95
1356,33,4.04
1688,27,2.84
350,9,3.04
1772,10,1.98
2718,18,4.24
426,33,3.0
327,28,3.25
1130,4,1.62
255,38,3.83
2038,16,3.75
2406,24,3.65
1991,10,2.86
444,15,4.27
113,28,2.65
1054,18,3.56
2572,27,1.57
689,4,3.07
991,31,2.1
1874,5,1.54
46,34,2.23
1195,1,3.66
757,30,2.67
1377,33,2.23
1227,32,2.66
1250,35,2.69
564,9,2.83
2209,6,1.66
2888,1,3.38
2586,25,2.39
2273,37,2.96
1341,16,3.07
1438,32,3.02
95,29,4.46
1803,4,3.3
949,36,3.11
553,22,3.2
2693,25,2.42
66,26,3.18
1498,19,1.91
665,38,2.24
2732,25,1.36
2958,28,3.6
2885,23,3.01
2619,26,2.2
2744,24,2.27
180,31,2.95
2882,4,3.25
1483,0,2.76
202,33,2.3
1499,35,4.02
1542,5,2.41
2591,21,2.1
2822,28,3.94
1313,4,3.47
1949,9,2.94
694,3,2.61
1720,25,2.99
1268,28,4.67
1792,37,3.22
2660,8,3.31
1722,6,3.41
1622,17,2.21
1198,17,4.46
1558,35,2.38
1533,26,4.22
2292,19,1.96
2108,17,2.96
104,21,3.32
2699,30,4.39
1695,24,2.11
1011,17,1.79
1768,11,2.43
2125,8,2.27
1042,0,3.77
1558,6,3.16
1208,32,4.15
1681,18,4.11
1679,11,2.96
2746,1,3.64
2994,17,2.07
2315,39,3.07
781,8,3.23
2657,17,3.78
946,3,2.97
1831,27,1.68
548,11,1.47
2208,25,2.24
2985,15,2.39
2447,9,2.21
2591,27,4.08
2175,28,3.86
1798,20,3.66
1881,12,2.3
948,29,3.53
2258,21,3.14
2198,1,2.86
31,19,3.83
612,23,3.28
1865,17,3.67
302,9,3.89
2913,35,4.64
2813,13,1.79
683,29,3.39
257,5,2.39
940,12,1.69
2057,4,1.61
2895,15,3.64
777,34,3.95
2733,12,1.67
732,2,3.97
1229,5,3.27
2072,38,3.62
2541,36,2.07
2043,26,3.05
970,8,1.83
103,27,3.74
1084,21,2.27
1110,24,1.26
767,2,1.86
372,29,3.67
679,6,3.58
2644,34,3.45
1994,38,2.04
202,21,2.37
1626,2,4.53
89,2,2.58
2485,29,2.97
2168,17,1.84
2204,15,2.81
1997,27,3.45
399,15,2.36
1724,34,3.05
188,30,3.79
1076,27,3.73
652,37,3.41
1555,11,4.07
1504,32,3.21
587,24,2.14
230,33,4.36
1154,34,2.61
55,32,3.59
271,16,2.56
1124,31,2.32
970,25,3.73
1553,19,3.33
1378,11,3.02
1176,29,3.45
2378,9,2.28
116,29,3.07
323,29,3.26
2611,27,2.75
1596,22,2.57
2277,23,3.76
360,15,1.96
28,23,2.55
1255,37,4.23
1419,11,3.34
2917,14,2.18
1736,30,3.39
1868,27,3.13
1295,30,2.15
1875,18,4.67
2076,30,4.11
1543,8,4.37
744,2,3.5
1112,18,4.0
1722,31,3.09
1779,23,2.07
580,34,3.41
2499,23,3.4
433,25,3.32
374,35,2.97
2483,19,3.32
1211,27,3.25
1775,9,2.04
2042,36,2.25
2266,16,4.55
1132,34,4.56
1843,1,3.97
1574,31,3.05
1931,11,3.23
948,11,2.1
349,23,3.85
788,3,2.56
1546,16,4.06
26,24,2.98
1072,13,3.1
859,23,3.01
370,2,1.97
1636,29,4.1
1211,28,3.78
1548,6,2.21
884,11,3.49
1915,32,3.31
279,25,3.15
2389,23,1.66
1352,3,3.79
1703,30,2.4
1658,10,3.3
1929,11,2.74
607,4,1.9
1049,22,2.68
2577,12,2.71
2474,3,3.0
29,0,2.5
956,6,1.99
323,22,2.59
1877,36,2.89
2361,38,4.2
584,36,2.93
1294,20,3.69
2810,8,3.14
2343,35,2.63
656,24,1.95
786,27,1.27
223,11,4.18
2123,9,3.55
2150,28,3.91
2933,18,3.25
2221,35,1.75
1028,24,3.71
1684,5,3.09
2443,12,2.03
1650,1,1.78
833,8,2.27
1004,3,3.11
167,25,2.62
2348,21,2.67
2017,34,2.83
118,9,2.74
2560,16,2.33
2660,14,4.12
1810,24,1.72
2207,15,3.16
1408,17,2.98
1251,9,1.39
463,34,1.04
1734,11,2.55
1672,20,3.37
2152,23,2.84
982,13,4.11
2298,4,3.3
1037,25,3.19
2615,28,3.21
1880,12,3.9
597,6,2.79
621,0,1.57
2603,25,2.95
1412,7,4.1
71,25,2.81
956,27,2.16
1804,3,3.41
438,9,2.2
1068,5,2.0
1926,17,1.45
1038,8,2.21
1403,28,1.74
2362,28,3.51
1439,37,3.69
485,8,2.67
169,28,3.5
2936,28,3.28
803,33,2.87
246,14,1.96
2314,4,1.92
849,32,1.73
2291,21,2.55
2026,8,2.93
1694,37,4.06
1351,35,2.67
530,8,2.48
1619,23,2.8
847,20,2.53
2390,17,3.92
1789,17,1.42
1703,20,3.23
760,15,2.07
1404,18,2.58
798,33,4.21
532,37,3.3
1918,5,3.23
864,12,2.9
42,23,2.11
599,38,2.87
306,31,2.9
809,18,3.17
2910,21,4.25
1264,37,2.46
679,25,2.57
731,4,3.96
2489,0,1.8
2026,2,2.86
933,5,2.97
903,13,4.07
133,14,4.32
2767,39,2.74
2099,35,1.24
2666,34,2.89
392,10,3.86
2744,0,2.53
2571,33,3.5
508,36,3.69
1686,29,3.47
2402,5,3.2
2915,21,3.13
1419,20,3.82
956,39,1.89
96,2,2.34
106,7,2.32
678,7,2.15
2561,15,2.94
856,20,2.66
1963,39,4.03
790,30,2.42
515,6,1.72
2946,4,2.9
1085,16,2.67
1008,15,4.01
1318,18,3.76
2785,0,2.47
2350,13,2.6
2694,13,1.91
2279,36,2.47
1433,15,3.38
2786,26,2.45
297,32,3.41
455,29,3.64
942,29,2.94
240,2,3.2
1622,28,2.7
2599,29,4.56
2186,24,2.08
454,0,2.79
1250,9,2.48
2491,6,3.51
2075,4,1.91
2505,19,2.84
695,21,1.96
710,8,3.15
2015,2,3.5
849,35,4.49
949,30,4.23
107,24,2.04
2492,18,3.41
1725,0,3.21
2084,10,3.01
597,35,1.67
155,3,3.88
796,21,1.98
272,15,3.12
1571,38,1.37
1444,9,2.64
1208,27,2.54
1635,33,3.13
1261,16,1.92
1939,21,2.23
1533,14,2.88
122,24,1.91
1441,22,3.66
1399,21,3.42
1504,27,3.76
150,33,2.92
707,5,2.5
1616,39,2.87
1514,38,3.75
2201,38,3.59
2599,10,1.76
845,37,2.84
2328,3,2.98
2470,15,2.47
1977,14,3.35
1836,16,3.53
804,1,2.5
355,28,2.71
1606,27,3.45
378,14,2.97
2128,8,4.0
1581,19,3.24
988,8,3.89
233,11,3.02
154,1,2.95
907,28,1.72
1621,22,2.62
2419,15,1.84
323,24,3.87
332,6,2.63
243,24,3.13
430,18,3.3
1206,0,2.08
2857,19,3.0
1497,3,3.0
2424,4,3.21
81,35,2.09
1574,28,2.77
420,22,3.46
467,31,3.93
1081,10,2.25
2001,30,3.73
1566,24,1.5
1519,32,3.81
2877,11,3.17
2036,1,3.33
804,1,4.28
1078,26,3.82
1633,33,2.43
1985,1,2.43
4,20,4.01
1903,28,3.73
603,20,3.49
2368,12,1.59
1399,18,2.43
501,8,1.98
1686,13,1.57
2619,20,1.91
185,3,3.02
2604,23,2.14
2941,13,3.16
1296,26,1.9
55,19,2.87
1725,23,1.79
2911,17,1.59
1871,27,3.29
77,0,2.84
2344,37,2.11
1602,34,2.5
1672,30,2.19
2794,28,2.27
1735,36,3.29
2948,25,2.84
2091,9,2.39
1385,5,3.26
1252,20,3.64
2275,9,3.84
1087,6,3.35
171,27,2.19
2810,3,2.92
2898,8,2.75
2355,25,3.84
1774,19,1.48
2616,22,1.7
2082,39,1.77
827,37,2.26
1666,0,3.37
130,32,3.07
1418,3,3.42
1175,20,3.04
2703,2,2.69
2678,32,4.35
1408,14,2.69
1041,24,4.09
594,2,3.45
1038,32,2.63
2129,38,3.57
204,15,3.05
1808,3,2.88
1568,1,2.95
23,33,2.36
2662,14,1.36
1634,37,3.36
2192,21,4.16
104,25,3.52
1406,28,3.45
1479,10,2.97
2372,13,4.17
1195,36,3.96
576,37,3.41
1607,35,1.41
274,20,2.1
452,29,1.97
2929,28,4.83
125,26,3.09
2365,12,2.69
1867,33,2.27
2155,21,2.84
1684,21,1.98
907,19,3.22
430,2,3.53
2752,18,1.94
362,20,2.52
796,30,3.73
432,25,3.04
2723,33,3.86
1544,0,4.17
859,21,2.27
1430,34,2.69
1346,28,3.2
1631,16,3.44
576,12,2.0
1089,20,1.97
893,35,3.72
270,22,1.82
2020,14,1.72
1124,21,1.75
438,33,3.94
1043,8,2.95
2273,4,1.62
1642,24,2.7
2508,37,3.06
2442,3,1.71
2960,2,3.11
1384,5,3.39
1454,14,3.15
15,14,4.64
2608,35,2.6
1675,23,3.65
1004,28,2.43
2462,18,3.12
1379,0,3.49
1481,24,3.03
1746,0,3.24
1862,1,2.74
115,12,2.99
1376,36,2.31
976,25,1.92
1686,22,2.97
2084,34,3.82
2290,5,2.04
1687,22,2.26
63,28,2.77
2714,14,4.47
509,29,2.61
188,16,3.42
2783,18,2.98
93,22,2.14
5,18,3.01
2073,7,2.77
2556,33,1.85
98,3,3.11
1292,19,3.56
2710,31,3.18
1788,21,3.1
1309,16,1.48
684,11,2.79
1133,11,3.29
27,7,2.26
1782,16,2.62
2103,12,3.17
781,37,3.1
2346,24,2.75
1615,12,2.17
1042,33,3.35
2866,21,3.04
1794,2,3.98
855,17,3.04
1643,33,4.03
1933,10,2.93
2027,39,4.02
1988,3,1.33
2607,8,2.49
1270,8,3.05
2551,23,2.73
1113,0,4.3
2251,18,2.63
2994,32,2.72
240,1,3.09
490,36,3.04
1037,2,4.16
2697,16,2.11
1339,33,2.36
2037,37,3.21
685,1,4.54
2027,10,3.76
2291,10,1.66
2555,24,3.49
1615,29,3.07
1768,39,3.09
613,1,1.64
162,4,3.58
656,7,3.7
621,19,2.47
1257,35,1.93
2159,34,3.05
1952,9,2.77
2982,24,2.37
1256,3,3.81
1976,20,3.09
750,17,3.4
709,12,3.5
2321,2,2.85
1622,33,2.63
2855,9,2.49
41,6,2.25
560,16,2.97
466,1,3.19
1101,24,3.71
1714,1,4.83
490,20,2.51
117,23,3.33
2482,4,1.25
1595,16,2.21
196,34,2.48
619,37,3.3
1475,34,2.81
2473,35,3.05
1308,31,2.28
34,19,2.25
2343,39,2.78
1275,2,3.92
339,34,3.77
2666,21,3.23
180,8,3.23
622,29,2.11
1657,27,2.39
2667,3,3.63
643,21,3.07
2071,19,1.65
1681,8,2.71
1351,26,4.22
1178,36,3.11
619,10,1.63
1170,22,1.49
252,20,2.8
302,20,3.41
1567,15,3.76
2211,8,2.01
612,9,3.96
1072,26,2.15
2493,9,3.38
1944,23,3.66
74,15,3.03
2874,39,4.23
1728,34,2.12
542,39,3.49
157,25,2.55
1290,7,2.31
256,17,3.24
1052,37,2.87
937,5,2.42
2166,31,2.46
2418,12,4.07
2257,28,3.0
2635,34,2.21
2897,35,2.98
1892,14,3.17
1582,22,2.37
316,20,3.58
2492,17,2.16
1776,28,3.01
1971,30,3.85
1222,39,3.83
1723,16,2.74
2676,3,3.05
2493,35,1.98
570,18,3.04
2630,5,3.27
2653,18,4.81
2789,18,2.82
908,33,1.54
649,29,4.29
1641,36,2.56
2353,28,4.15
339,8,3.15
529,4,4.53
2102,16,3.09
1136,24,3.57
2732,28,2.02
1952,9,4.31
419,2,3.49
2353,38,1.78
1680,18,3.23
85,15,3.14
2300,19,1.67
1752,27,3.1
126,29,2.62
2658,21,1.26
2028,13,3.0
1429,31,3.97
2352,34,3.44
2896,29,3.73
1290,9,2.69
2703,33,3.2
644,38,1.6
2906,16,2.35
2559,14,2.67
2255,32,2.87
574,6,2.89
2923,39,2.45
2559,11,2.54
2022,38,2.36
1668,14,3.22
2249,9,2.8
2871,4,2.84
1308,6,4.12
137,36,3.18
130,18,2.45
1219,11,4.04
1018,18,2.85
432,25,4.43
2588,34,4.63
2383,5,2.53
2574,21,4.49
2606,32,3.2
909,12,2.3
2014,29,3.58
2558,8,3.12
209,27,2.2
1985,12,3.03
58,14,1.87
2008,32,2.72
2864,4,2.2
1369,24,2.68
1038,16,1.99
1383,34,2.33
377,19,2.63
2291,16,3.1
993,32,2.07
2939,30,2.88
415,3,2.81
394,0,3.82
729,11,3.19
358,39,2.6
1600,30,2.39
1182,13,2.88
2722,19,2.62
2066,15,3.0
2776,26,3.09
2609,27,4.43
1592,23,2.88
155,22,1.82
1591,26,2.72
1555,10,2.69
487,33,2.49
2199,11,2.89
1383,39,3.06
2416,34,2.03
1071,33,2.58
2255,28,3.04
2498,17,3.07
1507,21,2.79
1876,16,2.98
924,18,3.05
2745,8,3.61
2618,3,2.73
2191,7,3.4
1071,39,1.82
191,3,2.94
140,32,1.57
615,9,3.34
2973,13,1.89
1515,3,1.69
624,36,1.98
1340,12,2.8
1346,38,3.88
87,19,2.85
1918,30,2.9
282,5,3.18
2812,5,2.68
1098,25,4.25
453,31,4.01
47,11,3.57
1612,33,3.76
2986,18,3.62
2079,7,3.0
2582,10,3.24
2065,6,3.5
1684,2,4.2
1259,12,3.37
392,37,3.03
354,12,2.91
305,28,3.83
1623,21,2.07
1574,13,3.75
1564,38,3.04
1613,29,2.16
1949,15,2.57
2557,20,2.14
712,14,2.39
1419,8,2.51
2733,13,2.95
786,31,3.34
857,26,2.32
177,17,3.57
1430,23,3.05
2349,23,1.82
2493,35,2.87
2069,39,3.79
711,34,2.62
2749,34,3.11
1868,16,2.8
152,17,1.77
2907,28,3.85
1467,37,2.42
96,6,2.2
1099,2,3.97
2926,10,2.22
640,6,2.41
1157,10,2.53
2448,23,3.45
2294,6,3.05
112,28,3.77
1194,12,1.83
1623,33,3.85
1634,4,3.34
1162,31,3.16
1618,3,4.34
1260,25,3.31
1672,14,2.96
2842,16,1.83
1595,15,2.66
2164,38,2.45
1496,25,2.97
2982,17,3.04
1225,5,4.3
292,20,3.84
2390,5,4.54
1015,22,3.8
1634,32,2.47
1240,7,2.04
1660,39,2.77
585,24,3.27
1914,6,3.74
2027,10,1.77
1493,18,3.38
27,38,2.56
1701,28,4.12
455,22,1.43
918,5,3.68
2628,15,2.05
14,22,2.57
2146,14,3.43
279,28,3.38
1964,27,3.79
490,17,2.18
985,33,3.31
961,26,2.34
1783,14,2.16
2672,14,3.57
2255,28,3.21
1888,35,3.22
1870,19,3.38
1597,1,3.95
2645,6,2.05
2743,38,3.14
1263,8,3.04
250,39,1.69
1607,18,1.57
740,12,3.82
306,25,4.05
1807,15,2.97
1937,22,2.47
1826,36,3.4
2766,33,2.88
183,34,3.15
2693,22,2.09
30,33,2.96
1412,8,3.3
767,38,2.8
615,26,3.56
1005,11,2.64
2122,17,3.76
24,25,4.74
2476,13,4.0
1056,26,2.76
2911,2,3.47
2387,31,3.37
1971,12,2.04
2005,35,2.65
1539,13,3.91
2560,34,3.58
672,23,2.88
2925,8,3.72
571,11,1.86
764,6,2.09
1243,17,2.46
713,1,3.18
2637,32,2.53
767,6,2.91
1783,13,3.43
1294,19,2.86
2867,34,3.86
1675,16,2.89
2126,22,4.09
2058,9,3.3
1492,11,3.79
1360,19,4.18
636,7,3.3
1210,33,2.35
2640,25,2.08
2766,24,3.51
2613,2,3.07
1692,10,1.38
1298,8,1.71
2458,19,2.35
358,14,3.02
1671,0,3.01
2146,31,3.02
1007,30,3.93
241,29,2.96
2605,11,2.79
2759,5,4.05
1827,6,3.3
1265,15,1.97
156,33,1.72
352,28,3.37
44,37,3.08
2640,8,2.92
138,19,3.47
1968,9,2.54
2484,20,3.79
754,32,2.28
143,18,3.9
1847,37,3.02
2310,0,1.75
2560,9,2.2
2721,30,2.33
62,15,3.64
1591,3,3.37
1447,39,4.29
1420,30,1.76
2020,24,2.17
2079,31,1.78
2997,21,2.66
2850,37,3.1
1193,8,3.7
2314,4,2.52
2356,34,2.52
2507,35,3.43
334,14,4.41
2563,36,1.8
2489,2,3.3
2721,35,2.58
2439,14,2.81
1796,31,2.15
2983,25,1.8
2608,12,2.56
254,35,4.48
1424,19,2.41
1028,28,3.16
1912,22,2.82
2167,36,2.7
996,30,3.47
470,18,3.06
1494,9,2.96
2833,13,2.69
1888,11,2.16
1524,20,1.97
1094,32,3.89
694,4,3.43
2913,9,3.19
2824,22,3.33
1394,18,3.05
2045,39,1.59
181,5,3.47
1221,10,3.21
47,17,4.51
634,22,1.74
1164,0,3.17
1689,21,2.34
1564,6,3.38
1451,22,3.44
589,29,3.66
1878,35,2.8
2358,29,3.09
2322,12,4.31
1563,27,3.65
840,21,3.72
1414,16,2.59
2507,39,2.59
733,15,3.27
2409,21,2.37
1018,39,2.91
2710,33,2.11
2747,14,2.11
1455,18,2.46
2933,9,1.71
758,7,2.98
2003,5,2.81
621,28,4.0
1889,34,3.55
182,17,4.4
2734,30,4.25
2729,17,4.36
2296,33,3.68
2668,22,3.28
1321,7,3.15
1800,11,3.69
2078,3,4.43
1326,4,2.44
1500,16,4.51
2921,10,2.98
948,31,2.31
1376,33,4.35
985,11,1.41
2365,5,4.01
2785,9,2.99
1421,6,3.12
2216,38,1.72
2791,21,3.48
126,20,3.54
2621,23,3.06
120,5,3.41
1452,5,1.69
1009,28,2.21
1214,28,2.76
1452,36,2.81
2608,19,3.46
697,22,3.39
2271,32,3.79
1516,5,3.5
1035,36,4.18
2841,27,3.92
1536,9,3.22
814,28,1.7
310,35,1.69
1012,29,2.5
2797,37,3.31
1058,3,4.49
1019,20,3.17
2529,3,3.08
2622,3,2.88
825,0,4.34
2045,16,2.97
1117,30,3.96
628,0,2.57
1157,18,3.13
2892,36,2.51
989,33,3.05
2467,17,1.81
1492,36,3.14
1829,32,2.28
2078,26,2.82
1993,32,2.41
2346,2,4.62
1085,10,1.74
2506,31,3.54
2352,0,2.65
340,9,4.09
2496,4,2.97
1860,0,1.39
1326,8,3.1
2929,11,2.83
2588,29,2.8
2533,14,3.31
77,32,3.0
1657,7,1.66
2563,25,3.85
1573,20,2.87
2992,25,3.12
2707,22,2.23
92,12,2.98
1875,30,3.6
466,22,3.24
2514,21,2.35
2738,8,2.98
1353,17,3.46
1309,9,3.34
947,30,4.02
554,4,3.67
2041,17,2.99
2157,15,3.4
92,7,3.11
1003,10,4.21
368,0,2.34
820,16,2.17
423,39,4.23
572,7,2.61
2910,32,3.78
1264,32,3.13
435,20,3.85
2260,28,3.12
1424,4,3.56
1634,21,3.97
2574,36,3.87
1754,34,1.7
468,11,1.99
1194,25,3.62
1843,18,2.24
792,26,3.53
2923,39,2.35
2258,37,3.04
2304,9,3.75
1707,38,3.07
73,18,2.04
147,25,3.48
317,37,3.3
606,38,3.73
575,28,1.59
1178,32,2.43
2595,15,4.28
2883,24,3.09
312,30,2.5
2856,31,1.34
765,3,3.97
2182,10,3.44
2996,10,2.51
436,29,3.11
358,24,3.12
2978,20,2.89
2931,17,2.64
2300,35,2.55
135,29,3.48
523,36,4.46
804,23,2.02
2708,33,2.38
2367,11,3.26
80,22,2.86
1477,19,2.46
2462,11,3.12
2041,12,1.66
368,0,1.99
1007,27,4.92
993,7,2.06
596,14,1.59
1897,25,3.15
2749,12,1.68
1045,31,2.44
2597,3,4.04
2294,25,3.23
2331,7,1.61
2662,9,2.51
2979,38,3.51
2854,25,2.56
2280,14,2.62
2364,34,3.23
2886,11,2.97
1824,31,4.22
2012,36,3.02
2000,24,3.34
411,38,3.91
2293,14,3.27
387,0,2.81
2737,22,3.83
1749,10,4.67
2406,39,2.89
1022,33,2.75
2662,7,3.34
2846,27,3.7
2070,2,3.79
19,10,3.49
276,12,3.98
659,23,2.65
2946,35,3.23
552,29,2.5
679,8,2.64
603,28,3.17
365,30,2.2
1974,22,1.82
795,19,3.2
1359,1,2.64
2700,15,3.43
1775,32,4.34
590,2,3.28
199,6,3.99
2065,14,4.12
218,13,3.03
741,26,3.18
650,36,3.72
2195,5,2.73
670,19,2.06
1438,30,2.9
665,36,2.28
856,5,3.85
2378,34,3.53
895,13,3.76
1894,16,3.41
1187,26,4.03
1843,5,1.69
2149,0,4.09
327,25,3.33
2375,29,3.16
2058,36,3.24
2401,18,1.72
183,2,2.11
455,19,2.23
1670,7,3.33
6,37,2.47
1357,13,2.58
211,14,4.21
51,36,3.11
1469,17,2.06
1010,14,1.96
377,22,2.87
2688,21,3.3
2818,5,2.7
1075,15,2.62
154,26,2.49
582,10,3.2
788,36,2.45
791,20,3.09
2182,39,4.04
2268,1,2.47
163,2,3.87
971,17,1.39
648,29,2.22
2617,17,3.62
1526,9,3.48
946,16,4.66
689,31,3.19
2163,20,3.41
1523,23,4.54
1496,19,3.28
2048,12,2.03
1173,14,2.31
123,30,4.42
804,24,2.69
2887,12,3.78
1093,36,4.37
2874,39,1.72
63,27,1.95
733,7,4.12
2638,30,2.85
1658,11,2.58
948,29,3.03
2265,11,1.53
479,24,4.01
1138,39,3.19
1997,0,2.25
1404,34,1.52
977,4,3.35
237,28,3.38
2524,31,2.92
1955,5,4.6
598,30,2.84
1703,6,2.31
2177,24,2.92
2558,19,2.1
165,32,2.34
2325,28,3.36
2305,14,3.38
570,21,4.16
141,2,3.13
686,36,3.37
687,8,2.96
2764,37,3.54
2039,22,3.93
1075,36,3.93
1527,14,2.03
1283,25,1.68
2226,18,3.04
922,31,1.83
2591,23,3.28
1342,38,3.15
1690,33,4.19
364,25,4.12
1079,0,1.65
1068,13,2.93
2641,12,3.96
2031,39,1.49
2590,30,2.98
2370,34,3.76
2696,29,2.48
2062,8,3.76
1381,39,3.81
1507,19,3.53
618,33,3.83
359,39,3.83
1342,20,3.09
1983,37,2.97
1615,6,2.19
194,24,3.6
363,11,2.33
1120,38,2.74
1064,36,3.59
2816,33,3.74
2445,39,4.59
107,20,2.19
527,0,3.8
1953,5,4.03
784,9,3.64
2573,26,3.57
1783,24,3.37
1750,18,3.05
1067,8,4.36
2674,32,2.38
1866,7,3.24
2398,17,2.31
1465,9,1.99
1006,16,1.8
2590,19,1.88
1635,23,3.86
94,24,3.49
2044,9,3.08
2947,14,2.0
89,38,2.25
1954,3,2.24
2551,29,3.1
2815,27,3.97
2042,19,3.49
2262,4,3.06
1446,27,4.23
526,32,3.41
2240,3,3.39
1831,37,4.6
2742,1,3.36
2690,12,1.28
555,38,3.47
2435,9,3.33
681,17,2.24
2824,20,2.87
1498,4,2.4
1632,12,2.82
203,5,2.8
447,28,4.51
2948,29,3.95
1116,3,2.08
778,12,3.42
2226,17,2.13
1687,13,3.32
829,13,2.38
559,22,2.72
2023,39,3.04
103,36,2.67
1297,11,2.92
1558,31,3.87
116,23,2.13
859,16,3.6
2512,28,3.87
104,2,1.31
2307,4,3.4
1332,23,3.99
929,27,3.61
2858,19,2.11
2690,13,3.45
807,12,2.37
560,36,2.88
2075,15,2.62
2556,15,2.37
527,12,3.65
2823,19,1.81
953,14,2.37
298,25,3.38
777,9,3.35
361,6,2.61
504,31,1.74
1977,7,2.3
2636,27,3.58
2078,22,3.43
1463,16,2.8
2174,28,2.76
596,33,4.13
1590,24,2.81
1390,7,3.82
1876,12,3.31
263,15,1.98
2984,19,2.5
2920,35,3.19
1864,15,2.97
2,12,1.84
1934,39,2.37
394,12,4.29
306,39,3.65
1170,30,1.94
530,17,3.46
528,29,2.12
965,39,2.96
671,22,3.19
2400,35,3.39
2858,27,3.69
2257,24,2.81
958,30,1.36
2253,12,3.23
2673,22,2.68
1714,9,1.96
721,28,3.81
636,28,4.18
1039,37,3.28
2906,34,3.69
2524,0,3.45
2346,6,2.58
557,11,2.85
1118,35,3.32
2155,24,3.35
128,5,3.16
1994,38,3.21
2507,38,1.26
38,13,2.24
1633,38,3.77
198,13,3.01
2405,0,2.13
2055,7,3.41
519,7,2.64
2242,35,3.35
2364,10,1.84
1025,20,3.75
1086,20,3.05
2391,14,2.87
2649,5,1.99
1042,13,3.07
620,8,3.61
1395,39,2.98
2870,16,2.75
1595,8,2.22
1723,10,3.85
235,27,3.98
447,29,2.33
610,3,2.64
8,14,3.48
462,39,2.45
1000,23,3.17
1335,7,3.44
134,4,2.09
2433,3,1.99
56,5,3.3
993,18,3.28
1384,31,1.84
1995,30,4.16
1112,17,2.11
2186,28,3.55
1524,17,4.33
2583,11,3.2
144,31,1.54
2917,16,2.47
2704,11,1.96
2104,14,3.35
620,22,3.54
1887,26,1.46
1030,39,2.97
2590,17,1.65
2495,19,2.36
2021,23,3.41
1409,6,2.58
2922,39,1.58
639,10,3.29
1657,15,2.51
2659,33,3.52
837,15,3.39
1586,10,3.89
780,32,3.1
837,19,3.09
2558,30,1.99
2860,20,2.08
2612,37,3.92
265,22,3.03
1217,3,1.84
1398,23,2.61
2058,15,2.81
302,30,3.68
1978,5,3.68
805,24,3.94
1076,31,3.56
1776,25,1.8
99,29,3.8
2641,22,3.03
1414,35,3.02
1978,11,3.09
357,17,4.05
1664,13,2.98
2976,13,2.4
11,34,2.41
81,25,2.59
2054,2,3.09
2421,34,3.3
2529,28,2.44
222,26,4.22
1941,27,3.4
1947,21,3.23
515,17,3.87
221,10,3.14
2397,14,3.26
228,17,3.0
2338,7,3.89
293,33,2.82
2858,33,3.8
956,32,1.63
1498,38,2.45
1281,15,2.41
1979,29,4.33
1530,10,3.24
388,19,1.82
2663,27,2.16
2414,5,1.7
2706,32,2.42
2338,34,3.01
189,37,2.43
918,32,2.69
1202,5,1.65
924,5,2.63
2423,12,2.86
1622,10,3.44
760,21,3.38
1478,10,2.59
2265,2,4.25
1066,27,3.68
194,33,2.18
1351,24,2.79
1397,9,2.76
1489,11,2.93
163,1,3.52
276,23,3.39
364,17,2.8
1666,33,3.76
2823,3,4.24
2528,2,2.71
2737,2,3.17
2003,6,2.02
460,15,1.96
2587,8,1.99
2133,37,3.23
1732,21,2.62
1340,29,3.86
2291,33,1.34
2928,28,3.8
1366,21,2.75
657,8,2.34
1107,28,1.4
1384,2,1.27
2136,3,2.16
742,15,2.68
1996,16,1.98
2519,5,3.35
1522,18,2.66
2464,16,2.22
1624,15,4.28
682,37,1.89
1113,16,3.48
1725,4,1.7
899,16,3.26
601,26,2.79
1868,37,3.11
1200,16,1.83
2824,1,2.68
2949,27,2.96
483,17,4.45
2011,20,3.89
1143,33,2.54
169,17,3.04
2022,31,3.25
2195,22,3.55
439,28,4.14
2936,39,3.46
160,5,3.48
814,14,3.76
2450,37,3.36
586,20,4.05
864,7,1.82
1042,37,3.45
140,12,2.06
1139,8,2.23
328,10,3.35
225,17,1.5
558,38,2.74
2487,5,2.18
1574,11,3.17
1742,29,3.61
386,10,3.4
521,1,3.74
1277,33,2.98
2668,14,2.22
1122,31,4.54
2835,24,3.59
2599,37,2.29
1834,35,2.12
447,2,2.15
1243,8,3.56
107,36,1.31
1500,13,3.67
2964,39,2.57
1478,31,2.56
904,20,3.62
1632,34,4.19
2592,2,4.11
1150,9,2.68
1171,21,1.56
2328,22,3.67
24,17,3.54
952,23,3.46
1745,22,3.38
2040,37,3.76
120,22,2.87
1676,20,3.91
1321,0,3.9
855,24,3.02
1016,5,2.7
2992,18,2.86
448,21,3.48
1936,39,4.37
1744,16,2.74
996,36,2.54
1943,37,2.21
1447,28,2.22
1085,28,3.52
1725,7,3.29
2132,5,2.27
2273,34,3.12
186,39,4.17
2423,6,2.0
72,4,3.73
74,32,3.46
1921,11,2.84
1365,32,1.49
2201,2,3.29
2144,20,2.53
2493,8,2.97
1482,11,2.65
2876,28,2.35
2425,39,3.52
765,33,2.56
1097,15,3.96
212,7,2.43
724,20,3.01
2823,15,2.55
2379,4,4.35
1766,32,2.06
751,33,1.99
1518,18,2.85
1469,15,3.57
2872,7,2.69
394,22,2.08
512,15,3.26
686,4,2.18
2669,7,2.23
1739,13,3.51
1721,2,4.01
1827,28,4.07
2652,15,2.03
1283,29,3.37
1858,29,2.85
2766,0,2.25
2397,22,2.53
2563,38,3.17
2447,12,2.54
2262,9,3.15
2610,9,2.22
1313,31,1.58
1865,39,3.72
2306,0,2.23
1412,36,2.93
1808,21,1.9
2742,2,2.18
1569,5,2.81
1064,21,2.14
998,0,3.69
2868,0,3.84
2258,39,3.06
2320,33,3.98
599,11,2.82
1084,39,4.74
2303,20,2.93
2785,8,2.62
722,13,1.58
2583,28,3.07
1155,39,2.74
1709,38,3.3
17,5,3.19
2930,18,4.1
2874,27,3.96
992,22,3.85
878,4,2.77
2233,19,1.84
1447,27,1.39
1466,32,2.35
1679,29,3.64
1544,35,2.58
80,37,2.68
2857,26,4.29
2350,35,3.53
1272,9,3.28
1565,0,2.25
1296,35,3.89
2181,4,1.24
1029,37,3.22
2804,24,3.76
1566,29,3.64
2677,29,2.79
1714,8,3.35
1010,6,3.78
773,31,2.19
2189,13,3.58
483,36,1.76
2393,4,4.48
1586,10,2.44
1582,31,3.44
2522,31,2.57
1106,15,2.28
1108,26,2.34
175,32,3.65
1852,30,1.99
842,28,2.34
1873,7,3.99
2914,15,3.0
2517,3,3.09
1887,18,1.87
2692,5,3.57
2729,26,3.19
955,25,3.07
1596,26,3.16
2897,37,2.08
2289,37,2.8
2750,11,3.1
340,24,4.04
2841,22,4.08
744,1,2.75
1495,38,1.8
2511,16,3.53
2849,30,2.04
1849,28,2.81
15,2,2.27
1989,23,2.72
208,9,3.31
1084,37,3.18
2413,11,2.92
2656,3,1.29
2208,37,3.26
397,16,2.77
1958,26,3.68
794,7,1.96
2548,3,2.53
209,30,2.57
1157,20,3.0
433,36,3.75
2657,14,1.95
1755,34,4.1
2437,39,2.24
583,14,2.24
432,20,3.83
1298,26,3.74
351,20,1.78
134,32,3.25
639,34,2.68
1229,2,2.07
117,25,3.77
1291,10,2.29
1818,12,3.33
2197,39,3.16
1704,5,2.3
1848,32,4.49
2227,24,1.82
2196,12,3.49
465,36,2.64
976,37,1.8
2617,15,1.64
2026,11,3.17
1029,24,3.56
526,7,2.28
2328,0,2.7
2547,28,1.46
836,2,1.77
2484,20,2.93
2864,6,3.9
1240,6,4.19
2735,23,3.22
2876,32,3.38
1539,22,1.65
1911,31,1.97
2660,7,2.32
2643,9,2.84
1304,10,1.38
132,29,2.38
393,5,2.93
481,7,3.61
2676,35,2.86
2035,9,2.78
2467,32,2.5
1226,1,1.86
2700,30,3.22
2706,14,2.08
462,23,1.81
1802,35,1.95
152,26,2.52
2270,31,2.8
79,21,4.67
1224,11,2.43
1786,16,2.79
2147,20,2.87
2025,0,2.56
2960,12,1.75
2261,13,3.36
2750,30,2.49
1837,12,3.64
1398,18,2.22
1076,35,2.74
1648,20,2.85
2183,38,3.47
411,33,3.55
2009,7,3.58
1494,39,4.32
1136,8,3.3
1549,27,3.19
785,12,3.05
1068,26,2.85
1421,8,2.76
2010,10,1.66
1609,17,3.04
2309,37,3.23
743,3,2.26
2593,32,2.76
2436,8,3.31
2064,10,4.17
2021,0,3.78
662,24,2.73
1828,37,3.77
2150,38,2.16
951,21,2.77
2979,31,2.9
25,12,4.25
1617,36,3.13
18,29,2.7
570,6,3.86
1017,38,3.72
1356,12,3.81
1593,34,2.83
831,32,4.18
1036,15,4.36
1933,6,2.06
2211,13,3.02
1307,25,2.52
1753,39,2.43
872,13,2.5
835,39,3.19
857,15,2.95
970,3,1.94
593,25,3.73
255,2,3.11
2115,28,2.43
2966,33,3.18
2662,34,3.63
603,36,3.61
1066,36,3.21
1812,17,2.55
1840,30,3.61
1810,4,2.68
2432,39,3.33
1258,2,1.86
966,3,4.07
1738,31,2.81
485,2,2.69
39,27,3.6
11,18,2.21
624,19,3.84
409,32,2.24
2156,6,3.21
2028,34,3.72
1118,14,4.08
2132,5,2.24
2106,2,2.11
2886,19,3.27
605,26,3.67
969,27,1.56
165,39,3.79
437,15,3.64
2775,38,3.24
1680,38,2.2
1810,19,2.55
2451,39,2.33
1410,9,3.67
1978,1,3.38
1162,27,1.83
2764,22,2.75
814,37,2.66
2770,13,1.84
2579,18,2.96
1830,14,3.59
293,4,2.61
1499,22,1.79
462,27,2.44
2690,1,4.13
2092,4,4.52
1107,11,3.82
2940,15,2.68
2684,23,1.28
2587,35,2.07
2910,25,3.97
2567,5,2.27
1435,17,3.53
711,27,1.88
1648,17,2.29
89,5,3.14
1664,29,2.82
1042,10,1.61
2721,19,3.11
2912,13,3.2
2938,19,2.93
1934,18,3.43
422,38,2.76
876,39,3.06
2750,20,2.84
338,2,4.48
266,27,1.85
2851,13,3.43
1379,0,1.66
2408,27,1.48
1815,26,3.68
2265,3,3.11
321,35,1.57
850,4,4.14
719,2,3.03
992,24,2.14
1809,34,2.54
717,37,3.65
985,11,2.73
1940,31,3.7
896,39,2.48
1177,10,3.56
1777,5,2.91
2335,8,4.16
2805,15,3.25
1460,21,2.29
1616,10,3.58
2544,35,1.73
1173,34,2.97
542,11,2.52
635,28,2.51
1350,13,3.22
2987,33,2.58
698,8,3.47
1953,35,2.76
2123,28,3.58
1605,39,2.48
498,11,3.57
722,16,2.38
1775,7,2.3
1364,26,3.41
308,32,2.92
2752,31,4.29
884,21,3.53
1265,4,3.98
253,10,3.14
936,7,2.55
1244,13,2.51
2445,11,3.07
1753,39,2.4
1738,14,2.95
1053,26,2.68
494,26,2.54
959,0,2.48
2022,12,2.71
1748,14,3.66
1178,17,3.69
992,8,2.33
2150,31,2.12
2875,36,2.29
2225,20,2.57
927,6,2.4
2280,0,1.73
2060,6,2.1
1210,21,2.81
2809,12,3.55
932,7,2.7
2314,18,3.96
1926,11,2.77
1159,6,2.9
757,28,3.24
1055,9,3.23
456,34,4.39
259,25,3.15
431,10,1.58
2517,1,3.47
1965,35,2.31
1974,7,1.55
647,39,2.5
447,5,2.44
2831,15,2.05
1113,22,2.4
195,28,3.3
1438,8,4.19
1146,34,2.11
2510,36,3.04
1140,20,2.52
196,19,3.74
2084,3,3.31
2115,39,2.07
645,23,2.6
1035,3,3.81
1754,25,4.34
322,36,1.5
1692,39,2.88
2288,5,3.52
1017,0,2.92
650,34,3.4
2610,6,3.2
1703,39,3.68
2213,12,2.2
831,3,3.45
189,29,2.11
1511,14,3.54
92,31,2.43
1912,35,2.81
2337,21,3.9
1581,16,4.11
1409,12,3.34
175,30,1.74
1697,34,2.61
474,21,1.83
1935,24,3.04
270,5,2.4
2045,17,2.29
2455,1,3.92
694,3,3.45
376,14,2.48
1416,31,2.72
2230,18,2.45
2084,12,1.76
1236,28,4.13
1972,24,3.44
134,39,2.11
2913,31,2.71
924,4,2.38
690,22,1.78
1702,28,1.26
2030,28,1.45
2539,32,4.41
1873,1,1.9
841,17,1.89
988,37,2.91
1462,26,4.46
839,23,3.73
2716,25,3.12
2480,7,3.12
1452,24,2.76
748,15,2.05
2876,39,2.37
2565,7,3.07
2510,26,3.16
966,0,2.47
1927,37,3.5
2039,13,2.72
2229,14,2.96
145,39,2.78
1851,9,2.43
735,17,2.86
2454,38,4.12
2861,15,3.18
2532,37,3.31
2530,1,2.72
2387,22,3.06
2316,5,2.37
2314,2,1.51
528,23,3.76
2920,3,3.68
1412,19,3.11
2974,22,2.96
1119,12,2.64
430,9,3.18
2843,8,4.24
2989,15,2.94
1061,30,4.04
1417,6,3.97
1597,30,3.38
1898,28,2.77
2351,7,2.35
1780,23,3.53
2449,33,1.37
2871,25,3.65
2392,33,2.73
2911,4,3.1
518,2,2.14
1401,31,1.9
165,14,3.13
2073,27,3.17
1147,16,2.89
129,36,2.66
2865,24,1.76
1658,21,3.13
1018,17,2.97
595,0,3.52
1333,19,3.4
2484,36,2.25
182,12,2.66
1612,17,3.12
2664,26,2.2
744,36,3.82
1839,2,2.19
2091,24,3.87
2452,39,2.72
1953,0,3.97
605,39,3.14
2704,34,4.06
1790,9,3.62
1614,27,4.02
263,37,4.0
2118,26,2.24
661,37,1.67
1316,3,2.58
2920,4,3.46
822,9,2.31
2195,24,3.02
2073,26,3.65
1347,1,3.41
2020,2,2.04
2741,17,2.6
2299,14,2.24
2530,3,3.03
2763,28,2.06
816,29,1.84
682,26,3.64
2223,5,2.21
1194,19,4.32
2,39,3.4
639,24,2.08
2754,13,3.26
2410,19,2.76
2618,25,4.27
590,13,3.25
202,26,2.91
1005,15,2.77
1313,18,1.75
2026,36,2.98
1804,3,3.25
126,1,4.05
2097,8,2.11
846,29,2.44
1797,19,4.21
179,12,2.83
1605,10,3.78
1903,34,3.24
493,9,1.95
2620,19,2.73
2350,5,2.9
964,32,2.27
1193,29,4.21
1987,17,2.44
269,18,1.91
1388,21,1.57
624,29,1.99
2148,39,2.81
2263,6,3.42
2673,22,3.13
2145,24,2.6
819,17,3.43
2678,39,3.27
548,31,2.45
337,3,3.53
359,30,3.75
1420,32,3.68
1925,24,1.73
816,9,3.77
360,11,1.52
347,19,2.61
1148,10,3.47
552,16,1.38
2586,24,3.56
2702,31,3.28
1888,17,2.44
1931,11,2.34
422,32,3.23
336,30,2.44
1527,5,3.37
57,15,3.3
1686,36,3.18
2960,17,3.79
2765,25,3.02
2333,38,2.55
722,15,2.9
386,1,1.66
950,25,2.5
2818,38,2.72
1501,2,3.87
1720,19,4.71
2888,38,3.47
2059,39,2.91
2720,7,3.31
260,19,2.43
393,38,3.61
600,14,3.22
1040,4,1.43
756,16,4.38
2759,24,3.08
477,9,2.72
1188,15,3.89
2072,24,3.55
1600,38,2.09
2360,29,3.53
2510,33,2.8
1262,31,3.65
2070,30,3.36
2228,12,2.87
1842,32,2.55
1583,7,3.63
2839,8,4.3
1760,12,2.42
730,35,2.29
1499,3,3.07
749,35,2.7
716,21,2.73
2387,35,2.66
531,26,1.76
692,39,2.82
2210,30,2.55
1109,14,3.55
1571,32,2.83
490,17,3.82
5,10,3.84
76,12,3.2
1277,3,2.44
2055,8,3.14
2729,11,3.31
473,19,2.05
1382,2,3.37
2860,15,3.17
838,29,2.76
603,6,3.47
1187,23,2.49
2366,39,2.89
1482,13,3.56
1765,37,3.49
1699,6,3.53
232,31,2.44
328,28,3.5
2286,26,1.49
1144,23,4.02
950,18,3.22
1887,15,4.19
2943,25,2.09
2667,11,1.57
2298,6,3.73
1360,6,3.67
1308,20,2.69
198,10,1.48
416,20,2.32
2780,7,3.6
1419,15,2.1
938,21,3.47
1244,12,2.32
1240,3,3.38
1339,34,3.78
1692,34,3.17
216,2,3.62
1650,1,3.48
1185,24,2.03
2863,2,2.44
610,4,2.22
2559,39,3.76
918,35,2.56
157,21,1.64
162,25,3.73
42,15,2.18
2351,21,4.15
1354,15,4.55
1587,24,3.94
2812,11,3.04
1453,31,1.49
120,30,3.54
1099,7,2.05
2038,22,2.89
2722,26,2.54
2709,8,3.17
123,20,2.22
2701,8,2.53
2969,27,2.43
789,6,2.75
257,6,1.98
1861,18,3.34
2805,25,2.91
2646,28,4.39
1293,5,2.31
2839,30,2.01
1173,5,4.17
1172,24,2.66
680,19,3.54
1202,24,3.31
2844,17,4.38
608,5,1.19
331,3,2.31
2104,4,3.46
1231,10,1.85
2153,4,2.4
547,28,3.62
793,17,3.57
1905,24,2.65
1379,15,3.88
1683,2,3.76
489,14,4.38
1823,34,2.07
1527,20,2.83
2351,1,1.51
650,30,4.01
648,15,4.46
1386,33,3.89
381,13,3.45
2210,30,2.88
2067,39,2.61
1864,12,2.31
2291,13,1.67
129,32,3.48
1200,10,2.29
409,28,4.62
792,29,2.3
2991,30,3.26
1108,28,3.5
222,36,1.68
1440,24,2.36
2493,39,2.74
618,8,2.68
1349,1,4.4
2571,7,3.29
2214,30,2.45
2756,30,3.02
2791,27,4.23
2961,34,3.33
1037,11,4.16
2413,20,3.58
225,5,3.31
2242,33,3.98
57,7,2.87
2261,21,2.75
1404,30,1.24
117,0,3.62
2647,27,2.68
410,0,2.91
1917,8,1.38
2860,38,1.62
2977,1,1.32
1984,18,3.22
2052,22,1.62
23,19,3.25
2969,37,3.14
745,5,1.57
602,5,4.27
2517,39,1.86
970,24,4.25
1179,2,3.61
1843,14,3.07
2675,13,3.0
2255,31,3.04
81,19,2.25
2663,14,2.71
483,23,3.3
2640,10,2.89
1431,19,3.1
33,14,2.68
2083,13,1.49
1273,24,2.83
280,36,3.25
2008,16,2.77
2200,6,2.92
1683,1,3.91
1575,18,3.07
701,20,2.79
1780,1,3.92
2783,38,3.02
1019,25,2.69
1254,14,3.06
665,13,2.37
2971,5,2.09
1312,28,3.59
1419,5,3.31
2501,17,2.91
2668,38,3.14
1057,36,2.35
1939,4,4.53
1387,2,3.55
1135,27,3.74
1145,22,3.45
2064,4,3.5
739,33,2.75
1547,23,4.02
2763,6,4.22
2762,12,2.65
2146,31,2.93
2164,36,2.96
1495,16,2.41
1463,35,3.56
349,32,2.77
232,21,3.62
1997,9,2.66
1557,24,3.38
2687,24,2.04
2333,36,3.0
1971,7,2.73
1657,0,2.42
2684,18,4.28
1943,6,2.89
545,1,3.89
392,18,4.62
1194,21,3.85
2125,29,1.31
1989,3,3.56
297,11,3.8
2378,7,1.7
1087,1,2.33
270,31,3.46
2264,10,2.82
1099,5,2.49
1710,21,4.35
510,1,2.6
2627,35,4.28
1117,31,1.55
1077,20,4.65
496,5,2.39
2996,29,3.68
94,36,3.76
625,33,4.32
229,15,2.8
2298,11,2.29
1415,36,3.96
721,23,2.55
980,11,3.45
2230,33,2.79
267,12,2.96
1004,32,1.91
281,39,2.02
962,25,2.34
2715,13,2.89
1107,38,3.03
1210,31,2.76
2579,29,3.05
1372,38,2.47
423,29,3.86
2006,25,3.01
454,23,3.39
2315,0,3.31
507,13,3.73
1166,29,2.48
316,20,2.8
1700,21,2.88
764,38,2.29
1256,17,3.14
898,24,2.08
953,6,2.29
2923,3,2.11
1596,39,2.42
2964,20,3.17
2070,25,3.04
384,8,2.42
103,16,3.12
900,36,3.45
2781,14,3.29
110,21,3.05
1496,13,3.57
670,32,3.18
384,28,2.68
2021,37,2.43
2238,29,1.52
762,15,1.69
2408,9,2.27
2923,31,1.96
886,6,3.89
2127,25,3.36
2644,31,4.58
1236,14,1.51
2934,9,3.51
1015,4,2.47
1469,13,1.95
2197,24,3.09
10,3,3.04
1566,3,3.48
792,33,3.18
1968,5,3.9
1079,21,3.63
2920,32,2.72
1663,4,2.8
2228,12,2.25
744,23,2.91
2429,35,1.96
451,33,3.04
1117,25,3.24
2442,1,3.2
1355,2,3.58
1732,34,1.96
2481,33,3.86
1187,35,3.8
2994,30,1.43
2814,25,4.04
908,33,4.46
2133,8,3.33
2832,1,2.81
1749,14,3.43
2864,28,4.33
1115,36,3.16
1508,29,1.99
1277,14,2.61
1814,36,2.08
1679,19,3.01
1268,13,2.93
2755,23,4.41
2318,12,3.72
2889,32,2.54
1064,5,2.92
1634,37,4.43
2564,21,3.06
1057,7,4.03
450,17,2.8
2733,21,3.04
1873,0,3.55
625,30,2.77
1970,17,1.95
885,7,2.03
319,21,2.7
1396,30,3.46
1375,5,1.85
1347,32,2.31
488,11,4.06
451,21,3.67
353,22,3.71
1140,27,4.18
1941,31,3.32
2368,28,3.49
2133,5,2.4
248,24,2.24
568,1,3.36
684,5,3.32
644,10,3.37
479,1,2.94
2761,24,3.84
368,8,2.1
1845,26,3.22
357,6,3.53
2456,9,4.08
1369,4,3.14
2227,35,2.6
1467,18,3.87
1843,13,3.77
2415,6,4.07
1060,18,3.44
2511,25,4.08
1645,13,4.66
828,13,2.48
1170,7,2.74
1812,9,3.57
1925,29,2.81
2194,14,3.8
2428,32,3.56
168,8,1.47
87,29,2.28
154,17,2.76
2545,31,2.88
315,0,1.97
1855,17,1.99
723,36,1.59
1982,0,4.73
1854,33,4.0
1730,9,3.58
2812,22,3.51
2310,10,3.46
2535,31,3.39
2502,4,1.87
2491,11,3.0
2591,36,3.52
1129,23,3.49
2024,15,3.75
350,10,1.21
824,30,1.99
438,25,1.57
2005,2,3.22
169,4,2.85
23,0,1.63
2724,39,1.75
281,32,2.89
2770,10,3.53
2301,7,2.37
404,37,3.81
2181,35,1.67
2666,20,3.0
232,36,3.45
2593,24,2.04
79,14,2.26
1059,39,2.41
2543,24,2.8
1134,32,4.02
1345,2,4.4
2376,4,3.06
2738,27,2.79
2432,33,2.77
1388,6,3.54
1640,32,3.92
1438,15,2.05
547,14,2.44
1730,13,2.94
2440,17,2.07
1317,1,1.98
1109,1,3.52
909,22,3.39
1225,29,2.41
685,26,4.42
2589,35,2.82
2345,8,4.39
2104,9,1.97
1676,5,3.14
2114,29,2.94
958,38,2.78
1683,9,2.5
1933,27,2.24
1605,14,3.83
702,38,2.43
2808,28,1.79
2534,14,2.65
821,38,3.0
888,32,3.93
1920,35,3.17
1329,3,2.57
2225,24,4.65
2243,9,3.23
876,20,2.65
166,2,2.94
1174,2,3.18
557,28,2.38
1198,22,2.89
2215,14,2.42
709,22,2.53
718,33,2.63
1604,5,2.95
2145,26,3.25
2727,18,3.25
2452,27,4.03
1101,10,3.53
2020,38,2.92
1261,33,1.81
291,17,2.2
2184,11,3.04
2937,39,3.1
2929,25,3.44
2415,16,2.56
2596,30,1.63
2950,9,2.18
2296,26,3.61
2814,32,2.74
1238,21,3.9
2118,19,3.91
746,2,3.17
2377,33,3.43
1198,13,2.71
699,38,3.51
2854,36,2.34
2322,27,3.03
524,16,1.76
1846,36,3.92
2267,20,3.82
1024,10,2.22
2561,4,3.56
2011,15,2.91
464,18,2.41
1665,15,2.73
451,11,3.05
1420,24,2.9
1916,3,3.12
924,12,3.88
2981,25,2.14
2527,2,4.19
316,26,3.11
671,21,1.68
698,22,3.03
993,17,4.72
1377,32,2.33
2816,23,3.51
1263,23,3.42
1128,28,4.01
907,20,3.52
2926,28,2.39
1053,34,1.52
89,4,1.61
2423,38,2.15
1587,31,3.9
364,39,2.95
2195,25,3.01
314,24,4.02
548,20,2.56
796,10,2.35
2947,8,4.35
1530,17,2.3
1510,8,3.44
2149,13,2.82
107,36,2.39
857,29,3.37
2985,12,2.67
291,16,1.85
1373,8,3.82
617,1,3.35
1757,12,1.51
2636,10,3.37
1251,22,2.67
2644,10,2.51
977,18,2.3
2037,29,2.93
1612,30,3.55
1791,16,3.79
868,34,4.01
2770,37,3.55
158,34,1.87
328,20,2.95
2783,21,2.72
2681,29,3.3
1478,16,3.38
2375,39,1.97
2556,22,3.03
870,12,2.9
1131,0,3.19
241,12,3.2
2483,25,2.69
2752,31,1.72
1388,32,2.21
1749,7,3.46
1557,6,4.33
1691,36,3.74
1563,33,1.27
2637,25,2.17
413,6,1.46
1959,1,2.11
569,8,4.35
1655,25,3.42
1600,17,3.12
2532,11,2.7
2716,19,2.76
151,2,2.84
2273,7,3.0
1284,36,3.34
256,1,2.22
2109,34,3.34
1796,9,2.37
2444,36,2.81
1421,35,2.62
1186,18,2.42
2428,5,3.48
349,11,2.83
2079,17,2.92
2119,22,2.58
397,0,2.69
2050,27,3.32
2977,4,3.08
2610,20,3.53
1159,6,4.11
146,20,1.93
2227,6,4.22
264,0,2.63
1335,33,2.82
204,26,3.63
1835,27,2.99
2747,4,2.6
2107,27,3.34
988,37,3.57
1348,34,1.91
2215,36,1.94
1361,5,2.7
2955,9,3.19
2946,11,2.72
2839,6,3.39
1727,23,3.0
2290,34,1.93
1981,14,3.12
1690,30,2.79
908,38,3.91
1184,28,2.61
2825,28,3.03
1259,30,1.73
1477,16,3.42
199,20,3.03
1501,23,3.3
1057,18,2.26
2456,39,2.65
1113,27,2.02
2269,39,2.12
1261,28,1.98
1184,19,3.01
1856,7,1.97
2888,9,2.84
2836,12,3.13
1314,19,3.06
1903,20,3.16
2602,1,3.18
578,23,2.2
2581,4,2.69
335,13,1.89
1021,28,3.48
2294,35,1.4
1347,4,2.95
1963,37,2.8
611,16,4.0
329,37,3.0
547,36,2.79
339,7,2.86
807,19,3.56
1034,21,4.55
2741,0,2.01
430,31,1.68
1531,36,2.32
806,27,3.69
1697,2,3.08
2660,25,3.6
1613,2,4.02
2083,36,3.54
1999,8,4.45
557,37,3.05
1686,30,3.62
491,5,2.97
1604,17,1.47
254,25,3.97
17,39,2.19
261,29,2.9
1849,15,3.23
1280,29,2.76
2776,26,3.17
1887,38,2.6
1448,3,2.25
501,20,2.93
1016,8,3.07
2334,2,3.88
2055,29,3.69
1223,38,3.22
2707,29,3.14
2985,11,2.98
2040,4,4.34
1686,20,2.78
2100,21,2.41
2291,23,4.05
1243,22,2.13
2566,39,3.53
109,35,3.1
921,24,2.86
66,30,3.77
202,39,2.97
1818,34,3.17
2949,1,3.32
214,27,1.86
2116,13,2.18
2807,19,3.69
2914,9,3.93
327,30,1.75
1074,8,3.71
1041,31,3.76
523,7,3.38
988,36,2.07
1004,31,3.84
504,22,3.23
1249,19,2.32
756,21,3.55
1342,20,2.63
2521,11,2.48
1868,0,3.38
1915,16,4.16
2906,30,2.7
2589,6,3.14
1382,21,2.1
1507,23,1.84
2917,27,2.98
2926,29,1.66
2988,30,1.52
2925,33,3.07
1453,18,2.4
2845,24,3.32
1521,32,3.73
2520,0,3.61
1595,7,1.91
2886,26,3.06
1888,32,2.82
1324,11,2.26
2132,23,2.58
2425,23,2.38
1653,10,3.79
1344,8,3.66
2252,15,3.91
1379,24,3.41
1009,19,2.05
1318,1,2.55
2552,21,3.37
539,24,4.17
17,20,2.75
575,23,2.78
1803,13,2.87
2624,24,2.27
1063,18,3.39
130,20,2.53
2163,13,3.29
1474,16,3.87
950,14,1.91
1069,19,2.16
216,31,2.28
1624,14,3.17
2896,24,3.42
1439,12,2.6
2737,9,3.61
1003,8,3.49
2313,28,3.78
1947,24,1.61
1464,38,3.66
617,17,3.32
1870,37,1.62
301,7,2.16
985,20,2.93
1195,16,2.8
406,36,1.94
161,17,3.17
1819,16,2.73
1576,29,1.81
26,39,2.94
83,23,4.55
173,4,2.71
999,35,2.35
1709,37,2.94
2842,3,2.01
2883,3,2.15
6,37,2.59
2844,34,3.96
525,9,2.27
2111,22,3.49
2046,34,3.8
761,38,3.24
205,13,3.33
897,22,3.13
1789,22,2.21
2088,2,2.97
1189,16,3.14
2036,14,3.47
1553,4,2.5
877,13,3.63
825,2,2.83
2957,26,1.72
2446,25,3.27
1483,1,1.84
1817,29,4.05
2682,2,2.91
1102,14,2.81
839,2,3.57
600,39,2.08
2673,21,3.03
1962,35,1.92
938,37,3.48
2932,5,4.09
425,15,2.57
2435,28,3.06
2906,25,2.65
2671,7,4.62
2138,4,2.71
2433,22,3.07
997,0,3.29
2695,3,2.73
1268,0,4.28
422,27,2.91
1206,3,3.98
2922,25,4.54
1658,17,4.17
2101,8,2.4
1014,9,2.55
685,28,2.2
2227,24,3.69
293,38,2.87
2423,18,2.75
1078,14,2.66
2844,28,2.75
16,18,3.59
176,8,4.47
1564,20,2.45
1430,24,2.55
1491,34,2.63
1904,35,3.43
129,27,2.9
884,20,2.18
1268,16,3.69
426,26,3.87
2402,5,3.0
750,9,4.48
744,0,3.29
1027,10,2.95
479,14,2.75
976,8,2.9
44,17,2.39
2203,15,3.87
947,28,4.44
1560,11,3.11
1940,14,2.12
2976,8,3.03
99,7,4.83
171,0,3.85
148,22,3.12
2171,18,3.12
112,26,4.17
1023,30,2.53
68,38,3.78
828,33,3.38
1753,14,2.78
2940,17,2.82
1632,36,3.96
1310,20,2.64
2278,28,3.02
160,3,3.95
1785,29,3.49
1809,28,1.77
2234,23,2.39
1014,10,2.69
877,37,3.69
552,12,4.46
1176,21,4.81
1164,18,3.57
1391,17,3.25
1152,4,3.77
2195,36,2.51
1309,7,3.56
1493,32,2.37
1242,7,2.87
436,26,4.0
732,14,3.44
1169,39,3.13
1865,27,2.91
1301,39,3.22
1778,4,4.34
60,29,2.82
1634,26,2.98
2891,27,3.32
2452,32,3.01
2929,28,1.79
1138,31,2.87
1519,36,4.23
2663,20,2.9
336,36,3.84
831,2,3.2
1593,4,2.58
285,7,2.68
2177,18,2.94
1916,4,2.58
2002,36,2.68
2363,10,2.07
960,27,1.96
1622,37,3.03
71,14,2.73
2393,24,3.13
1122,30,3.51
1324,31,2.7
2224,32,1.85
884,10,2.61
1099,36,4.34
143,18,1.77
2979,9,2.47
1047,31,3.33
2229,38,3.08
1069,12,2.61
92,2,2.25
2082,33,3.48
678,15,2.92
2807,6,2.68
382,9,3.21
1704,7,4.64
966,2,3.53
1180,10,3.96
2435,2,2.79
2583,16,2.25
2248,5,4.0
2323,8,3.03
501,12,3.94
459,16,2.19
50,33,3.13
970,15,3.31
988,5,3.82
532,3,2.74
1004,23,4.32
2676,38,3.63
1116,0,2.98
1480,34,3.4
339,33,2.86
1659,9,1.92
1877,21,2.61
1874,14,4.38
2052,23,4.24
1705,22,2.79
281,36,2.66
1314,4,4.45
2121,7,1.76
1161,8,2.42
2816,3,2.25
971,32,3.21
998,35,3.86
1417,9,3.07
208,1,2.66
260,14,3.07
930,13,2.41
263,18,3.57
783,37,2.02
505,39,3.78
1574,32,3.83
203,39,2.04
1760,18,3.13
2014,8,1.54
2100,34,2.5
1380,30,1.77
2411,22,1.45
45,39,3.36
2875,34,1.76
1402,16,3.36
789,30,3.86
1436,12,2.68
2819,11,2.94
2190,27,2.75
2845,23,3.23
2085,24,2.34
2093,11,2.87
2968,35,3.31
1656,33,3.65
1070,30,2.59
1676,34,3.09
2613,32,2.87
301,29,2.72
288,3,2.72
786,3,1.87
2317,9,2.68
2839,33,3.05
2629,21,2.33
1266,2,3.07
2984,2,1.74
1806,31,2.54
2402,32,2.12
1820,28,3.03
71,6,3.42
835,33,2.43
2461,29,2.83
612,33,3.49
2663,36,3.1
1417,19,3.73
2577,37,2.58
1329,20,2.63
191,25,3.02
1748,20,3.16
2126,3,3.47
1582,12,2.24
1629,33,1.89
889,24,2.62
2997,38,3.99
17,18,3.45
815,14,3.69
1598,7,3.96
2482,12,4.02
1067,12,2.38
2260,10,4.38
2251,1,3.8
2026,3,2.67
2774,24,3.61
109,19,3.33
284,19,2.66
2989,3,2.13
1961,27,3.93
1630,34,2.17
737,8,2.59
1142,0,2.21
932,32,2.26
603,6,3.04
1364,38,3.45
1825,12,1.88
491,28,2.88
2067,24,2.7
1199,5,2.5
1642,14,2.81
801,6,2.52
760,32,3.23
1166,4,4.23
1487,27,3.32
2977,16,3.16
2346,26,3.77
1494,34,3.01
705,32,4.29
815,39,3.15
803,32,3.51
373,27,2.71
1492,32,2.25
2976,25,3.47
2999,25,2.94
1462,4,4.57
2892,29,2.62
2995,27,3.1
2491,5,2.78
2190,32,3.82
2450,12,3.38
823,24,2.09
222,17,3.72
2785,3,2.1
1388,29,3.66
994,37,2.77
1212,38,3.71
2161,35,1.94
1205,36,3.09
1926,33,2.03
598,20,2.59
2952,4,3.67
485,25,2.73
2599,7,2.94
1667,34,2.73
2051,0,2.7
1502,31,1.89
662,26,2.33
2115,30,2.73
2753,30,1.7
1555,2,3.23
2020,12,3.92
1342,13,2.67
2146,21,3.25
1081,35,3.0
88,36,2.66
2701,2,2.27
2704,29,2.72
2960,22,3.78
2419,19,3.27
2423,31,3.06
52,37,3.2
1748,13,3.46
41,19,4.3
2864,29,2.94
2139,33,3.7
39,10,3.23
2948,39,2.16
2669,0,4.16
2152,24,3.3
2791,6,3.3
2091,6,2.77
209,8,2.07
600,7,2.47
605,20,3.88
1710,20,2.21
2524,17,3.41
2157,38,3.72
214,10,1.94
1628,12,3.27
1717,25,2.38
2457,33,4.0
1577,6,2.13
2819,4,2.46
2681,14,3.29
2125,7,3.5
2143,16,2.57
269,22,3.18
2409,28,2.65
2578,39,3.4
683,3,3.12
162,39,2.35
465,3,3.94
823,8,4.02
2005,29,3.64
2596,2,2.76
2100,27,4.26
488,32,2.69
2140,2,2.89
651,2,2.02
2405,27,3.15
1756,33,4.05
1635,37,2.4
1772,38,4.45
719,5,1.74
1168,8,2.36
199,21,3.19
2863,36,3.78
1347,23,3.43
1823,1,3.51
1356,34,4.4
2265,35,2.57
1725,5,3.55
2604,1,4.49
803,24,2.94
701,23,4.18
503,39,2.95
469,10,2.68
2010,35,3.72
1975,24,2.3
1730,21,2.51
2414,25,2.91
1937,23,2.66
624,5,2.5
2968,31,3.66
2609,28,3.57
2871,24,4.24
967,39,1.62
663,26,3.4
751,20,4.07
1873,13,4.32
1419,20,3.53
1099,37,2.56
383,10,2.62
1394,5,4.74
2357,11,1.8
1653,26,4.87
176,32,1.67
228,32,2.58
2395,20,2.97
2039,38,1.44
1366,6,3.2
1986,29,2.98
1263,11,1.78
1636,15,1.38
1021,11,2.96
1712,25,2.57
350,15,4.07
2503,0,3.3
441,38,3.23
2809,16,3.47
1612,8,2.38
2563,31,2.32
1385,13,3.22
288,37,2.56
2056,36,2.61
2135,8,3.93
998,20,2.95
2334,36,2.66
1423,9,2.05
74,13,3.75
1463,14,1.98
2854,26,4.12
2206,11,2.11
430,16,3.41
1472,25,2.56
846,37,2.41
1731,3,3.31
36,16,3.96
1114,25,2.54
1021,8,1.72
1439,14,2.26
1998,1,1.77
1320,18,3.81
2761,4,4.32
2536,9,4.31
619,13,2.37
170,7,3.21
146,10,2.99
868,33,3.49
420,23,2.08
1996,21,3.73
1714,37,2.8
573,37,3.84
1960,27,3.44
1027,36,2.16
1287,17,4.15
2847,17,2.58
321,14,2.2
1600,22,2.4
2294,25,4.1
1613,26,2.47
477,26,4.04
1827,28,3.05
783,37,3.92
533,20,2.84
1363,37,2.84
1948,38,2.39
2285,10,3.91
1165,28,2.58
1971,2,2.73
2727,20,3.61
579,38,3.4
1374,32,1.84
1594,23,3.08
1748,39,2.35
2178,4,2.85
2034,38,3.12
2059,19,3.05
257,36,2.87
2864,34,2.19
2417,20,1.85
2992,27,2.02
1418,36,4.02
1443,3,2.07
882,20,3.79
19,33,4.22
110,11,1.94
1461,11,1.74
2553,36,2.91
1058,0,1.88
1312,25,2.31
1868,0,2.69
1003,35,1.93
255,17,3.1
638,19,2.11
2043,21,2.79
2182,33,2.54
2547,4,3.04
397,5,3.49
1622,6,2.82
2695,8,2.48
685,36,3.89
1857,1,2.74
2067,30,3.54
1011,24,3.38
2167,9,2.3
302,6,3.35
227,11,2.84
1531,10,3.82
1236,35,2.69
356,3,1.5
701,7,4.18
2535,10,2.79
2271,9,2.67
1784,35,2.58
1587,3,2.91
1215,7,3.98
2548,30,2.27
1046,31,3.99
1646,28,3.47
1351,12,1.94
365,31,1.7
1068,10,2.74
519,15,3.5
1627,28,1.95
2577,0,2.3
1345,30,2.61
2234,30,2.97
1646,9,3.02
2846,26,3.82
982,8,2.44
2396,15,3.42
2037,28,2.32
922,21,1.8
2969,22,2.72
957,25,1.62
361,3,4.4
1311,25,2.18
182,20,2.3
1475,20,3.28
2145,2,3.05
563,11,3.07
314,28,3.97
2069,33,2.31
2853,21,3.64
2624,0,2.67
403,29,2.86
1148,29,3.25
613,5,4.1
1877,31,1.85
1614,9,2.42
693,5,2.34
1735,31,3.62
2920,13,3.86
1726,15,1.56
840,15,2.43
2151,16,1.91
2381,30,3.27
1811,7,2.05
753,12,1.8
2182,18,4.18
2473,18,4.04
1459,26,2.42
937,25,3.7
1342,25,2.08
1694,22,2.72
505,16,2.9
2919,38,1.71
2238,37,2.71
2660,13,3.71
1970,2,4.08
52,20,3.02
1470,36,3.39
2660,38,4.06
1406,33,4.02
2422,21,3.18
2000,3,3.95
2423,21,2.42
389,10,3.52
1673,7,2.73
674,20,2.59
1890,18,2.84
2852,37,2.73
1503,36,1.88
2452,10,4.19
593,13,3.37
2780,34,3.98
2553,9,1.54
83,5,2.99
2367,16,4.08
414,9,2.4
2501,22,4.03
2794,11,3.48
198,11,4.32
2307,38,2.2
1713,21,1.85
2346,22,2.72
1304,34,3.35
300,2,2.37
129,9,2.17
2546,9,1.08
1907,11,1.9
2486,4,4.12
1716,34,3.69
207,16,3.27
2025,10,3.03
294,12,3.88
1964,18,1.98
1874,29,1.57
2007,38,3.53
2077,8,3.05
2227,6,2.87
2089,25,2.57
1216,22,3.29
2392,19,2.69
1773,14,1.81
2864,9,2.36
2785,31,3.15
626,21,2.67
278,26,2.35
529,36,2.6
2134,17,1.92
1925,22,2.5
2365,36,2.39
1881,4,3.81
1926,15,3.05
693,33,3.51
1361,30,2.69
863,36,2.44
2363,12,2.78
225,26,3.3
1918,28,3.52
1968,5,3.4
1957,23,2.14
1840,35,2.99
68,34,2.54
1643,16,3.53
1021,8,3.01
1101,18,4.5
1563,4,2.62
2904,36,2.99
1525,38,2.68
1471,3,3.62
1716,34,4.51
1583,19,3.53
1383,21,2.15
1301,32,2.8
2931,25,2.02
1337,24,2.61
1243,12,3.6
1706,29,1.86
1902,3,2.69
1968,16,1.88
2248,24,4.3
2380,33,2.69
2595,29,3.57
1680,28,2.97
1316,36,2.83
2114,33,2.08
731,35,2.6
568,25,2.72
2705,4,2.82
2452,23,2.94
1749,22,3.0
1630,11,3.33
2666,32,3.4
596,10,2.73
648,22,2.36
2194,39,2.44
2809,17,2.8
1554,25,2.65
125,19,3.72
1538,9,3.67
1356,5,4.34
480,6,1.93
1002,24,3.93
712,37,1.98
1971,33,2.17
2763,31,2.63
1422,18,1.83
1818,35,2.06
815,28,3.31
56,17,3.52
1655,17,1.8
132,0,3.3
231,5,3.13
395,28,2.45
982,13,3.86
933,0,3.07
1530,25,3.14
1410,14,3.34
2956,19,4.24
533,30,3.44
965,20,3.72
2496,21,4.31
2174,10,2.84
555,2,3.35
2742,17,2.78
2537,38,3.16
2660,3,1.92
2939,31,2.32
2494,39,2.47
1494,34,2.83
2556,23,2.92
2505,18,3.62
385,34,2.9
712,7,1.58
2977,9,2.25
1472,9,2.98
2500,25,4.13
654,23,3.97
1143,1,3.13
1117,19,2.49
2569,8,4.18
1609,31,2.74
538,28,1.8
1457,24,3.0
1898,26,2.21
2193,37,2.29
1092,3,3.18
700,27,2.4
1902,7,3.35
2179,15,3.15
733,27,3.55
1305,13,3.61
1813,25,3.1
1676,6,1.97
513,21,3.6
2688,22,2.69
1,15,3.4
1966,13,2.69
432,12,4.2
2439,18,1.21
1290,20,3.33
399,24,2.57
808,11,3.23
1280,7,3.64
2443,6,1.9
952,34,4.21
2222,12,4.07
1069,38,3.91
855,26,4.46
2587,33,4.55
745,37,2.71
2769,13,2.76
2098,28,3.89
243,6,2.84
1164,10,3.13
2645,17,3.28
1620,8,1.86
276,38,3.03
8,5,2.89
715,12,2.99
1959,30,2.64
2081,1,2.66
810,2,2.85
1473,19,3.16
928,5,4.35
862,24,4.78
37,0,2.19
2082,31,3.43
455,12,3.07
444,39,2.82
212,19,3.4
2750,25,4.26
2656,28,2.1
1730,29,2.21
982,19,2.33
2409,15,1.86
2352,8,3.17
296,10,4.16
152,8,3.09
1970,31,2.53
1220,34,2.28
600,2,3.09
1323,16,1.92
1553,27,4.21
1512,5,3.8
2259,5,3.0
232,18,1.49
2918,39,3.04
2743,21,3.48
367,29,2.97
481,15,2.27
572,38,2.81
1203,0,2.94
1508,3,4.29
1613,25,1.4
1571,24,2.98
930,24,3.7
1040,39,3.05
2514,3,3.95
1426,39,2.69
2342,21,2.56
171,16,2.36
1056,15,3.02
2311,32,3.61
1239,24,3.91
2007,14,3.72
2606,9,3.86
189,39,4.48
786,7,3.46
583,12,3.23
1832,17,3.76
600,5,1.69
846,10,3.99
2030,0,2.7
1206,13,2.95
2390,9,3.08
954,14,3.39
2070,27,3.37
1098,6,3.69
1626,0,3.23
1871,25,3.03
166,36,1.89
2025,4,3.15
234,20,3.77
1399,38,3.71
1457,20,3.47
641,26,3.86
1358,16,2.39
1828,5,2.07
607,29,4.46
540,9,2.23
1468,3,1.86
2366,3,2.76
343,36,2.75
637,28,2.05
79,33,2.07
2941,13,3.89
2621,18,2.34
2497,1,2.2
2330,13,2.1
2723,34,3.72
2105,17,2.1
191,14,1.72
644,39,3.92
1487,15,2.77
2090,19,2.66
1510,29,3.09
2727,26,3.99
2550,12,2.28
1217,10,1.83
790,36,4.05
2798,0,2.57
742,34,4.01
2213,9,3.01
2803,8,3.69
90,17,4.11
1715,6,3.35
987,9,2.81
648,7,2.75
2798,30,3.45
819,20,4.27
243,3,3.75
2711,4,3.59
2906,14,2.9
1900,29,3.53
219,12,1.73
9,2,1.92
430,8,3.17
13,12,3.19
1799,5,3.14
2955,6,3.04
690,32,3.33
1783,12,3.39
677,25,3.27
2232,31,2.76
1005,12,2.94
208,35,4.22
2576,36,4.05
1324,29,2.47
2866,13,2.59
1003,5,3.78
2503,18,4.54
1766,21,3.47
2950,23,4.31
1554,1,2.8
1683,19,3.02
2292,34,3.3
1986,9,4.36
771,33,4.07
238,36,2.83
2393,6,3.16
2358,1,3.81
1585,23,3.77
1308,28,3.44
2086,27,3.41
1820,4,3.37
32,32,3.77
292,8,3.95
292,28,2.34
1643,32,3.86
2806,13,1.24
1406,19,2.8
578,20,2.72
1162,11,2.31
1224,2,3.72
2653,25,3.38
447,12,3.76
278,32,3.86
2580,25,4.34
1825,35,1.47
1423,8,2.22
984,2,2.08
2650,10,1.69
2610,33,3.12
2639,10,2.56
1573,24,2.09
59,19,2.71
459,0,2.67
104,0,3.0
831,34,2.41
789,30,3.9
2152,39,4.33
742,23,3.88
1573,0,2.14
2349,31,2.67
2702,22,2.28
555,36,3.77
628,20,3.43
1108,13,3.01
2977,10,3.82
2408,24,3.67
2135,3,3.16
428,8,3.41
2415,39,3.71
2391,0,4.58
2395,17,2.28
1827,8,1.99
1945,20,3.41
2144,2,4.04
1878,38,2.41
1160,28,1.81
1272,12,1.76
884,4,3.02
486,4,3.92
1426,32,2.95
604,34,2.73
412,30,3.74
1995,35,3.04
1932,0,3.33
2496,24,2.81
247,32,3.41
2818,21,3.41
2747,12,2.29
2469,16,2.12
2172,27,3.11
2989,4,3.38
2925,13,2.41
1623,9,2.99
2061,2,1.89
800,2,4.03
945,30,2.95
2248,11,2.86
1266,19,1.9
1263,22,1.04
2351,1,2.32
1189,24,1.66
2786,39,3.02
176,25,3.7
1053,33,2.56
2725,19,2.47
2583,9,3.77
1318,10,3.65
477,14,3.96
2431,24,2.26
2604,1,2.01
1716,8,1.75
1675,7,1.98
334,36,2.89
1272,12,4.21
1265,3,2.94
2946,39,2.96
931,26,4.22
685,15,3.93
561,33,2.1
123,15,1.56
1059,24,2.31
2666,22,4.35
840,15,3.0
416,32,3.37
708,15,3.26
2685,31,3.02
347,1,2.95
2085,27,4.06
1724,24,4.12
2560,5,1.48
849,12,3.12
535,0,2.36
2958,8,2.14
2821,12,3.24
1730,39,2.8
1902,24,4.19
664,7,3.33
1042,9,2.59
27,23,1.44
2584,30,1.71
1053,39,2.17
1675,23,3.21
2706,39,2.64
1659,20,4.6
640,18,2.94
1742,24,1.52
42,11,2.13
1715,31,2.07
2261,10,3.83
1987,39,3.7
2884,27,2.42
702,32,3.13
1455,12,2.17
2128,17,2.78
1252,37,3.87
2950,38,4.29
2472,11,2.77
1997,29,3.98
919,23,1.47
2564,10,3.47
165,17,2.12
1450,21,2.64
2941,8,3.06
1066,26,2.75
1821,26,2.73
2789,11,3.17
2803,9,3.72
2464,30,3.96
336,34,2.54
1925,9,2.4
881,36,2.8
1454,4,2.28
972,20,3.07
2733,21,3.85
2789,38,2.91
30,14,3.46
1541,31,4.37
575,32,3.45
221,32,4.09
827,19,3.0
2014,31,3.67
2642,23,3.38
1518,0,2.37
754,36,2.22
1277,1,1.3
1588,19,3.36
1021,22,4.25
1489,33,2.68
1962,23,2.54
1863,9,2.48
2540,29,4.04
438,23,2.86
479,15,4.21
783,27,3.06
2997,32,3.59
1008,32,4.06
72,39,3.65
582,9,2.65
220,27,1.59
1028,23,1.87
290,33,2.7
380,27,1.82
2852,19,3.27
1379,37,1.32
2791,33,4.0
1959,20,3.47
2128,20,2.73
66,9,3.8
2184,17,4.24
399,19,3.0
347,17,2.37
1985,13,3.03
2107,31,2.25
778,36,1.74
2567,30,2.84
1904,19,2.93
2762,5,1.67
79,36,4.33
1582,32,3.86
1779,8,2.91
2163,9,3.07
986,7,3.66
1486,28,4.06
1650,17,2.55
2174,13,4.07
1626,34,2.93
2621,24,3.07
965,27,2.11
2548,4,3.15
829,6,2.62
2674,26,3.19
1198,22,1.58
2500,1,3.88
1719,32,3.45
2433,19,2.83
1229,8,3.12
2411,11,4.44
1841,29,2.79
498,33,4.51
537,14,2.53
2064,7,1.28
1165,35,2.18
1972,13,2.88
2668,2,2.61
300,18,3.18
2387,13,2.49
303,15,3.17
592,38,2.52
76,25,2.78
914,18,2.83
780,16,2.56
921,24,3.06
1524,38,2.26
1750,14,2.82
2036,22,2.98
2414,32,3.07
2701,36,2.74
1006,17,1.91
1702,29,2.74
2444,18,4.34
804,34,3.31
1052,4,3.09
2893,23,4.39
872,11,1.99
115,21,3.1
373,30,2.13
850,16,3.52
2138,6,3.02
757,30,1.77
1322,11,2.65
31,24,3.84
1853,38,2.92
2406,0,2.14
2518,17,2.98
1806,39,3.67
2318,2,1.9
1437,37,2.17
2257,26,3.53
690,34,2.8
1215,39,3.49
457,24,3.42
449,3,2.8
68,38,2.18
1863,15,3.77
1803,18,3.09
1806,22,3.0
874,0,3.74
467,10,2.91
128,33,1.57
1800,35,2.13
733,16,3.74
1268,7,3.83
1929,18,2.46
1043,32,3.4
1420,20,3.6
368,28,3.03
2106,27,4.61
2605,18,2.07
2096,6,1.86
2610,13,1.4
2641,8,3.64
812,0,2.52
59,21,4.26
161,9,2.32
103,3,2.2
846,22,2.63
412,28,3.47
786,34,3.01
183,8,4.26
2465,16,2.12
2047,19,3.52
2447,35,2.03
957,26,2.78
2827,15,2.17
2703,13,3.33
437,24,2.7
2366,29,2.85
1840,29,4.27
606,20,2.09
2959,24,3.25
1471,6,3.57
497,5,2.57
1367,2,1.46
2475,28,2.65
2866,6,4.36
1852,35,2.11
1023,12,2.19
2288,21,3.19
2845,20,3.96
2251,13,1.99
1773,6,3.15
1490,22,3.88
1320,33,2.57
2335,12,3.74
2121,16,3.1
2774,22,3.36
337,12,1.8
203,22,1.46
231,1,2.36
2952,20,2.39
2692,13,2.63
2963,10,3.82
2328,32,2.78
809,7,2.52
1329,21,3.41
466,26,2.86
2785,15,2.99
1198,6,4.11
804,0,3.41
266,8,3.26
2295,6,2.94
2126,4,2.67
1671,21,2.29
2902,36,2.22
2301,6,3.33
2523,13,3.59
176,31,3.31
1445,6,2.65
1596,37,2.5
254,0,3.54
1544,30,2.19
903,33,2.95
2155,9,2.88
1195,2,2.32
2106,8,3.65
1361,2,2.41
2990,30,3.09
84,2,3.35
1141,18,3.7
712,1,2.86
1558,22,1.99
1762,30,2.14
1941,17,2.39
1807,6,3.49
901,29,1.65
657,18,2.17
2504,36,2.89
659,24,2.42
2821,16,2.48
2839,10,3.17
851,38,3.27
2574,15,3.56
2314,37,1.98
141,4,3.39
2943,39,2.25
2454,2,1.92
2341,26,3.02
1930,28,1.06
1055,1,3.76
2403,15,3.09
2253,4,3.17
1502,17,4.13
2339,16,2.52
111,7,3.32
1092,5,3.33
1719,21,3.04
2421,22,3.28
196,39,3.34
126,36,2.4
262,6,3.74
2935,12,2.86
924,5,2.05
1822,19,3.15
2203,8,2.92
1605,20,2.09
108,24,3.97
2083,6,1.98
655,26,2.94
2771,7,2.94
2014,18,2.6
998,25,3.93
2464,38,2.47
285,28,2.65
1471,8,2.22
2566,11,2.44
27,11,3.15
2275,11,1.54
1592,3,3.86
1392,2,3.33
848,2,4.69
1129,19,2.74
18,16,3.37
2091,1,4.03
2137,24,3.68
2634,20,2.75
157,34,2.13
1290,15,2.6
2182,34,2.59
2512,14,4.26
1625,2,3.13
1772,12,2.92
1156,22,4.69
2789,37,3.75
1058,6,2.29
2131,18,2.52
2977,4,1.51
1156,36,2.88
2914,13,3.3
204,18,2.93
1823,0,3.02
1360,32,1.72
962,4,3.33
2545,15,3.02
442,25,1.75
2876,29,3.07
1316,12,4.11
1149,21,3.14
1687,38,4.38
871,27,2.27
1199,10,2.26
1908,19,3.36
1516,0,1.59
2917,6,2.86
80,34,3.05
2860,16,3.54
2963,23,2.72
1329,22,2.39
1368,22,3.17
570,19,3.33
1115,29,3.6
2910,34,3.41
2217,20,2.82
2284,31,1.1
399,19,3.89
2636,32,2.51
821,5,3.79
2525,18,2.33
845,4,2.94
2633,29,3.74
2663,29,3.11
2654,0,3.67
2826,10,2.07
1277,13,3.06
358,0,3.01
1423,34,2.63
521,36,2.66
2573,18,4.77
393,22,1.86
1667,8,3.49
1396,2,2.92
2201,33,4.15
893,0,2.42
984,33,3.05
2528,35,3.05
583,27,2.96
1956,12,3.39
2905,32,2.65
20,26,4.43
2641,34,3.81
1974,8,1.31
2276,25,1.64
19,27,2.62
2492,34,3.71
2416,25,3.19
2947,22,3.91
1643,34,4.08
889,12,4.37
1884,23,3.0
726,11,3.07
147,35,3.88
1717,39,2.66
1528,31,3.28
2478,35,2.31
848,39,3.26
1464,8,3.05
2246,28,2.19
1311,23,2.07
565,4,2.14
369,20,2.63
1264,6,1.96
2850,27,2.69
1311,15,2.16
2748,19,2.63
2566,6,2.83
1819,20,2.58
2823,6,3.16
2609,36,3.21
1888,33,3.5
60,34,3.56
545,22,3.08
2351,18,3.15
1268,9,2.31
1708,16,2.48
1231,22,1.37
2331,39,4.35
2526,39,3.03
1046,39,4.01
559,39,2.4
2397,25,3.33
1513,9,3.2
1968,25,2.75
670,1,3.69
258,0,2.4
2703,16,2.86
1071,13,4.07
1051,37,3.12
1051,31,3.62
2005,22,4.23
145,25,3.7
2635,23,2.74
2570,0,1.71
801,30,2.67
1486,13,1.98
2430,5,4.3
2824,36,3.61
673,29,1.82
327,8,2.62
1415,28,2.37
630,26,4.66
2020,17,4.27
2132,20,3.05
2194,27,2.09
2029,11,1.85
1195,17,3.22
2025,38,2.71
1358,17,4.3
2472,24,2.07
1550,7,1.73
2709,24,2.17
2811,11,1.87
569,25,2.42
2395,15,3.24
1946,30,4.53
347,3,3.13
408,9,3.03
133,1,3.47
614,14,2.69
106,9,3.66
2219,39,2.23
2688,7,3.64
262,14,2.66
494,23,2.94
1475,0,3.35
2951,34,2.52
290,17,3.42
1869,5,3.69
1338,3,3.72
2133,34,1.79
1439,33,3.81
1353,17,3.06
45,26,3.26
815,36,1.55
2381,11,2.13
465,6,4.36
200,17,2.08
329,37,2.52
2288,19,1.98
1908,6,3.96
798,1,3.28
702,13,3.86
2631,7,2.62
2705,36,3.11
2022,19,4.2
1925,14,3.3
2769,32,3.68
2408,10,1.67
1402,38,1.7
2433,32,3.29
2847,32,2.34
2413,8,3.57
2120,15,3.6
2552,25,3.64
1438,7,4.06
127,24,2.72
1511,1,2.99
1621,34,3.44
482,12,3.02
1336,36,3.47
283,32,2.52
2122,31,1.98
2821,38,3.6
2395,26,3.56
2045,13,3.63
2372,16,2.96
239,31,3.83
1421,29,3.62
2385,2,1.74
341,3,3.46
2994,13,2.83
892,20,2.17
1487,36,3.8
462,30,1.72
1317,7,2.24
798,7,3.05
733,14,3.05
162,6,4.15
2496,3,4.08
1479,21,3.14
2313,23,3.55
1010,35,3.61
132,28,3.55
1858,37,1.71
2168,25,3.17
1916,30,2.8
1243,2,2.47
672,13,2.34
505,35,2.12
2157,39,2.93
1262,24,4.19
293,15,2.6
2011,9,4.12
828,36,3.45
187,31,2.14
1060,36,3.57
2304,32,1.67
1459,23,1.54
1643,25,4.4
1032,30,2.84
2796,35,2.93
1202,13,4.08
2089,20,1.91
2805,19,3.62
2161,33,3.91
2816,7,2.09
854,36,3.29
2126,2,2.66
719,24,3.18
1847,8,4.36
878,6,2.5
402,17,3.24
2881,32,4.46
64,25,1.53
2700,5,3.37
2934,37,2.96
1449,30,2.55
373,20,3.95
306,17,2.51
2257,16,4.15
2515,37,2.22
932,27,4.1
1991,14,3.96
1416,25,4.05
2695,33,3.72
362,17,2.93
1288,32,3.96
2769,2,2.07
716,32,3.92
1646,7,3.35
543,20,3.52
1548,2,2.68
1663,18,3.22
2242,0,3.05
652,36,3.6
1051,3,3.78
1070,4,3.3
647,23,3.75
1853,25,2.04
1082,9,4.57
949,35,2.38
961,2,3.33
2097,9,2.7
803,13,3.71
2655,37,2.75
1681,9,3.61
1608,2,1.7
1403,26,2.76
2058,34,3.08
2722,7,4.15
726,31,3.18
2564,22,2.29
2272,3,1.66
1405,4,2.7
203,2,3.01
942,31,3.16
589,39,2.77
571,33,1.67
196,9,2.36
1346,7,3.66
418,19,3.07
1643,22,3.09
1366,39,2.12
9,0,3.51
532,9,1.95
149,28,3.01
2431,9,3.31
1553,28,2.95
1036,2,3.32
476,25,2.1
1618,23,3.1
2627,32,2.21
1980,10,3.34
1077,26,1.76
206,24,2.59
2963,19,1.48
745,39,3.26
913,29,2.96
54,33,2.13
1604,23,2.52
1827,16,1.97
344,1,2.62
1193,3,1.29
1933,27,1.98
1185,28,2.41
703,39,2.94
2575,23,3.97
1311,2,3.27
1899,12,3.64
2460,28,2.45
2617,20,4.25
199,0,2.47
2823,28,4.18
389,38,4.03
474,19,3.54
1405,11,3.0
765,23,1.69
1655,0,4.22
592,10,3.42
1849,11,2.53
1096,1,3.1
982,18,2.75
168,5,4.07
284,24,3.68
2872,33,3.2
1199,4,2.93
1244,23,2.71
891,15,2.73
2182,16,2.78
1655,24,3.13
122,9,2.21
833,28,2.45
1923,22,3.04
1022,29,2.51
1994,4,1.58
895,20,2.32
1516,14,3.13
289,16,4.54
1077,27,4.33
1372,25,3.53
1075,1,3.74
839,2,3.59
2960,37,2.48
40,22,3.39
2298,32,3.02
2266,17,2.55
179,35,2.54
183,0,2.99
1760,14,2.54
1188,30,4.66
1770,11,1.37
1401,27,3.41
705,36,4.15
497,39,4.39
597,17,2.34
2509,6,2.73
474,6,2.8
685,25,2.32
1061,34,1.13
1623,32,3.36
1665,35,2.45
319,22,2.24
1436,22,2.09
2404,10,2.52
1695,19,2.17
2665,23,3.53
1989,27,2.72
229,37,3.23
729,24,3.25
1288,37,3.88
1511,29,3.75
561,7,3.89
1376,31,3.27
1466,34,3.4
2683,6,2.63
2507,17,1.67
25,24,2.27
1155,31,2.4
370,26,1.96
1460,29,1.57
1012,35,2.15
611,15,3.69
1376,16,2.14
1826,24,3.83
2036,26,2.76
1221,22,1.86
2157,22,3.44
1884,8,2.83
1947,25,3.46
720,23,3.32
1106,2,2.56
1561,0,3.35
2480,29,2.65
1921,5,3.99
636,0,3.66
1173,7,2.34
1754,37,4.32
2415,5,2.24
2973,6,4.08
2462,12,4.17
1927,1,3.59
356,12,2.87
2059,4,2.79
1440,9,3.51
1595,9,4.01
1676,23,2.67
1871,13,3.19
1146,12,3.38
2113,29,3.81
125,18,4.52
312,21,4.22
775,28,2.21
2921,21,2.79
1474,20,3.24
1832,27,2.74
694,24,3.89
1183,34,1.89
1377,4,3.73
1844,25,4.05
990,18,3.41
2847,2,4.07
2722,27,3.89
1753,25,3.35
2960,3,2.26
2454,20,2.56
1717,22,1.71
1627,29,2.66
2685,0,2.69
890,28,4.18
1379,36,3.28
489,23,2.57
2287,36,2.92
180,33,1.85
1443,12,2.16
1708,28,3.29
2365,31,1.64
1268,10,1.18
232,10,3.73
1813,35,2.09
1613,8,2.89
1327,32,1.47
331,1,4.12
561,29,2.47
2997,20,3.91
248,17,2.96
283,10,2.37
1311,32,2.76
940,27,3.98
2080,0,2.74
1524,38,3.57
530,5,2.2
381,9,4.28
63,12,3.33
128,39,3.78
1552,15,3.81
2211,35,2.69
295,36,3.88
179,22,4.19
229,21,4.74
883,15,3.93
394,1,3.07
2740,16,4.33
72,35,3.18
318,15,2.51
595,11,3.95
379,7,4.42
907,19,3.31
136,16,3.1
2778,11,2.74
1402,31,2.81
1143,19,2.94
906,26,3.1
530,20,3.25
2983,25,2.17
2714,6,3.14
523,24,2.57
387,25,2.33
2622,21,3.78
2631,26,2.4
573,37,2.22
644,4,4.66
2621,29,3.96
2918,30,1.86
1293,11,4.09
547,36,3.67
1510,32,3.21
2486,16,2.17
1587,32,2.05
555,17,2.67
1764,3,3.33
2159,6,3.82
2575,21,2.6
2225,20,2.08
2722,16,1.54
1575,21,3.66
624,21,3.28
1989,10,3.26
944,32,3.87
473,23,2.85
1587,39,2.07
994,39,2.21
2927,28,3.58
1122,5,1.71
1435,8,3.04
170,30,2.49
1014,33,3.39
56,3,3.19
1757,10,2.03
2373,22,1.9
658,19,3.15
957,33,3.17
260,26,1.62
641,4,2.89
2610,28,2.9
2388,9,3.88
404,28,2.7
2580,9,3.69
795,23,2.68
1562,11,3.23
1184,21,4.45
2642,34,4.49
2665,0,1.8
2700,31,2.3
714,1,2.99
2392,11,4.2
1397,29,2.59
1958,2,2.8
2094,10,3.31
1753,3,2.39
904,15,3.41
2103,15,4.05
1102,33,3.67
1695,6,2.83
856,19,2.62
1296,38,3.8
660,5,3.05
111,28,2.98
1039,1,3.5
2126,0,2.55
501,25,3.97
2636,13,4.09
418,25,3.25
1864,6,3.35
275,22,3.05
1221,27,2.02
1755,7,1.87
1769,30,2.88
1134,2,2.02
2242,32,1.48
1543,10,3.27
1968,25,3.07
2903,5,1.7
799,3,3.67
1964,34,2.57
2349,10,2.43
2616,6,1.39
2720,31,2.47
2197,3,3.21
769,0,3.21
1485,33,4.3
139,9,2.35
861,15,3.39
1860,32,4.2
2340,18,3.23
335,35,4.25
2747,20,3.93
1859,18,3.13
1208,1,1.26
2355,31,2.01
925,22,3.92
981,20,1.81
2946,16,3.74
1286,29,2.86
2975,2,3.99
1334,29,3.28
344,1,4.12
657,28,2.84
1797,30,3.38
1850,10,1.78
261,1,2.68
1386,8,1.58
169,15,1.8
660,37,1.8
200,3,2.34
1409,14,1.8
582,13,2.05
566,24,3.25
2443,1,2.45
2399,33,3.32
28,22,3.84
1899,19,3.06
632,11,3.95
2428,17,3.27
1626,39,3.23
2576,39,3.88
2037,2,3.61
1311,35,3.91
2951,25,4.05
1766,14,1.69
807,36,3.73
2275,30,2.89
2075,29,3.9
1141,0,3.18
89,9,2.68
2667,13,3.56
1759,3,4.18
122,38,2.36
1918,4,1.78
866,35,3.37
33,2,2.73
603,5,2.63
696,11,1.44
2936,31,3.2
525,28,2.16
1048,30,3.42
1349,7,2.77
2082,10,2.52
247,23,1.71
2097,38,2.41
1963,33,3.79
2960,0,2.16
2228,1,3.75
1394,37,3.07
1908,20,1.97
2024,15,3.2
738,6,2.98
1969,17,2.68
2638,18,3.77
2544,5,1.9
2479,30,1.85
1437,17,3.37
364,36,1.67
2358,21,2.75
982,36,1.61
1303,37,3.27
227,15,3.19
1267,15,3.14
2058,25,2.45
1416,2,3.25
2096,19,2.91
1648,24,3.43
2252,25,3.61
2942,37,3.75
157,27,3.43
2903,3,2.67
2074,9,2.99
2469,18,3.81
1702,22,3.41
761,26,2.27
774,37,2.26
2312,34,3.4
1553,22,1.65
2636,12,2.46
958,21,2.61
2518,35,2.32
254,34,2.23
1570,10,2.87
2788,24,1.91
118,5,3.3
550,1,3.63
911,36,2.36
870,33,3.57
808,38,4.67
1673,7,3.74
821,28,3.36
1782,6,3.31
1222,29,2.36
1602,20,2.43
2612,16,2.64
2462,20,3.39
880,34,3.6
993,14,3.21
1,36,2.59
167,12,3.91
2064,15,2.68
2705,31,1.27
112,4,3.3
1126,10,3.02
2642,22,3.37
1430,35,3.38
2006,27,2.02
2044,12,2.8
507,38,4.37
1635,6,1.95
671,11,1.48
1691,16,2.65
2807,39,3.03
2545,19,3.0
965,1,2.05
281,2,2.99
351,11,1.83
2382,14,2.67
1950,14,2.28
1967,0,1.86
2809,11,3.77
1548,18,3.77
1307,31,3.25
1965,10,3.26
728,22,3.61
823,8,2.96
1438,26,2.61
2062,19,3.59
1080,32,3.03
2390,16,3.08
199,30,4.02
1884,2,1.74
678,3,1.86
2706,6,3.56
1465,20,3.34
78,21,3.0
2160,23,3.33
535,36,2.41
1399,23,2.62
1166,11,1.76
1221,12,3.24
790,2,3.91
1564,27,2.73
1323,13,2.39
1100,4,2.93
2578,19,2.4
2148,39,3.56
1503,17,2.6
1492,36,3.62
1660,26,2.02
1901,28,3.73
1316,26,2.35
125,33,2.02
519,35,2.42
2071,33,2.11
162,3,2.99
2677,21,2.6
2554,2,3.04
882,24,2.65
1045,29,2.54
1788,32,3.52
1862,30,2.66
483,18,1.78
1526,17,4.5
1967,1,4.28
2357,30,4.16
874,22,2.68
1577,26,3.42
2251,21,2.46
2688,35,2.16
142,17,1.97
1880,4,4.06
1004,32,3.31
2663,14,3.54
2155,37,3.76
2015,14,2.42
529,7,2.84
2624,20,3.47
969,9,3.16
1773,26,3.38
2736,15,2.75
2339,30,3.69
805,10,2.22
1335,14,3.9
668,12,1.9
385,5,1.77
1609,23,4.22
2749,39,1.69
13,6,2.82
2208,15,4.0
1308,19,3.34
2613,30,3.82
2056,17,3.47
72,5,2.68
2940,3,1.52
2146,14,3.36
2135,3,3.36
1866,16,2.44
101,17,1.62
281,18,3.48
883,0,1.99
1313,34,3.74
2797,20,2.37
2244,0,2.41
2439,25,3.43
609,32,3.28
450,33,2.1
1285,36,3.51
1536,6,2.68
121,6,2.14
2380,34,2.52
1076,34,1.83
318,6,2.9
2723,29,2.65
702,17,3.4
2741,32,4.37
1017,36,3.21
21,6,2.8
2447,29,2.26
1739,19,1.71
2250,22,2.81
2514,22,1.49
896,35,3.49
1183,19,2.31
2358,39,3.4
2552,26,2.28
2074,10,3.48
66,14,3.65
263,3,2.92
472,1,2.07
2215,4,3.76
2848,19,2.92
343,6,2.45
718,25,2.65
2461,4,2.06
1695,17,4.12
1239,28,2.58
2735,26,3.22
2845,7,3.86
2026,15,3.39
2531,32,2.09
1056,21,3.14
15,16,2.86
1870,32,3.16
17,26,3.47
2582,28,3.33
1780,17,3.02
1950,14,1.72
81,30,2.3
2704,21,3.27
2484,29,2.28
1019,30,2.17
2727,6,4.18
780,8,2.17
1825,17,1.87
2234,22,2.63
2470,20,3.19
2514,8,3.07
2131,35,2.24
2615,7,2.62
2691,2,2.89
325,22,3.81
2099,16,2.58
1051,4,2.86
677,24,3.18
2030,26,2.87
2012,30,3.83
793,23,2.18
2705,29,1.87
1195,2,1.8
2165,1,2.43
905,11,3.39
502,10,2.46
799,8,2.79
2905,32,2.18
1124,35,2.58
1143,0,2.69
2117,3,3.21
2712,5,2.54
2840,17,2.89
221,29,3.84
2271,23,2.38
2725,37,2.8
2259,1,3.0
931,13,2.66
886,10,2.93
2930,15,3.29
262,27,2.31
2566,5,3.17
1272,35,2.62
798,33,2.9
1281,29,2.05
2588,34,2.77
417,13,2.93
2101,7,2.57
1788,7,3.31
38,17,4.04
2356,37,2.21
846,14,1.56
898,26,2.95
53,11,4.03
606,15,2.3
452,32,2.19
461,24,3.16
775,0,3.55
1859,18,2.43
1161,4,4.34
1396,25,2.74
2443,32,2.37
1061,13,3.73
1678,33,1.97
2695,33,1.39
2311,37,3.46
2680,2,2.63
1283,7,3.93
1347,10,2.62
2578,18,3.03
2349,31,1.95
1889,13,3.16
485,21,2.43
92,10,3.56
1188,14,4.0
1359,8,2.54
2363,16,3.87
1938,23,2.97
2993,6,2.24
2286,28,1.42
1710,32,3.61
2131,21,4.01
2717,7,3.16
1990,1,3.02
178,26,3.67
250,32,3.1
765,28,3.7
2715,14,1.68
2951,35,3.35
91,28,2.89
339,30,2.25
1662,37,1.98
1873,1,3.18
169,12,4.62
2626,34,1.06
780,14,3.07
170,4,2.99
2410,10,1.89
2292,35,3.87
138,7,2.26
519,11,2.55
1422,13,3.02
2381,23,4.51
2611,17,3.3
2474,10,1.26
1160,21,3.09
2689,34,2.33
709,25,1.65
1291,20,3.9
2036,26,2.46
107,36,3.88
2608,33,3.21
2186,14,2.24
2663,7,1.68
2095,17,2.73
2013,3,2.74
1689,37,2.24
2416,27,3.31
6,37,2.5
523,39,2.13
2577,1,2.34
1679,7,2.65
66,7,2.37
2468,16,2.77
2982,17,2.14
498,36,3.77
1493,35,1.47
2379,6,3.17
2816,7,3.17
1001,27,3.33
1663,16,2.93
2018,6,3.95
2578,17,2.46
1743,25,3.4
1625,13,2.07
2291,12,2.85
2398,11,1.63
1041,11,2.72
1490,14,2.21
2783,34,2.8
2930,31,2.61
363,35,2.72
1635,33,4.61
525,11,3.29
831,27,2.91
2830,29,2.24
1723,35,3.15
420,30,2.04
2834,12,3.99
133,8,1.58
2062,16,3.87
1068,34,2.82
1401,34,3.02
2343,39,3.24
1420,8,3.33
2493,15,2.78
1845,1,1.69
2460,9,2.38
630,23,2.97
321,35,2.35
1155,4,2.42
1835,38,3.39
2866,26,3.42
1223,10,2.01
905,1,2.54
36,5,2.02
2839,20,2.32
2634,7,3.13
2354,19,2.06
1591,23,4.03
2941,32,4.29
12,10,2.37
2131,25,1.24
1432,8,2.94
1987,4,3.53
1768,38,2.71
1435,28,3.11
957,38,3.98
713,1,2.07
2043,34,2.67
1280,36,2.9
241,17,3.01
2946,26,3.29
1956,16,3.59
2013,19,1.93
896,23,1.5
2955,28,3.34
1476,8,3.68
2804,15,4.33
1025,32,2.59
601,1,3.83
2330,33,4.37
2699,10,2.12
599,9,3.94
1885,1,2.72
1143,35,3.14
1012,36,2.63
2948,12,3.46
1529,0,1.75
1104,5,2.86
1647,27,1.45
1701,10,4.39
2942,22,2.19
957,22,3.07
219,32,2.13
727,1,2.78
1731,9,2.49
1490,24,2.31
1818,39,1.64
518,4,2.43
812,15,3.2
2550,38,4.18
2106,28,4.24
1361,26,4.08
814,0,3.32
614,6,2.4
426,27,1.73
1584,33,2.52
1435,14,2.63
1812,21,2.56
883,20,3.59
1699,37,2.78
432,6,4.31
1401,38,2.38
948,38,2.93
1389,36,2.28
1668,31,2.94
2983,29,2.32
2453,15,4.32
2540,2,2.25
2114,26,2.25
912,0,3.5
391,31,2.61
83,38,1.97
1003,16,2.08
481,0,2.08
777,7,1.94
2833,16,2.11
1755,6,2.19
1249,20,2.55
1137,23,2.77
2700,32,3.16
1536,36,2.45
1912,20,2.44
523,15,2.77
1933,12,3.16
1695,29,2.01
2253,4,1.9
742,16,4.09
2367,24,2.45
278,6,2.88
2950,2,1.6
148,32,2.89
778,38,2.79
1107,15,3.62
419,38,3.06
2586,28,2.74
2440,0,2.1
1157,15,2.86
940,19,2.65
2020,17,1.58
1628,20,2.21
242,35,3.13
999,32,1.5
1224,17,2.5
1243,13,4.09
2291,27,2.94
1818,31,3.06
1853,32,4.07
684,0,2.34
1412,22,3.52
2636,23,2.43
1233,21,2.32
617,31,1.77
2028,9,3.54
2074,22,1.4
2911,24,2.64
2127,21,3.32
1012,26,2.41
2018,38,2.82
128,25,2.96
413,30,3.48
2185,3,3.57
1358,13,2.79
2596,10,3.02
2436,17,4.3
571,17,3.9
2469,3,2.22
141,26,3.79
1940,16,2.96
51,16,2.89
2977,22,2.96
1429,18,3.14
1361,39,2.5
2710,8,2.2
366,9,2.86
2956,30,2.24
1935,22,3.44
2004,15,1.96
2902,12,2.98
258,0,2.79
45,33,1.36
269,14,2.4
1335,5,3.75
672,15,2.28
1302,11,2.44
2905,21,2.48
2193,30,3.21
1990,10,4.09
235,23,2.61
2739,36,3.52
2768,26,3.22
1469,22,2.5
2401,34,1.99
1418,13,3.37
994,0,3.72
275,38,4.11
910,2,1.83
440,13,2.11
1087,26,2.29
1897,29,3.75
1751,27,1.87
872,5,2.29
651,7,3.01
2991,18,2.38
34,23,3.9
2753,19,3.97
867,19,2.74
832,19,3.34
1111,20,2.41
462,3,3.51
2129,9,3.06
322,34,1.8
415,26,4.55
1875,38,2.51
2238,22,3.79
1257,31,3.51
2440,13,3.55
168,18,2.33
1174,18,3.81
2712,14,4.4
1410,14,3.61
2429,1,3.71
1833,25,3.6
2025,20,2.18
1641,24,2.85
898,39,2.98
2912,28,2.94
2110,31,2.34
2576,25,3.57
862,6,2.86
150,25,2.25
2164,33,4.3
824,26,4.32
2113,18,3.41
1453,16,2.42
2358,39,2.64
2754,5,2.49
2902,15,3.63
1454,16,3.24
306,30,2.7
1385,0,2.4
1575,22,3.91
873,6,1.47
169,37,3.92
1483,31,2.26
1604,37,2.75
1031,12,2.71
1735,13,3.95
2636,15,3.2
2810,8,4.1
347,32,2.97
735,37,4.47
1277,5,3.03
2458,12,3.3
543,20,2.72
355,1,3.33
713,30,1.98
584,0,2.15
511,0,2.67
2581,38,1.49
2576,33,1.95
947,5,1.47
1199,2,2.13
2872,10,3.24
78,21,3.77
440,21,3.12
1776,39,4.3
2597,38,2.0
2448,39,3.17
1217,21,2.8
2749,17,3.9
1291,19,2.76
126,26,2.98
1739,2,2.87
2882,37,1.54
2592,33,2.44
502,14,1.74
2872,7,3.82
387,17,3.1
412,30,3.94
1370,25,3.29
2007,33,2.31
1118,1,3.12
2376,35,2.03
2148,8,2.55
2509,7,3.69
1339,31,4.0
2073,26,3.93
1942,0,1.67
2542,13,2.19
353,15,3.29
869,33,3.49
2247,3,1.91
1303,15,3.91
847,35,3.14
1103,18,2.78
1448,21,2.07
526,21,2.81
2589,10,2.85
1680,7,4.04
2525,21,3.31
1879,37,2.2
10,13,2.62
1284,9,1.36
2572,25,3.69
2858,23,3.83
2820,28,2.89
1620,0,1.93
1884,30,3.24
2908,17,3.69
1059,31,4.3
2223,2,2.9
2490,5,3.48
1171,19,2.94
1593,22,2.91
1928,30,3.39
2294,37,3.49
675,21,3.66
1879,2,2.49
2162,9,1.95
1012,12,3.88
794,24,2.07
233,26,3.19
1702,23,3.39
1346,14,2.78
2174,5,1.67
511,7,3.42
1508,12,3.14
2329,5,3.49
798,18,2.72
2951,7,4.37
1307,7,2.47
2699,9,2.92
392,29,3.2
382,37,2.31
2264,37,1.93
2590,32,2.06
606,33,2.19
116,0,3.03
509,3,3.12
2319,6,2.37
1464,18,2.77
1048,33,3.08
776,14,2.8
1067,19,4.68
1194,21,2.96
340,10,1.52
169,19,2.72
1839,21,2.27
1562,13,3.95
2710,3,2.94
2191,3,3.02
575,16,2.41
1629,13,2.34
1743,12,2.59
475,34,3.93
2359,13,3.51
531,13,2.55
991,8,4.23
2121,9,1.24
1418,11,2.97
869,1,3.31
2442,15,4.36
1782,38,2.64
2529,37,3.68
2521,39,1.54
313,36,3.83
1462,35,4.22
952,23,1.97
2372,10,2.36
1013,22,1.59
965,16,2.67
2135,14,4.1
359,18,2.58
695,30,4.25
2245,30,3.43
2804,32,3.66
1409,6,2.68
1142,16,3.84
498,4,3.85
908,34,3.65
2979,39,2.59
462,3,4.08
1618,4,2.49
2282,2,3.98
417,21,3.61
1491,23,4.09
1506,38,3.97
1389,17,3.2
2201,37,2.54
272,28,4.22
392,37,2.57
2595,34,2.88
725,38,3.22
1747,39,2.75
1675,21,2.72
2237,17,2.94
2860,21,3.72
395,17,3.06
662,4,4.44
853,10,2.21
2642,34,3.01
2238,4,3.9
2282,33,2.37
1712,16,2.7
2280,37,3.24
2406,5,3.48
2526,12,3.58
2031,10,3.42
237,31,4.01
1057,5,2.3
2261,23,2.08
1596,12,3.3
2427,20,2.8
1026,34,3.04
909,6,2.47
450,38,2.48
569,14,2.63
2861,5,2.77
1674,27,2.84
2327,19,3.56
214,12,2.05
1775,8,2.76
1309,25,2.83
718,34,3.1
970,15,4.04
2919,28,1.89
1666,14,2.95
2486,20,3.22
2719,17,3.11
904,17,2.56
1451,3,3.3
1456,31,2.91
2940,0,2.71
2437,3,3.09
135,28,3.52
532,31,2.98
2268,22,4.55
333,34,4.05
1154,35,3.97
1626,11,3.72
1449,8,2.19
1322,32,2.75
1528,24,2.43
1709,9,2.51
2405,33,2.19
401,16,1.52
2012,34,1.9
2944,28,2.84
2757,10,1.76
1479,2,1.83
1915,32,3.09
1058,20,2.8
2296,31,3.17
2994,18,2.14
42,4,2.39
801,11,3.08
2171,33,4.74
27,5,2.23
2619,21,1.48
1171,4,1.51
2544,24,2.54
2534,31,4.53
2947,23,3.06
711,16,2.92
2424,11,4.59
2019,7,2.1
665,6,3.63
783,21,2.43
2899,13,3.6
1980,36,4.14
2048,23,4.05
1107,19,2.6
1559,9,3.65
1723,1,1.38
1652,4,3.98
2722,29,4.68
1127,36,3.1
1779,21,3.1
2410,8,4.17
684,36,2.53
1280,30,4.17
2295,30,3.73
2011,6,3.56
1216,34,3.78
1650,9,2.88
2583,5,3.0
1894,13,3.24
314,15,3.11
1397,11,3.15
444,26,3.46
1672,36,4.47
2917,4,2.58
1814,36,2.15
582,24,2.75
2919,30,3.41
1384,18,1.89
548,9,1.92
1132,22,4.12
465,9,4.32
1046,39,1.75
2550,5,2.97
2899,12,3.68
1865,0,1.82
716,7,2.89
892,27,3.2
501,17,3.08
2783,12,4.36
2641,4,3.25
407,19,2.53
1354,8,2.16
703,32,3.65
2334,10,3.02
2195,29,1.29
2842,25,3.17
2010,23,3.01
384,18,2.51
2059,23,2.16
2324,21,2.21
886,20,3.75
1592,18,3.93
964,17,2.87
303,1,3.29
2252,39,2.12
345,16,2.58
1784,13,4.02
826,35,4.47
1290,15,3.16
22,38,1.98
2887,28,2.56
2584,38,2.64
1730,27,3.84
1120,8,2.97
1469,26,3.82
263,23,2.94
2632,20,3.47
2431,3,3.02
1574,24,2.83
2965,5,4.89
392,11,3.08
2937,37,2.15
540,6,3.35
1116,1,2.84
2614,31,3.27
1183,31,2.55
884,12,2.35
228,14,3.04
2521,37,2.62
2420,16,3.21
1400,31,1.91
1577,20,2.9
2085,32,3.1
1958,35,2.89
691,27,3.46
2892,39,2.18
1061,4,4.11
2149,7,2.15
1214,30,2.62
1536,39,3.11
658,14,3.62
90,32,1.65
2953,25,3.75
1163,2,3.68
95,7,3.51
1655,16,3.59
1902,36,1.91
2680,33,4.36
2171,28,2.94
366,20,2.4
2739,13,1.95
1514,2,3.64
2373,31,2.19
2455,34,3.59
996,34,2.59
519,10,3.69
896,13,3.41
1848,33,3.32
2125,11,4.29
2282,20,3.19
830,25,2.1
2634,8,3.15
2532,0,3.23
271,5,1.9
2987,26,3.7
469,37,3.34
2680,35,3.77
2595,27,2.98
719,26,2.5
1008,26,2.47
2318,33,3.79
605,19,3.41
378,38,2.67
177,31,3.09
2322,30,2.81
1715,7,3.17
637,3,3.3
2075,4,3.55
2624,38,3.19
60,5,3.1
2779,20,4.07
661,2,3.07
270,38,3.98
245,32,3.42
660,18,3.59
85,23,3.71
907,39,2.15
1876,39,4.27
2584,9,3.21
2137,6,1.67
2597,5,2.77
854,13,4.23
2943,36,1.1
507,32,3.18
408,0,1.87
1295,3,2.31
524,1,3.37
1518,34,4.06
2655,24,2.13
2496,6,3.45
2591,36,2.74
2997,7,3.89
2398,35,4.54
2900,39,3.49
328,29,3.2
1836,36,3.04
1310,10,2.86
623,28,2.55
2536,29,3.74
1855,36,3.56
2042,1,3.42
1884,37,3.42
2535,23,3.51
2193,18,2.98
756,39,3.98
146,27,3.06
1021,36,2.3
1628,14,2.99
828,1,3.69
1859,3,3.09
627,23,3.37
1296,19,2.36
2582,4,2.94
630,15,3.42
2929,6,1.95
2463,6,1.79
257,26,3.16
2135,26,4.09
905,1,2.81
1460,20,2.83
2618,28,3.26
2790,36,3.87
108,9,2.9
1043,24,2.88
1389,4,4.7
1677,0,1.78
1403,30,3.75
160,18,2.2
100,24,1.18
265,24,1.87
2798,13,2.34
677,30,2.93
799,39,3.07
1083,8,2.29
2231,13,3.5
2707,14,3.75
1471,38,2.46
1325,14,3.84
608,6,3.14
1579,29,2.02
1793,26,3.58
1237,29,2.87
2691,27,3.5
2395,22,2.76
2860,8,2.17
801,26,4.12
1161,11,2.21
1054,17,3.83
2194,18,2.2
1848,24,3.16
1492,35,3.4
2022,6,3.57
503,22,4.14
2847,23,1.4
1215,24,3.85
471,3,3.69
2738,19,2.93
1369,38,2.53
2049,17,2.74
110,2,2.26
1874,13,2.35
894,16,3.35
1770,32,1.74
1088,25,3.92
756,3,2.82
53,14,2.64
2310,31,3.22
1326,24,3.72
2029,11,3.13
1992,14,2.2
2934,35,3.89
2282,27,2.39
73,28,1.56
1381,0,1.67
951,27,3.27
1627,20,1.66
484,18,3.48
1030,25,1.86
877,34,3.04
2006,31,2.48
1832,10,1.68
859,30,2.81
2021,30,2.47
1858,24,3.02
2185,36,3.46
779,23,4.02
628,7,3.07
2603,22,4.1
2791,31,2.57
2618,22,3.79
410,13,2.16
1060,4,2.76
2278,25,2.65
2310,8,2.79
1155,10,2.62
1601,13,2.74
892,38,3.26
448,1,4.58
2234,15,2.81
1653,19,2.44
1298,3,3.03
1687,0,3.16
352,16,3.36
1437,4,3.55
2432,7,1.83
2374,27,3.61
465,30,3.0
2514,16,1.74
1158,16,3.35
2210,5,3.0
556,13,2.58
300,24,1.49
356,29,2.0
1264,11,2.88
564,27,2.74
793,38,2.41
1023,30,1.71
2634,0,3.98
2798,36,2.35
1191,6,3.27
2188,9,2.4
1905,14,1.89
2283,11,3.07
2037,37,3.89
1027,30,4.41
256,7,1.74
2419,26,2.47
2326,11,2.61
2564,39,2.67
2952,24,1.75
1806,21,3.89
1236,27,2.7
270,9,2.91
2524,3,4.15
1552,25,2.79
928,5,3.46
64,36,4.11
460,38,2.49
1040,38,2.76
2612,36,2.51
1043,33,2.96
1349,8,3.32
908,36,3.23
93,1,4.44
773,4,2.57
810,0,1.5
2042,5,3.2
1647,5,3.13
840,4,3.21
488,23,3.52
1748,13,2.23
749,4,2.43
528,38,3.1
1168,30,2.49
554,31,3.91
515,14,1.97
377,19,3.79
1709,30,2.39
484,14,3.85
452,18,3.61
1560,7,3.99
2835,28,3.71
1099,30,1.9
302,16,1.97
1576,25,4.58
1774,24,2.19
1527,15,3.26
999,8,4.1
2066,20,3.84
398,20,2.27
1007,39,2.66
2642,22,3.75
2237,0,1.89
1804,28,2.63
2152,5,3.65
1947,24,3.34
1395,37,2.07
33,11,3.01
2797,27,3.29
2422,6,3.22
2789,29,2.94
1845,27,2.11
1805,8,3.68
890,18,3.15
2504,38,3.27
1894,10,2.81
1667,0,4.0
249,22,2.3
2496,2,4.33
980,1,2.69
1260,35,2.45
2221,30,3.63
1346,21,2.67
2419,38,2.4
1572,13,2.16
2839,2,4.73
2797,17,2.8
787,1,2.83
840,8,3.92
2448,1,2.32
1899,30,3.84
2596,4,2.44
408,5,3.17
2689,39,3.42
64,7,2.98
2622,31,1.73
2468,11,3.64
2194,28,2.26
17,23,2.29
2146,23,2.69
2500,7,3.69
898,32,2.58
1016,34,1.9
1267,25,3.16
479,38,3.54
201,39,2.82
1973,32,1.65
179,18,3.13
2556,18,2.95
453,37,1.63
2318,23,2.16
486,3,1.91
2024,14,3.62
578,16,3.75
338,38,4.33
861,31,3.44
2805,7,3.97
2805,33,2.8
2004,33,3.03
1472,32,2.67
2632,23,4.16
2043,33,3.4
1520,39,1.55
2394,7,3.79
702,2,1.89
293,28,2.95
1174,21,3.87
1606,34,2.46
1569,32,2.08
2844,33,3.09
1880,34,4.18
1022,4,3.16
1284,16,3.14
2125,36,4.21
1134,20,2.64
2865,12,3.24
896,28,2.45
2699,2,2.52
547,25,4.43
1447,10,2.89
2442,8,2.28
2373,28,2.84
151,7,2.81
1660,34,2.64
2044,0,4.09
879,27,1.96
2320,10,3.29
2884,39,2.49
1846,7,3.67
2416,5,3.47
1516,8,1.76
590,11,2.38
588,39,2.96
2620,10,2.68
1392,27,2.25
2128,36,1.83
1910,10,3.49
1196,0,2.59
258,3,4.47
2327,32,1.63
2552,18,3.07
1757,24,3.72
2606,27,3.23
2539,7,2.85
1609,29,2.69
566,18,4.04
1757,2,2.54
1361,36,2.64
2569,8,3.34
2374,31,3.6
1196,14,2.24
2132,10,2.62
2889,26,3.29
1548,0,1.55
1505,16,2.78
1568,17,3.75
2368,17,2.34
2352,16,3.45
2738,7,2.66
2455,38,2.37
1261,9,3.25
1334,29,2.99
2732,36,2.52
233,9,2.06
549,23,4.27
2544,21,1.84
618,25,2.42
2896,10,3.49
1006,18,4.13
2432,24,3.28
1017,3,3.58
642,7,1.75
316,17,3.15
2304,2,4.03
441,10,1.75
1139,12,3.94
2347,11,2.38
915,3,2.89
1148,14,2.3
2304,26,3.2
2699,11,2.85
1742,8,3.45
47,14,3.99
1753,5,2.44
1855,12,3.3
2951,29,3.35
2511,14,2.47
1147,23,4.46
2079,26,2.73
2008,37,3.49
55,6,3.72
2201,4,2.71
456,31,3.6
2334,6,2.56
36,11,2.92
818,30,2.87
1934,7,3.78
1821,20,2.59
1947,25,3.21
256,37,2.66
2226,13,2.71
508,29,1.33
21,15,3.98
2123,37,2.73
719,39,1.95
460,26,3.2
2008,20,2.13
1202,19,2.83
1406,5,2.8
1061,26,3.39
1995,7,3.01
2037,23,3.65
1939,32,3.11
2678,18,3.66
2049,14,1.86
1745,0,4.08
2984,31,2.04
2359,8,1.25
1232,7,1.59
1178,3,3.07
762,22,2.26
683,30,2.46
2363,12,2.49
2355,30,2.16
1528,33,2.07
619,34,3.43
1544,23,4.0
1934,19,2.92
7,30,3.18
2562,28,2.63
349,36,4.12
2965,27,3.04
1031,11,2.72
2548,25,2.89
2523,25,2.46
524,29,4.03
1876,2,3.11
590,38,3.65
2281,20,2.97
2839,27,2.45
2415,32,2.23
1844,36,2.71
56,1,4.02
2058,23,2.1
1939,22,2.81
2195,33,2.75
364,3,2.95
253,23,2.4
2988,9,2.88
1277,4,3.66
1467,33,2.95
736,31,2.99
340,3,2.75
1377,18,2.95
624,37,3.11
705,10,3.28
323,38,3.66
1164,33,3.61
2909,27,3.5
1975,37,3.04
1469,20,3.15
2143,10,2.58
553,14,4.05
1538,21,2.4
790,28,2.43
1174,33,2.61
553,33,3.18
116,6,4.26
632,20,4.05
270,26,3.48
861,7,4.16
291,18,4.45
1458,11,4.0
2057,37,3.18
1775,13,2.13
630,33,2.15
2912,30,2.87
1848,21,2.48
475,3,2.98
537,7,3.14
685,29,4.14
1761,27,3.76
613,12,2.46
2825,24,3.12
1954,32,2.44
2643,14,2.61
2324,27,3.81
2418,23,2.57
2393,38,2.67
2416,3,1.82
1335,27,4.19
731,17,2.06
1625,30,3.55
1509,25,2.16
15,30,3.22
758,39,3.34
2736,19,2.72
4,9,3.4
1870,34,3.18
1393,19,3.22
1489,32,3.27
2581,24,3.11
986,37,4.62
1161,31,3.47
834,26,2.1
2411,36,2.79
1999,22,3.76
1955,18,2.85
1240,5,2.95
1392,22,3.23
2165,22,3.6
1203,30,3.34
2176,6,3.29
1382,1,2.26
78,36,3.05
2789,18,2.67
2822,18,3.49
82,4,3.14
342,15,2.96
1362,20,3.74
2867,34,3.47
2626,26,1.86
96,22,3.19
2625,11,2.63
521,21,3.17
996,39,2.27
357,25,3.95
186,3,2.74
1694,28,2.65
2591,10,2.81
2199,29,4.01
1343,22,2.55
1692,35,2.03
1083,21,3.47
2058,34,3.38
2905,32,2.79
356,10,3.86
2842,31,2.28
2285,36,1.89
2381,28,3.08
17,20,2.03
324,37,3.78
2071,8,3.77
931,30,1.71
459,17,3.79
1484,14,2.14
2569,16,3.46
2767,7,2.56
557,27,4.17
1445,30,3.1
403,11,2.55
457,24,2.11
1507,0,3.47
1522,30,2.97
2445,5,3.03
2188,28,2.81
2569,39,4.15
2794,1,3.61
92,36,1.82
2125,24,2.74
852,2,2.08
1268,39,3.55
845,19,2.91
667,6,3.95
1754,39,2.44
959,36,2.81
989,23,3.25
797,14,2.42
1686,7,4.03
1865,32,4.05
88,38,3.03
1642,21,3.96
2963,19,2.27
1318,35,3.23
2143,1,1.74
551,20,3.3
2447,6,2.59
2815,32,3.14
1078,16,3.68
1952,11,1.42
2291,31,1.72
1134,23,2.77
624,13,3.68
701,7,4.06
2612,8,2.48
162,31,4.51
1993,37,2.89
2083,22,3.82
37,31,2.51
846,21,4.06
2877,7,3.66
2671,36,3.54
1201,4,2.42
2569,31,3.03
105,19,2.92
2204,29,1.43
336,33,1.8
1958,3,2.56
2344,22,3.47
1561,26,3.43
886,29,3.76
69,3,2.93
1351,31,2.3
151,22,2.97
2905,21,4.31
2625,30,2.52
662,4,3.72
1344,34,2.72
757,23,1.71
2500,33,3.58
2618,34,3.28
2683,14,3.57
1486,3,1.51
1988,35,3.72
2410,4,3.16
203,14,2.62
2535,0,4.81
1504,12,3.95
4,27,3.67
1153,21,4.14
2849,13,2.94
977,7,2.32
27,10,2.92
1066,22,3.15
965,6,2.78
2112,8,2.18
72,31,2.7
1506,12,4.14
1897,31,3.62
2948,38,3.49
2316,35,3.75
2143,11,1.3
395,9,3.09
869,7,2.81
2412,20,2.5
117,28,4.12
2212,7,4.03
2925,37,3.87
2838,23,3.6
577,26,3.32
2354,6,2.44
772,1,2.68
200,28,3.52
1756,5,3.36
180,22,2.96
2406,35,3.16
2788,21,3.61
2044,0,3.68
1897,19,3.34
2478,39,2.19
653,17,3.52
678,15,3.93
2302,2,2.95
2989,9,1.34
1689,14,2.49
1603,27,2.43
1120,7,2.11
2215,39,3.94
965,4,3.59
1912,31,2.5
2902,4,3.24
1086,31,2.42
174,29,3.41
1277,3,1.19
624,24,1.48
1239,34,3.15
2463,5,2.66
739,34,2.29
675,26,2.96
2174,14,3.18
2989,24,2.3
2301,2,2.95
1974,25,2.34
2245,0,2.83
1658,0,3.0
413,11,3.25
1480,16,4.39
2824,6,3.77
1383,33,2.62
1124,37,2.31
234,29,2.38
1086,8,1.64
2244,15,4.33
2590,32,2.0
1779,27,2.76
1130,38,2.94
2343,6,1.57
645,32,2.14
1558,36,2.56
2204,16,3.05
406,18,3.15
2944,5,3.44
2774,10,2.68
2786,37,3.51
2845,2,3.72
1707,33,2.51
2602,38,2.41
375,12,3.58
1613,14,3.61
455,24,2.59
202,36,3.18
1756,21,2.94
1476,15,3.59
854,5,2.62
724,12,4.8
1392,23,1.8
2388,31,3.19
262,20,2.07
543,16,3.02
551,36,2.57
1330,28,1.71
1870,39,2.98
638,34,2.35
165,21,2.78
2806,26,2.47
621,18,2.45
1224,32,3.36
51,32,2.93
489,26,3.59
2246,10,2.9
1047,18,3.87
665,5,1.6
1247,17,3.43
1966,35,2.51
1245,30,3.04
2711,21,2.37
266,33,3.3
73,38,3.98
2125,6,4.1
2592,5,2.2
881,30,3.02
435,12,2.28
2029,17,2.5
1089,13,3.29
1985,15,3.31
357,29,2.62
936,8,1.78
18,14,3.28
2724,17,3.47
1590,0,2.9
2623,16,2.63
1793,1,2.36
2799,39,4.19
996,2,2.67
1033,31,1.23
1494,35,2.27
2680,5,1.8
1626,38,3.4
2420,6,4.61
1848,19,3.42
1539,23,4.41
1154,22,2.27
1317,21,2.4
1720,33,1.36
1951,35,2.34
2401,37,3.06
224,22,2.65
2027,0,2.62
1548,31,2.85
2416,29,2.76
1690,16,3.13
1524,33,1.55
1114,31,1.9
2704,39,1.6
1973,37,1.91
1096,22,2.28
433,24,3.37
1372,25,3.91
1287,7,3.81
1295,34,3.17
509,24,3.77
508,33,3.91
617,31,3.55
420,12,1.9
1096,25,2.63
74,9,2.67
1679,38,2.78
2622,22,2.87
146,10,3.41
2094,4,1.8
1765,4,3.27
1133,2,1.26
121,4,3.54
1067,34,3.75
1964,2,3.62
2147,14,2.78
706,25,2.27
2359,13,2.16
1238,1,4.12
2471,24,2.92
1935,16,2.24
1883,9,3.34
2320,12,2.13
2873,39,1.26
1126,24,3.32
210,25,3.62
739,37,3.93
2841,2,1.97
1046,19,2.72
2808,30,2.2
159,26,2.76
741,16,3.76
1954,10,3.45
2391,12,3.76
1424,7,2.86
699,36,1.96
1874,28,3.24
2445,9,1.89
2584,33,1.6
141,20,2.85
240,25,3.54
292,18,3.93
2865,36,4.44
82,7,2.6
2608,34,3.17
2918,2,4.04
2219,30,3.49
1798,35,2.77
977,25,3.36
580,4,2.59
2574,31,3.29
2590,15,1.68
2158,18,1.82
1800,7,4.03
1462,9,2.1
322,11,2.05
2948,24,3.03
714,25,3.34
2132,16,3.96
2424,0,4.08
1891,35,3.8
1280,7,3.52
2634,9,1.64
1679,9,3.72
2148,36,3.68
2177,11,2.58
918,15,3.85
2267,7,3.62
2525,36,1.49
1807,35,3.17
2070,38,3.53
560,29,4.2
629,5,2.22
1353,28,1.97
1912,13,3.52
1809,13,3.55
2387,25,3.07
1896,10,2.86
2227,38,4.25
2469,18,2.13
1007,6,3.47
49,38,2.11
1851,16,2.91
1930,21,2.75
2815,24,4.34
2078,31,3.42
2133,20,2.73
2837,32,2.75
1526,7,3.54
1570,2,3.29
329,16,2.67
2658,30,2.71
434,9,3.09
588,21,2.53
1711,4,1.37
1877,8,2.52
1273,23,2.86
1876,4,2.25
2738,23,2.84
2046,32,2.61
1599,25,3.25
2473,30,3.43
2818,33,2.95
512,2,4.02
1409,35,1.92
1412,18,2.59
1839,13,3.09
1012,36,3.89
1473,33,3.49
564,30,2.72
303,10,2.25
2147,7,2.32
1330,25,2.74
2605,4,4.27
2090,4,2.95
2516,27,3.66
2488,19,2.21
2375,27,4.42
2617,34,2.27
2024,24,3.97
2081,26,4.03
412,16,3.17
1650,24,3.84
2860,9,2.05
508,30,1.74
56,25,3.33
1748,26,4.3
2594,37,3.04
196,36,2.56
2461,21,3.48
2685,7,2.54
1791,20,3.16
1681,17,1.9
1107,22,2.91
2790,13,2.16
2185,22,2.39
539,19,4.57
689,37,4.18
719,1,4.0
2981,24,2.57
306,14,2.72
1335,37,2.52
388,10,2.05
725,16,3.2
2040,23,2.22
1890,39,3.22
915,12,3.18
2597,37,2.83
2554,6,3.68
2436,2,2.22
2341,25,4.45
179,8,3.07
2720,5,2.3
1904,37,2.24
1705,13,3.83
80,0,3.4
447,10,4.27
766,0,4.0
1089,3,2.22
1396,39,2.16
2551,11,2.74
570,4,2.33
96,33,3.05
1557,35,2.17
1284,4,3.14
2633,30,3.34
248,31,4.32
2175,22,2.78
2547,9,1.95
2094,10,3.06
982,18,3.12
268,39,2.59
1664,23,2.92
1566,29,2.86
2142,26,1.84
736,33,2.55
2660,39,2.18
2119,28,2.69
2641,22,3.8
449,14,3.29
1934,33,1.67
1836,39,3.4
620,13,2.69
614,2,2.58
1434,30,1.75
2139,32,2.78
1533,9,3.38
877,20,3.2
2576,7,2.58
1134,28,2.02
775,33,4.4
672,14,3.61
2813,13,1.6
1631,38,2.13
2048,38,3.67
361,37,2.85
2426,33,3.01
2393,31,2.39
798,38,4.3
1784,13,3.47
2503,30,3.33
2956,21,3.7
67,33,3.55
1582,12,3.22
2091,30,2.66
2277,6,2.58
1975,20,2.37
1837,19,2.42
234,35,3.06
1223,9,4.51
2545,23,2.52
2896,29,3.06
1056,24,4.91
2161,37,2.05
973,33,2.64
1854,39,3.04
459,5,2.32
1170,12,2.27
1381,30,2.91
6,36,3.86
494,22,2.07
2119,15,2.13
939,29,3.84
1364,20,3.13
2722,19,2.03
1057,34,2.15
143,6,2.75
736,21,2.67
2774,22,3.11
1704,7,1.96
1885,21,3.11
2265,4,2.96
1925,15,2.31
2482,32,2.4
1891,11,3.4
2882,11,3.18
2768,19,2.69
942,31,2.68
1616,1,4.03
2955,11,2.85
1916,19,3.18
1969,18,3.29
55,29,1.66
1472,7,3.15
1059,36,2.7
2909,0,2.11
1007,4,2.39
1221,36,2.45
566,4,1.56
771,39,2.36
1798,35,3.06
1879,11,2.65
878,36,2.89
2872,14,2.32
514,18,2.51
1618,0,3.81
2910,30,3.22
422,17,2.75
1976,33,1.98
517,25,2.26
2033,17,3.33
705,34,2.94
1674,7,3.7
2857,7,2.71
2092,18,4.01
858,5,3.68
2849,13,2.49
219,11,3.15
568,7,3.33
1778,7,2.27
2956,34,1.94
258,13,2.29
1537,18,1.32
961,30,2.66
1401,22,3.13
893,10,3.09
2337,31,2.89
972,19,2.47
103,18,3.7
2852,14,2.46
1108,13,3.18
1956,32,2.63
1050,19,2.75
1759,27,4.25
1446,25,1.6
1678,30,4.19
2350,17,3.4
1322,32,1.57
1079,14,2.43
56,33,3.58
1015,15,3.16
2422,9,2.09
831,34,1.96
920,31,2.9
457,16,2.34
132,38,1.84
493,5,2.91
1578,22,2.5
1888,38,1.57
2158,36,3.85
582,16,3.9
796,23,3.82
1884,35,3.62
1203,28,3.54
1949,7,3.94
810,10,3.82
2934,3,3.81
773,14,1.8
1125,21,2.49
2985,20,2.64
573,31,3.41
1207,23,3.52
809,38,2.07
879,29,2.68
2461,3,2.22
1742,20,4.03
830,30,3.49
2614,20,3.47
1716,28,2.72
2152,1,2.81
1150,1,2.55
1570,15,3.75
677,28,2.75
945,23,2.18
1834,33,3.34
2318,1,2.74
2514,19,2.81
801,9,2.26
1142,7,1.38
1116,37,3.01
1636,39,4.17
2032,24,2.06
1509,1,2.62
1111,8,2.23
234,34,2.35
913,4,3.01
1148,38,2.79
1227,11,3.36
1056,23,1.7
2405,34,2.55
1575,11,4.03
94,0,2.43
1546,24,4.44
1751,17,2.36
2292,5,2.96
58,32,3.44
2368,36,3.16
1043,8,1.93
357,2,2.76
2165,6,3.94
1160,1,2.69
296,3,3.38
525,6,3.63
1125,10,3.06
1618,25,3.54
1624,39,4.07
1129,22,2.92
1666,20,3.72
1550,3,1.91
401,23,4.02
1596,21,3.05
1990,38,3.44
2787,28,2.57
529,22,2.23
2605,37,2.73
2598,38,2.22
2408,13,3.14
64,32,2.93
2813,29,3.96
2822,22,1.7
2672,14,2.67
102,28,1.84
2609,23,4.36
2892,1,3.64
1181,34,3.03
1819,11,2.67
1414,27,1.96
2887,17,3.2
2729,17,2.36
2693,25,2.81
399,38,2.8
405,32,2.26
2874,30,3.63
2695,8,3.01
2083,26,3.78
2468,15,3.03
377,17,3.61
220,13,2.6
1922,23,3.79
2745,38,3.38
1541,32,3.71
1607,25,3.21
2390,31,3.78
753,33,3.32
1887,0,2.58
2464,2,2.92
2986,7,1.98
680,6,3.19
748,18,3.53
2854,22,1.79
1322,16,3.17
2360,11,3.48
1767,3,3.23
55,12,2.06
694,7,4.68
534,12,3.43
1819,8,2.82
105,35,2.31
2342,12,4.04
2928,4,4.06
2599,8,3.26
911,38,3.54
2423,29,3.48
450,22,1.85
1469,14,3.32
1416,3,2.99
812,29,3.25
390,18,3.26
1236,0,3.39
2715,26,3.11
1709,28,2.15
1745,9,4.01
1146,1,3.34
2189,29,3.01
1476,26,3.37
2922,36,2.42
1856,9,2.1
1750,3,3.75
1584,12,3.82
1320,6,4.13
843,34,3.38
1605,4,2.04
2645,2,2.19
1306,18,3.91
952,12,1.56
552,34,3.24
2005,27,3.17
1120,10,2.65
2022,14,1.71
2421,17,2.59
2696,25,2.51
1097,4,3.32
1837,10,4.02
1809,8,2.22
1705,13,1.97
2381,17,2.36
2441,32,2.49
1125,16,2.04
1383,11,2.58
1771,21,3.17
1642,4,2.49
2443,17,2.99
35,21,3.6
2205,35,3.21
904,3,3.5
396,4,3.49
207,15,3.32
1781,8,2.27
1629,37,4.52
2669,5,4.58
1330,22,3.41
1650,36,1.63
1560,18,1.72
805,31,4.27
2510,3,3.27
252,33,3.81
1291,35,2.94
2915,34,2.11
209,30,2.77
955,4,3.17
2587,34,3.33
2028,10,3.69
835,39,3.35
2551,2,1.97
956,37,2.89
514,17,2.61
580,16,4.26
1938,7,1.96
1172,12,2.74
1998,32,4.13
2888,23,1.36
1666,24,3.51
2131,22,2.91
2204,28,3.49
2501,21,3.75
1643,5,3.03
1212,9,1.43
617,18,3.12
2672,14,2.05
1498,32,2.08
507,33,1.94
1295,14,1.58
622,2,4.76
1952,15,3.94
1460,6,3.87
293,26,4.22
655,28,3.01
2985,2,2.96
2805,28,2.75
2715,4,3.16
2108,8,3.83
1622,32,2.81
2375,24,3.52
2847,34,2.55
785,39,2.78
767,0,3.15
519,12,3.22
2686,39,3.34
2131,32,1.99
28,25,3.34
266,39,3.36
1307,9,3.22
2445,34,3.93
2811,6,3.85
980,5,2.71
1724,30,3.04
811,1,4.5
581,36,3.63
1862,19,2.19
611,24,2.68
193,8,3.21
2275,24,3.26
451,13,2.88
1206,21,3.83
932,15,4.18
1351,9,2.97
1629,2,2.42
2703,39,2.52
203,26,3.93
402,24,3.82
2028,12,2.66
1668,8,2.37
2520,19,2.63
1670,5,3.67
890,10,3.06
179,29,2.17
1722,8,3.65
1980,7,2.84
2511,0,3.39
2883,11,3.69
2657,7,3.14
1570,13,2.66
926,36,2.41
1427,33,2.2
2045,10,3.85
1417,14,3.17
2984,14,3.18
2348,26,3.14
351,6,2.92
187,33,3.53
2671,11,3.27
1433,16,2.84
2119,20,3.29
1968,21,1.62
309,11,3.1
2225,34,3.11
427,9,3.31
2788,17,2.45
531,30,2.72
2466,30,2.08
248,6,3.3
2257,20,3.13
216,20,2.01
713,22,2.05
438,30,2.93
1793,35,3.42
1642,5,1.69
2359,29,4.23
383,20,1.86
981,39,2.47
1295,6,2.87
121,38,3.0
407,37,3.6
245,18,3.49
66,6,2.92
2990,7,2.47
228,26,3.34
882,36,2.98
2185,12,2.35
2242,15,2.85
706,36,3.36
658,22,3.04
2705,10,3.79
1513,22,1.8
930,37,3.0
1728,2,4.42
2604,26,4.28
1181,37,3.37
958,2,3.56
1040,34,3.39
1102,25,2.88
2100,37,2.65
514,8,4.32
744,5,3.67
1406,13,3.38
1833,21,2.48
2740,21,2.51
543,3,2.7
2458,8,1.88
2203,3,3.63
2681,37,1.66
2099,9,2.65
1712,1,2.52
1928,18,2.94
2572,28,3.19
355,4,2.35
2850,37,3.06
1229,6,2.87
1755,11,2.97
2888,31,1.45
2304,30,3.12
248,33,3.8
533,20,4.34
2089,11,3.27
790,36,2.72
1301,2,2.45
1948,27,3.37
2243,7,3.45
1095,6,4.21
1359,8,3.08
308,31,2.59
1451,5,4.57
2124,31,2.56
787,26,2.5
2843,30,2.98
1549,12,2.29
1899,36,4.38
1665,1,4.18
2278,4,2.08
2133,34,4.62
1186,12,2.94
2445,33,3.97
1395,19,2.47
215,27,2.71
377,38,3.69
2460,6,3.5
2848,3,2.75
1207,15,3.56
410,1,2.99
216,8,2.72
752,34,2.46
349,20,2.72
2879,36,3.92
654,10,3.84
1775,19,3.76
3,35,3.42
1118,13,2.83
1083,14,2.51
2788,23,3.49
407,30,2.83
2066,28,2.81
1518,20,2.35
751,16,3.86
1896,28,3.69
2634,32,2.85
888,0,3.34
2380,28,1.94
1013,26,3.44
169,0,3.42
2824,11,2.59
1696,29,3.0
849,34,3.63
1705,7,3.05
941,29,3.11
206,3,4.54
1893,26,1.99
521,7,4.0
1018,35,2.54
2352,15,3.0
2163,1,3.21
2712,20,2.75
2135,10,3.14
743,18,4.38
2476,17,3.0
1722,39,2.56
450,38,4.57
786,31,3.1
2763,3,2.66
2,18,3.87
1102,35,3.39
1348,4,3.92
2791,5,3.2
1122,11,2.9
2158,13,3.15
679,34,1.97
1833,32,1.7
371,27,4.47
2938,33,2.91
2647,16,2.62
1046,27,3.19
722,0,1.76
305,13,2.32
924,5,2.85
1296,28,3.21
836,29,1.95
2494,10,4.06
2980,13,4.76
2326,39,4.67
2425,17,2.01
2280,37,2.31
2640,25,3.23
426,14,3.58
1993,16,1.86
1827,30,3.75
2489,25,2.66
2082,21,2.25
2377,2,3.44
2893,23,1.98
454,33,3.93
764,37,1.95
1149,6,3.52
523,0,4.51
482,39,2.72
2365,29,3.04
122,1,2.6
581,36,1.82
2535,29,3.48
2173,24,2.97
1835,21,2.88
2707,18,3.18
1101,19,3.93
2628,22,1.3
718,19,3.29
2818,5,4.02
2952,6,3.08
406,39,2.96
1267,36,3.92
1485,38,3.62
277,9,2.8
1493,17,1.48
1249,6,3.67
2973,34,2.88
1125,6,3.76
2902,24,1.82
1658,38,3.23
1754,17,4.42
507,36,3.56
237,10,3.28
752,15,2.66
2554,21,1.92
165,30,2.42
2894,10,2.18
1693,22,3.78
1957,38,1.8
2776,9,3.82
1769,17,3.12
2424,9,3.17
1456,38,3.98
2131,29,2.63
431,10,3.23
2526,8,2.94
783,7,2.09
2417,21,3.52
955,7,4.15
1993,31,2.49
1660,38,2.5
141,2,3.64
720,22,2.44
1651,32,2.7
1977,24,1.79
1016,29,1.6
288,39,3.88
2403,6,3.62
343,34,2.64
2197,20,4.04
2258,2,3.47
2702,15,4.04
976,16,3.9
2584,13,1.95
1824,33,3.14
331,8,3.12
365,21,2.25
11,12,4.0
509,29,2.16
2628,32,1.75
1469,25,3.17
1114,28,3.96
622,26,1.98
901,35,3.91
1472,22,2.03
2766,16,3.43
327,16,2.36
74,8,4.18
251,7,2.98
2498,4,3.6
906,18,1.8
2403,31,4.29
533,1,4.28
296,16,3.23
298,32,3.77
1352,38,4.35
302,0,3.47
512,38,2.11
585,27,2.48
2422,0,4.39
1118,10,2.88
2180,3,2.91
1635,15,3.48
910,38,3.19
1934,18,2.74
53,6,3.39
1520,16,2.29
2277,39,2.92
2688,10,1.8
2845,20,2.94
791,6,3.57
1528,7,2.25
495,30,4.06
853,18,2.84
2719,27,2.87
1095,27,2.11
2237,25,1.99
663,15,2.02
8,8,2.62
2380,22,2.87
666,4,3.24
669,24,2.1
1286,27,2.33
161,9,3.02
2399,7,3.84
2365,13,2.66
937,28,1.27
18,28,2.87
2534,11,3.3
2415,35,3.05
351,11,4.26
2576,5,2.79
872,12,3.74
1459,20,2.29
2981,28,4.13
2318,16,3.59
2919,15,3.25
1092,24,1.71
1054,20,2.19
316,1,3.35
1845,36,2.43
737,14,3.15
2212,20,2.61
2974,26,2.53
320,12,4.35
1038,9,4.45
2327,9,3.08
432,33,3.12
2716,22,3.33
634,14,2.82
1706,35,4.08
2570,9,3.93
2406,20,2.91
1037,23,2.87
725,32,2.63
673,38,4.0
2280,10,2.86
471,39,3.74
2687,5,3.61
2608,15,3.8
2621,34,3.28
602,2,3.01
1383,15,3.79
2303,13,3.24
2650,21,2.57
1539,18,2.85
280,32,2.96
2165,37,1.54
2658,19,2.67
1186,6,2.2
2900,39,1.67
1911,34,3.61
2014,39,2.63
2346,29,1.76
916,4,3.01
1618,4,2.29
1382,38,2.77
1684,6,4.26
2566,20,4.2
2426,1,3.18
426,34,3.3
1788,15,1.29
2585,30,3.16
553,20,1.8
169,6,3.54
515,21,1.89
1707,34,3.58
430,32,4.23
2617,18,4.36
2131,15,1.91
2378,20,1.47
691,34,4.12
2505,24,3.7
353,38,3.95
2392,28,3.66
1118,24,2.66
1406,1,3.03
2810,17,2.32
1319,19,1.98
2246,14,3.07
79,11,3.51
678,23,3.42
551,1,2.39
820,5,2.94
214,23,3.58
1667,12,2.03
669,12,3.17
989,30,1.84
894,19,2.53
159,8,2.73
2787,31,3.92
2605,25,2.37
2249,4,2.92
22,26,4.07
1765,3,2.43
1930,9,3.44
1262,8,2.93
1173,33,3.99
785,0,3.55
1603,8,3.38
2055,8,2.02
1257,35,3.68
1893,24,3.16
2852,35,2.85
2816,16,3.11
579,33,3.21
1101,11,2.55
489,15,2.0
926,32,3.65
2135,8,2.51
1788,12,3.29
1991,24,3.78
222,38,3.89
2461,10,4.27
2632,3,2.84
2250,10,1.57
2619,5,1.21
2269,29,2.61
2205,20,2.89
1749,24,4.51
2177,25,3.49
1267,3,2.13
1196,16,2.02
1527,11,3.01
1504,22,2.7
877,34,3.78
2318,35,3.55
163,28,2.56
955,28,1.96
24,33,1.77
2545,0,2.89
193,23,3.67
878,13,3.0
390,28,1.95
2545,4,1.3
964,9,2.87
2854,4,2.95
2177,37,3.27
2601,23,1.4
2409,7,3.96
765,23,3.12
1974,6,2.09
1239,10,3.78
2335,25,3.21
768,13,4.32
2973,19,2.4
2417,1,3.1
1493,26,2.2
899,10,2.93
1085,35,1.75
2310,35,3.11
788,17,3.94
111,1,3.03
1853,19,2.11
2990,13,1.36
141,13,2.87
745,14,3.54
2583,11,2.06
79,22,4.2
1518,23,1.55
2557,31,3.27
971,19,3.88
66,2,2.65
1534,25,3.06
1395,8,3.11
287,2,3.17
123,29,2.67
2603,25,1.6
1004,17,3.53
4,3,4.19
1840,35,4.08
412,14,2.81
250,9,3.69
1511,12,3.09
1918,13,3.83
1357,33,2.79
2501,32,4.32
158,1,4.27
1601,25,1.83
2885,18,2.85
1611,1,2.5
1464,24,2.47
978,7,1.82
2383,17,3.33
1262,26,2.27
153,12,2.87
1630,39,3.93
2797,27,2.76
2882,6,2.76
2856,12,3.49
2806,0,3.86
1056,33,2.86
2580,16,3.9
53,10,2.01
2766,10,2.49
1755,4,3.91
1329,23,3.89
2393,38,2.79
1,3,3.27
167,10,3.26
2365,25,2.62
965,26,1.33
2946,7,2.58
1886,37,3.25
273,33,3.21
1693,2,3.62
2421,38,4.23
900,6,2.63
2249,29,3.34
2188,15,2.59
2354,34,4.34
1220,6,3.64
360,35,1.81
2355,20,1.57
2040,19,2.49
2381,21,3.21
334,27,2.63
2565,24,2.37
731,1,2.76
2972,17,2.52
2814,31,2.58
1498,33,4.52
1418,31,3.39
1744,21,4.67
2833,20,3.81
1601,17,3.21
1404,14,1.83
21,12,2.55
1974,24,4.62
879,37,3.05
177,5,3.36
1387,19,2.97
2070,8,1.68
2885,27,3.45
2596,23,3.25
2298,23,2.84
661,31,2.54
3000,4,2.25
1200,21,3.5
126,25,3.08
1270,16,3.25
611,15,2.16
1295,6,3.74
1010,4,2.8
2092,7,2.04
1758,6,1.73
1965,15,3.58
548,13,2.7
1192,13,2.57
2483,21,3.74
1054,6,2.59
2842,6,1.69
1621,34,3.66
2405,7,3.55
1823,25,3.49
1272,14,2.88
1720,27,2.89
253,36,1.63
2833,12,2.17
2769,19,2.4
1560,21,1.68
737,17,3.41
2047,0,2.52
900,36,2.92
1929,17,2.79
2171,8,3.38
1318,36,3.21
2733,24,3.78
2191,6,3.13
1003,27,3.01
2986,14,1.44
1923,38,2.59
2559,31,3.12
1972,18,2.69
2105,37,2.76
42,1,2.93
2869,1,2.94
1848,31,2.82
343,28,2.61
332,17,2.84
1461,10,3.42
341,26,4.11
2389,4,3.55
2897,36,3.02
2230,17,2.69
1701,35,1.44
1288,11,2.52
1234,30,2.74
2571,24,3.66
2230,3,1.62
1468,29,4.37
2299,4,2.82
138,18,3.34
2799,28,3.33
2502,15,3.0
2931,16,2.4
87,5,3.15
1834,16,2.7
2341,7,2.63
2140,2,4.37
208,9,3.56
2234,35,3.92
1851,26,2.97
1688,23,4.28
2204,35,2.19
2341,8,4.43
2581,7,2.86
2209,1,2.38
1509,9,3.48
1527,2,2.43
851,15,2.44
2204,6,2.65
2191,37,3.13
2610,13,1.93
2083,8,3.89
224,26,2.54
2716,11,3.3
2441,28,1.87
2456,7,3.47
1412,1,2.92
1720,29,2.93
297,15,2.69
323,9,2.76
1878,7,1.43
1512,8,3.53
2087,9,3.41
505,17,1.45
2801,35,2.54
1561,36,2.79
1366,26,3.54
2288,25,3.4
687,16,2.4
2018,37,2.63
1469,35,3.43
740,15,2.68
997,3,4.12
2535,17,2.25
2813,20,1.72
1435,7,3.38
1916,11,2.18
623,36,3.66
2784,9,3.29
298,2,2.97
1076,12,4.02
2781,5,3.1
304,36,2.52
1312,25,3.27
664,37,2.97
2947,4,2.57
1142,37,1.67
1993,8,3.87
2839,0,3.31
2695,26,2.36
209,30,3.92
1317,2,4.17
519,0,3.31
2125,0,4.27
338,17,2.14
2911,26,4.0
1814,8,2.59
1870,26,3.29
913,35,2.63
807,29,4.73
1316,22,2.61
1295,3,1.29
572,18,1.91
2472,11,2.85
1680,25,3.12
2721,28,2.95
1040,34,2.66
926,23,3.17
1785,17,4.33
98,26,3.68
1640,27,3.33
2348,39,3.58
747,28,2.9
1446,28,3.1
1331,5,2.94
2322,12,3.35
261,7,3.76
1263,20,3.01
936,26,1.66
1798,23,4.2
332,17,2.24
115,12,2.93
268,38,3.49
2060,10,3.3
73,32,3.75
1016,15,2.72
2922,31,2.32
2454,6,2.06
178,39,3.99
2000,25,3.54
772,1,3.01
946,39,3.63
400,18,2.57
270,35,2.07
1856,27,4.63
1656,12,2.79
2534,0,3.85
59,33,3.42
2690,4,2.36
887,17,2.87
266,18,4.34
2123,5,2.4
2023,11,2.96
505,4,1.58
2405,37,2.71
2202,6,2.79
1924,6,4.65
486,14,2.41
1564,33,3.45
1154,33,3.04
66,23,2.61
2428,36,3.52
1337,16,2.95
407,4,2.35
277,35,2.24
2663,9,3.45
2362,7,2.13
2597,4,3.55
1273,39,2.02
1969,36,1.51
461,32,2.49
2447,0,2.05
2499,37,2.84
2519,26,4.38
1668,28,2.89
1583,33,2.78
956,21,1.53
707,17,3.04
103,39,3.74
2376,35,1.6
2649,32,2.85
2294,11,2.64
2153,20,2.95
2740,3,2.25
972,20,3.45
1326,6,1.5
153,6,3.63
957,15,3.18
1130,23,2.29
730,25,2.52
74,1,3.46
856,30,3.32
2333,23,3.58
1574,2,3.81
280,9,4.02
787,25,3.09
686,10,1.95
1580,18,1.7
969,24,3.04
2339,6,2.81
2034,9,1.88
2980,5,2.49
1166,10,3.12
768,21,2.84
2360,17,3.3
646,38,3.6
26,10,3.6
1935,35,3.91
2303,7,3.2
1759,4,2.97
1080,0,4.42
2341,0,3.11
637,13,2.45
230,12,2.84
2101,39,1.67
101,39,2.23
1491,36,1.55
804,20,4.22
869,33,4.33
2315,4,2.39
1819,19,2.88
2,18,3.57
22,35,2.77
2626,30,3.59
2260,27,3.16
1904,26,2.02
2577,5,3.39
2436,22,1.9
14,30,2.32
519,26,3.39
1936,27,3.79
616,16,2.52
962,16,3.21
2451,12,3.12
287,24,2.73
2432,12,2.74
1924,22,3.92
1115,14,1.33
826,28,3.04
2360,37,3.6
2774,12,1.88
2091,35,2.62
1098,27,2.14
2802,18,1.98
993,31,1.81
1585,35,2.15
1904,24,1.35
876,18,2.0
734,38,3.82
1886,0,3.73
144,13,3.87
2257,15,2.49
1123,22,2.18
700,17,3.06
114,2,1.93
2223,33,2.06
271,15,2.78
63,34,3.29
1008,8,3.04
2844,19,3.84
1428,1,3.55
2273,2,3.48
1983,8,2.54
2209,39,2.43
2429,13,4.0
318,16,3.39
2756,37,2.42
2504,25,2.14
1293,10,3.01
2392,37,4.17
1064,33,4.29
414,34,2.3
1246,19,3.29
1305,8,2.7
225,28,1.95
1481,21,2.99
1178,13,2.54
2328,35,4.81
1377,11,1.97
2777,34,2.02
621,33,3.52
2621,39,3.95
2537,29,4.29
1008,1,4.53
1969,26,3.25
2985,25,3.97
1222,5,4.0
1300,10,3.64
1196,30,3.98
2832,15,3.52
508,1,3.16
405,29,3.54
1295,39,3.9
1959,17,3.8
2820,36,2.83
664,28,3.67
2179,26,2.98
1650,15,2.68
1409,18,1.47
1758,12,2.42
1874,32,1.88
1320,5,2.01
1407,9,2.75
1419,17,4.03
1578,23,1.71
1284,34,3.83
281,26,2.67
2468,34,2.9
1216,36,3.39
637,24,3.33
1452,20,2.48
808,38,3.99
2396,7,1.7
429,32,2.94
1416,3,4.61
2595,27,3.02
2988,8,3.91
2450,28,3.05
665,19,3.54
750,34,3.71
637,6,4.24
2927,23,4.08
2135,25,1.72
515,37,4.44
1004,22,2.97
2909,22,3.32
1321,22,3.16
2964,32,2.41
2499,20,3.49
1367,38,4.5
341,31,2.12
1485,9,3.31
1416,2,3.46
1561,3,2.63
1575,33,4.08
2469,21,3.43
2429,32,2.78
2053,9,3.9
2696,34,3.83
2028,11,4.46
316,1,4.17
1846,2,3.11
1102,13,2.55
531,5,3.33
2403,7,2.15
1860,18,3.15
662,3,2.2
1296,34,2.23
1220,4,2.5
127,7,2.27
349,6,2.79
1767,0,3.64
1068,2,2.89
2790,38,3.11
728,36,2.25
244,23,3.64
2057,32,3.32
1786,35,3.81
712,34,3.96
2894,26,2.13
86,25,2.99
1509,16,3.04
271,5,3.48
1798,36,3.27
2561,4,2.95
1044,23,2.41
2178,15,2.66
838,12,3.52
2818,1,1.91
2900,5,3.76
1777,21,3.78
937,16,2.78
1334,38,2.51
1833,26,3.09
1651,6,3.44
2949,26,1.89
2521,34,2.95
2386,8,1.87
319,30,2.9
1537,0,1.82
1049,16,3.66
2769,26,3.6
143,7,2.26
1733,1,4.13
2705,11,3.86
1173,30,3.0
1717,22,2.57
2519,31,2.37
363,13,3.29
650,29,3.47
2257,0,3.77
549,5,2.5
1136,22,4.08
263,23,2.58
1202,9,3.91
766,26,3.69
2049,24,2.99
2196,23,2.68
876,18,3.59
1860,26,4.21
1153,19,3.02
2561,33,3.34
1923,7,4.41
629,5,2.93
1526,5,2.38
1725,15,2.63
653,22,1.58
2037,21,2.64
1129,27,3.21
466,31,2.91
764,29,1.6
1020,18,3.34
929,31,3.88
2842,8,4.03
2948,2,3.78
1382,28,2.9
675,32,4.15
1009,27,2.0
1227,30,2.67
1636,15,2.69
281,12,3.1
2964,2,1.95
1281,20,2.72
324,3,3.7
2839,11,3.55
1686,39,3.91
1086,33,3.15
2235,7,3.04
2963,30,3.37
542,13,2.92
2945,6,3.79
1328,10,2.77
1811,12,3.03
639,38,2.01
436,5,2.8
2261,6,3.25
1430,34,4.12
2866,23,2.38
962,34,4.38
1158,4,3.23
917,15,3.89
2963,20,3.48
2469,19,2.15
2367,29,1.5
2236,13,3.91
1500,35,2.8
2210,25,2.9
129,31,3.08
304,7,3.23
917,11,2.79
1186,19,4.05
922,5,3.63
1060,34,2.84
1251,33,2.87
2199,32,2.74
593,13,3.13
2095,5,3.69
940,27,3.47
2708,21,3.67
2279,11,3.49
1563,7,3.23
1002,34,4.1
2213,8,3.7
2772,37,3.25
2868,30,1.47
1611,3,2.48
1628,4,3.0
1598,34,4.5
1104,22,2.52
2188,9,2.68
2448,20,2.91
1956,3,1.14
130,14,3.62
2814,2,1.67
2494,8,1.85
29,28,3.73
1226,22,2.6
1261,3,2.52
1632,13,3.21
799,0,2.57
1363,37,4.67
1423,25,1.78
2337,17,2.85
100,5,4.4
1940,18,1.93
422,15,1.75
2691,17,2.32
694,27,2.67
706,10,3.13
18,28,4.61
2519,16,3.89
2771,24,1.76
1031,23,3.14
2467,27,3.22
380,5,1.38
2556,11,2.67
114,30,3.74
2900,18,3.42
2559,23,3.34
1620,1,2.8
851,8,2.87
1897,7,2.81
976,21,2.45
2662,3,2.9
2517,29,2.39
93,9,4.27
1516,11,3.96
1126,24,2.63
493,9,2.38
2811,28,4.57
1509,38,2.14
2527,38,4.17
2925,7,2.06
2036,13,3.17
167,24,3.06
140,29,3.85
94,25,3.59
576,13,3.58
606,16,1.77
1819,14,3.04
1156,28,2.63
584,17,2.22
816,16,2.45
1928,38,1.79
2641,35,2.59
1536,39,2.61
2734,19,4.09
963,23,3.41
1076,6,2.23
2048,4,3.63
1314,28,1.67
446,36,2.89
2285,18,3.37
1515,14,3.68
1068,25,2.02
882,29,2.36
2814,7,3.33
937,10,3.22
1949,26,3.15
2407,24,3.7
2694,6,2.74
1550,19,2.08
2738,2,2.94
462,28,3.4
101,39,3.27
2740,16,2.04
2817,39,1.23
2316,15,4.21
2931,34,2.97
408,10,2.21
2516,34,1.79
1740,32,2.3
259,30,3.98
509,11,3.6
1691,2,3.51
309,0,2.66
625,33,2.43
2158,14,4.34
679,0,2.24
1284,26,3.82
1681,23,1.25
742,6,2.12
907,22,2.28
268,0,3.84
2031,28,3.19
940,17,4.38
811,22,3.58
1201,4,4.31
2152,34,2.64
1260,32,4.35
1117,11,2.17
2249,11,3.41
1835,0,1.12
899,23,3.95
2791,4,4.19
925,14,1.87
1791,18,3.69
2645,3,2.46
1059,6,3.32
688,35,2.4
1482,21,3.66
1495,1,3.61
1959,37,3.55
2968,32,1.99
788,13,1.34
399,4,3.83
2645,1,3.0
2165,0,2.48
362,1,1.63
204,24,4.14
2492,11,3.17
727,28,3.9
2039,31,1.8
1641,32,2.51
2909,2,1.82
2916,16,4.4
1605,23,1.75
767,27,3.77
1255,20,4.25
1227,9,4.03
2410,38,3.63
395,3,3.21
248,34,2.65
914,39,2.72
1420,15,3.24
2809,30,3.54
2704,36,3.14
1819,32,1.67
356,18,3.07
241,18,1.67
1911,1,2.23
2277,9,3.55
621,6,2.35
2979,32,3.24
1563,26,1.55
855,5,3.4
2577,1,3.84
2315,26,2.48
2268,34,3.96
1106,10,3.99
2609,4,2.3
1351,0,3.16
1061,39,2.32
382,29,2.49
1936,15,2.36
2087,37,3.85
1133,23,4.34
2477,31,4.13
2839,25,4.26
2080,9,2.99
945,24,4.28
1745,33,3.53
2579,11,2.81
106,25,3.12
2530,23,4.32
206,18,3.07
835,26,2.99
89,36,2.61
1073,35,2.89
896,29,2.76
1597,9,2.05
1195,10,2.22
143,29,3.95
207,26,2.44
2557,13,2.19
2053,27,3.82
211,26,3.4
29,13,2.77
1214,34,2.87
188,6,2.22
1861,6,2.96
1174,29,3.25
2573,10,2.96
2994,35,3.58
2033,39,3.99
1390,39,2.33
157,19,2.76
2128,31,2.09
1892,20,2.56
1297,5,4.01
2708,9,2.15
1742,5,3.42
2674,20,3.49
1814,0,3.81
232,28,3.67
160,38,3.13
344,30,4.33
205,5,1.99
2886,10,4.13
305,19,2.71
1384,0,3.31
2718,11,3.49
400,36,3.68
2154,34,3.14
2390,6,1.72
986,10,3.12
1806,15,2.93
952,12,2.78
1445,23,2.14
2097,7,2.93
206,39,3.72
1242,35,3.96
1842,28,1.22
1460,38,3.2
2839,19,1.79
1346,12,4.15
231,14,3.06
1511,12,3.19
883,22,2.58
2774,3,3.79
2332,20,2.36
1510,34,3.06
2324,20,2.35
433,5,2.37
1209,27,2.46
2681,14,2.01
2264,21,2.79
2145,20,3.4
1143,37,3.9
2413,10,2.34
1818,16,3.22
1008,21,3.32
618,3,1.93
397,13,2.29
2506,7,2.17
318,8,2.11
2430,39,3.51
2190,0,3.26
457,34,3.08
501,5,2.79
323,30,4.67
1000,11,3.06
2316,17,1.49
2535,35,3.31
878,25,3.14
679,24,3.77
2062,30,1.78
1004,1,4.14
2753,26,3.78
155,19,4.3
101,17,2.51
2620,11,1.88
1067,38,3.53
1335,30,1.43
621,25,3.0
1629,27,2.81
1015,15,2.53
2513,26,2.96
2399,29,2.56
2282,5,2.95
1952,29,2.39
403,24,3.19
2399,7,3.31
1172,13,2.53
2076,18,2.84
259,35,2.91
620,15,2.75
1466,20,2.96
1974,9,2.76
1962,9,2.33
1653,28,3.74
876,33,3.02
1551,32,1.49
1235,28,3.83
543,8,3.0
453,16,3.3
2745,38,2.83
404,24,2.09
1019,11,3.3
1429,9,3.54
883,9,3.98
1852,25,2.04
575,13,1.92
1459,1,3.19
1500,20,2.71
1492,17,1.99
2471,14,2.95
1163,37,3.03
2597,29,3.2
2516,17,2.73
111,39,3.28
2201,20,2.08
2965,33,3.37
2810,2,2.86
2768,18,2.07
2928,27,1.98
682,2,1.97
769,19,4.44
279,22,3.14
363,9,2.39
1649,26,2.21
1432,26,1.82
1199,15,2.77
601,21,2.61
1159,23,1.79
2342,39,2.63
1519,4,3.47
1839,38,2.85
871,15,2.02
1443,37,2.42
1342,26,4.13
2121,13,1.52
2307,4,2.97
1382,1,3.57
1172,10,2.43
1249,31,2.93
1129,26,2.25
2404,32,3.11
1562,4,1.78
1285,9,2.93
571,36,3.52
2621,1,2.17
2865,6,2.64
1950,5,2.83
1978,37,3.03
1981,4,2.9
447,35,3.9
783,8,3.44
1281,6,3.11
2957,38,4.17
944,33,2.91
2944,4,2.48
2978,20,3.35
637,27,2.72
2974,0,3.23
531,19,3.96
119,14,2.65
66,20,2.07
2293,17,1.41
2105,20,2.66
1068,21,2.86
2572,22,3.82
1914,1,3.45
424,8,2.79
395,12,2.31
2498,28,3.7
1281,38,4.27
2041,9,2.4
954,8,2.57
1820,34,3.98
1860,25,4.11
763,23,2.78
1630,2,4.5
1404,39,1.73
443,36,1.42
2940,1,2.76
2582,36,2.18
1498,36,4.5
157,36,2.87
89,28,1.89
2250,12,3.55
980,23,2.23
462,24,3.37
2757,25,3.11
2502,35,2.62
380,16,2.47
401,4,3.16
1103,13,2.92
551,12,3.02
2984,24,3.8
1410,26,3.36
2709,7,2.36
2951,7,2.74
445,13,2.23
2100,21,2.26
1968,13,2.99
1918,24,4.09
329,0,2.37
1932,11,2.42
1991,4,3.67
770,17,2.92
1483,22,2.93
2546,27,3.02
125,18,2.86
204,1,1.51
2816,13,2.4
643,34,2.36
1045,20,3.16
590,34,3.29
1587,26,2.22
2410,17,3.11
2409,30,2.86
1140,12,1.9
55,37,3.41
2340,21,2.29
1075,30,3.21
842,23,1.85
2833,35,2.27
2302,12,3.51
492,31,1.83
985,24,3.24
2621,7,3.67
2907,22,2.55
993,12,3.74
1995,28,2.11
1933,5,3.34
961,10,2.79
1887,35,2.37
2273,21,3.95
2046,12,4.06
103,10,3.97
970,39,3.3
1072,31,3.29
737,3,2.01
1366,5,2.36
2281,6,3.69
228,36,2.52
2570,19,3.54
1721,6,1.65
1616,17,2.56
2061,17,3.15
445,28,2.19
2388,35,2.54
1348,0,3.51
1620,16,3.14
598,28,2.83
2205,18,3.42
2704,33,1.61
1182,1,3.29
798,35,2.09
2539,8,3.5
835,24,3.48
3000,25,2.6
2033,35,3.31
357,25,1.4
2765,38,2.72
2410,34,3.01
8,28,3.27
2520,4,2.52
2220,12,2.25
2144,1,3.19
2722,35,3.3
2656,39,3.99
1330,23,2.5
2522,28,2.55
1974,32,2.92
1489,37,1.13
614,30,2.33
689,21,2.19
898,0,2.22
1352,23,4.57
110,15,3.22
710,20,2.32
2919,2,3.49
1161,13,2.45
649,27,3.9
2397,2,2.16
2004,5,2.13
2511,13,4.07
1667,29,3.33
1528,17,2.01
2933,18,2.04
1914,38,3.35
246,0,3.73
1609,17,2.11
798,24,2.84
2918,28,1.96
1074,17,4.08
2864,1,3.39
515,23,3.57
2274,15,3.25
2626,36,3.55
506,7,2.89
155,15,2.75
2007,16,2.6
1898,36,2.77
1504,20,3.88
111,39,3.26
2531,6,2.9
2856,10,2.75
2322,23,3.18
2203,5,3.92
1675,1,3.4
1191,38,4.0
1043,3,3.08
2393,24,2.76
2783,36,4.29
2617,5,2.07
1922,34,3.71
294,26,3.03
2693,37,2.49
1486,25,2.54
338,2,1.72
1828,17,2.95
2500,11,2.88
2392,13,2.41
717,22,2.17
631,5,3.22
765,4,2.5
85,9,3.89
737,6,3.59
2708,33,2.9
1413,39,3.46
227,19,2.55
1308,29,3.76
109,14,2.95
135,11,3.31
938,37,2.65
291,4,1.48
1826,15,2.25
1737,14,2.39
1653,39,3.36
1868,10,2.45
2870,23,3.58
2442,16,3.52
27,4,2.9
2061,14,1.74
554,14,2.65
933,36,3.31
2493,3,1.95
2272,18,2.25
2069,9,2.84
1672,15,2.81
1350,7,1.46
1757,19,2.88
467,21,3.7
1249,5,3.21
2701,3,2.98
1499,29,4.1
618,39,2.66
2828,9,2.75
458,7,4.14
2688,12,3.02
1237,7,3.19
2711,13,4.2
961,20,4.0
1505,35,1.63
180,22,3.15
2586,31,3.14
2575,38,2.92
2070,36,4.17
1369,5,3.22
2625,28,3.32
763,38,1.92
922,34,2.75
745,20,1.81
1432,32,2.88
1511,36,2.81
1440,21,3.75
1296,27,2.53
2720,9,3.17
637,35,2.18
1024,14,1.79
152,19,3.15
13,16,2.59
715,34,3.2
2954,39,2.71
249,16,4.45
1145,27,1.51
387,13,2.98
439,37,4.44
2348,36,1.92
721,5,3.85
473,1,4.18
1007,16,2.97
633,36,2.03
2469,25,1.78
24,11,3.64
538,27,1.68
2825,18,1.93
2686,35,2.96
1981,30,2.54
1811,39,2.71
540,29,3.32
2951,39,2.18
1727,34,3.36
421,7,2.43
484,12,2.87
1029,9,2.95
2205,7,2.95
52,35,2.62
243,39,3.52
1687,23,1.88
2822,18,2.09
2468,10,2.55
1841,38,3.27
425,19,1.81
2128,18,2.51
695,14,2.74
354,17,2.61
1690,15,2.65
293,11,4.01
717,32,1.87
529,8,2.0
480,23,3.46
477,11,2.07
25,25,3.21
2479,10,3.58
2365,37,3.93
638,27,3.75
2406,25,3.64
1300,38,3.52
690,31,4.27
344,20,2.82
1455,33,4.61
2607,25,2.48
712,13,3.96
2611,23,3.95
439,13,3.13
1455,20,3.43
143,27,2.32
1784,6,3.22
868,1,2.89
2401,17,2.75
1489,10,1.96
468,22,2.77
1488,17,3.05
877,37,3.22
1418,26,3.13
919,21,2.88
1810,15,2.83
1777,7,3.08
1082,37,3.24
1150,3,1.58
841,4,2.49
2926,32,1.64
2100,11,3.1
1012,18,2.7
814,27,2.21
2317,23,3.47
2144,28,2.68
273,21,3.39
1717,1,3.61
2181,17,3.86
2976,39,1.59
2137,1,1.28
2733,14,1.94
2872,3,3.84
5,4,4.05
357,39,3.12
1367,15,3.64
204,27,1.88
1597,24,3.32
2519,39,3.12
2512,16,3.26
497,25,3.29
702,21,3.74
837,7,1.73
63,26,2.87
1580,36,3.61
239,26,3.05
540,37,2.93
198,2,3.12
781,8,3.03
30,14,3.25
2714,20,2.42
1233,32,4.26
1087,0,3.78
1081,28,3.87
1856,36,2.8
1599,16,3.11
1629,37,2.19
2648,35,3.33
1018,20,3.07
2668,13,2.36
1070,0,2.76
2125,17,2.58
2777,32,3.02
1193,2,3.66
814,24,2.39
1153,11,2.28
1737,5,2.84
2756,20,2.24
1884,19,3.03
268,31,2.18
2813,29,3.69
1774,2,3.48
585,0,2.21
2467,19,2.8
2918,14,2.94
1891,38,4.03
1185,18,2.07
1082,8,1.94
384,34,2.19
2851,27,2.97
2558,34,3.21
430,38,2.18
2626,24,4.52
2988,10,3.33
1050,27,2.23
1834,4,2.64
2637,26,3.88
798,11,3.51
372,24,3.04
2976,25,2.29
1060,9,3.06
1814,27,2.94
1849,39,2.48
1291,10,3.46
2188,16,3.55
67,26,3.92
1015,17,2.45
1554,22,3.41
1393,32,3.14
2309,20,1.53
2675,22,1.39
1702,26,3.86
579,17,3.19
1606,30,1.95
1227,7,3.18
2687,0,2.73
1959,4,3.39
1979,22,3.27
410,35,2.43
2881,36,3.73
1712,7,4.13
2161,7,3.3
2671,27,2.48
2869,15,3.48
840,9,2.98
189,35,3.18
277,39,2.68
1761,13,3.01
2151,28,2.78
2155,7,1.36
1940,20,2.63
1978,37,3.87
2805,33,2.03
2221,25,3.37
999,6,1.46
722,24,3.56
1215,24,2.08
1694,15,4.17
2879,24,2.67
2273,19,3.26
1708,26,4.4
2182,2,2.98
1061,38,2.99
2141,5,3.87
2123,10,2.66
2804,24,2.89
2231,13,4.48
717,29,2.8
459,0,3.39
1702,8,4.0
627,32,3.62
2457,12,3.48
207,3,3.76
1357,18,3.01
673,13,4.01
1978,34,2.51
1940,32,2.65
2796,27,3.35
273,11,1.86
2427,1,3.97
2674,14,3.98
2712,4,4.31
1050,2,1.82
2728,21,4.58
2592,5,2.73
2781,25,3.56
1878,18,1.69
91,22,2.8
476,39,2.46
2047,31,3.04
726,23,3.68
1212,13,3.21
534,13,3.65
2746,0,4.26
2928,15,3.33
85,29,4.32
2640,35,2.58
841,18,3.18
77,14,4.04
2378,8,4.41
2431,38,2.76
2425,5,2.66
2389,30,4.39
1201,4,1.98
2472,36,2.54
1991,24,3.57
2222,27,2.02
406,24,1.33
2130,13,1.81
21,29,4.29
2739,10,3.39
398,30,2.62
2378,10,3.43
2273,26,2.85
1801,8,1.92
2829,34,2.9
1809,6,3.8
894,11,1.53
1945,27,3.45
438,32,4.19
1296,27,2.83
1304,19,3.22
223,10,1.8
1611,32,3.14
1961,24,2.55
509,20,2.92
2665,2,2.86
1066,24,4.01
1200,39,1.85
1269,7,2.31
1277,9,2.19
1298,23,3.57
604,34,4.52
1035,14,2.59
2200,10,4.44
189,0,2.44
676,30,1.85
638,22,3.84
2259,1,2.35
1997,8,1.53
1845,29,2.78
2387,1,2.95
47,38,1.53
820,34,2.15
1081,31,3.31
1278,20,4.58
2885,20,3.02
3000,18,2.43
2646,7,2.42
2218,33,3.63
1170,7,3.59
2887,27,1.41
1057,18,2.83
1539,39,2.99
796,35,2.77
2863,23,3.27
2390,13,2.42
48,31,3.47
2412,25,2.82
1422,35,2.22
1219,19,3.85
1761,34,2.68
725,38,3.92
1345,19,4.33
1818,0,4.44
138,3,3.76
355,4,3.64
1869,10,1.75
1094,24,3.67
811,13,2.62
1606,35,1.46
1744,6,3.47
2760,8,3.21
59,12,3.33
771,5,3.24
389,39,2.4
2894,7,2.5
2917,26,3.02
339,34,4.4
757,32,3.04
596,3,4.25
436,13,2.95
1474,33,1.8
377,30,3.28
1983,20,2.66
2439,38,2.7
2529,1,3.76
2869,35,1.77
114,14,2.45
774,29,4.52
1927,0,4.03
2220,25,3.14
18,2,3.26
235,7,3.92
1334,19,2.12
1693,31,1.69
2771,28,3.65
281,14,2.46
831,19,3.39
1139,0,2.68
1696,37,2.44
1691,39,2.54
1587,18,4.79
418,21,2.2
2332,29,2.5
585,5,2.77
1352,29,2.53
1365,18,2.23
2670,4,4.2
2269,39,3.62
2057,39,3.72
1933,1,1.69
832,24,1.9
2423,34,2.74
534,2,3.01
1123,19,2.56
1706,4,2.53
2750,9,2.75
2880,32,3.55
2825,34,1.8
1406,18,3.07
1887,28,3.82
2988,17,3.42
447,20,2.63
2728,30,4.44
2392,21,3.23
2473,39,1.76
625,26,1.56
1864,22,2.75
2354,18,3.44
2196,19,2.24
2897,31,3.87
732,31,3.03
2502,17,1.78
938,21,3.66
2081,14,2.22
1756,32,2.89
1525,39,2.24
1721,4,3.12
1217,34,2.75
1204,3,2.35
1891,28,3.37
1542,28,3.55
391,23,3.18
2405,4,2.55
2621,35,3.06
2512,14,3.71
2978,24,2.71
99,34,2.67
2196,0,1.62
570,31,1.46
727,2,3.5
1002,11,2.2
1571,16,2.99
303,19,4.09
2052,19,3.62
2826,30,3.79
2155,5,3.71
2123,26,2.81
1064,14,3.83
639,37,3.55
2743,16,4.26
1143,4,4.03
2121,28,3.59
552,6,2.7
977,29,1.98
96,26,2.29
2932,27,2.29
1192,18,3.45
2325,13,2.74
2307,32,3.16
46,35,2.69
346,2,2.88
847,7,3.09
2943,14,2.53
1077,14,2.36
1172,32,3.05
1557,11,3.02
233,13,3.31
51,15,2.74
665,13,2.68
451,30,3.75
1363,8,3.49
351,25,2.48
2697,23,2.0
1309,5,3.31
2926,36,2.71
583,30,3.63
245,24,3.92
550,7,3.58
728,3,3.54
639,8,2.84
584,33,4.51
2274,18,3.4
2875,33,2.26
441,25,2.18
1468,23,3.79
1820,18,4.6
412,26,3.96
814,2,3.89
246,17,2.28
583,17,1.85
1731,30,1.76
2548,15,4.52
982,5,2.84
1975,25,4.26
550,2,2.53
2165,24,3.1
1388,16,3.77
1938,23,1.87
204,33,2.19
351,0,3.69
319,1,4.32
2988,29,3.01
2537,0,3.27
1693,9,2.72
107,2,3.0
2702,31,2.79
2220,17,3.38
2567,33,1.86
1879,1,3.53
958,25,3.61
2861,31,2.32
2576,20,3.98
2368,28,2.08
1061,13,2.78
2547,12,3.43
2313,19,1.45
1692,4,1.85
1673,30,1.92
2956,4,3.01
402,20,1.53
602,28,2.26
3000,25,3.09
218,19,3.56
2378,2,2.76
186,0,2.39
2257,32,2.67
288,20,2.11
88,32,2.47
2184,34,3.03
2206,14,3.4
2842,30,2.95
2968,25,3.09
155,8,2.87
220,15,4.05
1483,11,1.58
322,11,3.4
2739,26,2.36
841,24,3.16
1586,25,3.48
1837,16,2.57
2560,30,2.88
2135,0,2.44
1569,8,4.03
2323,6,2.57
2189,32,2.82
1760,26,2.9
625,23,1.7
2964,25,3.61
353,36,4.12
1029,18,3.36
2430,24,2.17
1358,31,3.8
475,0,3.29
2010,8,2.76
928,24,3.07
30,31,3.79
2970,15,3.2
2642,19,3.53
2541,14,2.81
495,1,3.89
388,24,1.77
873,32,4.03
835,39,2.84
630,33,3.75
2987,21,3.91
30,14,2.41
2671,4,2.4
807,31,3.83
2390,15,2.89
1833,15,2.79
1311,4,3.17
1969,3,2.35
1961,35,3.63
244,39,2.66
221,11,2.44
1180,37,3.73
1407,18,2.15
1772,12,2.52
1344,15,3.17
2421,21,2.75
531,8,3.61
2263,11,2.32
2415,29,1.99
2162,5,1.73
25,2,3.35
2982,23,2.17
1145,27,2.45
1766,15,4.0
2659,15,2.56
858,30,3.79
1027,14,2.9
898,18,3.22
773,29,3.04
2493,7,4.23
20,36,3.07
1228,27,2.13
806,2,1.31
1381,2,4.11
2176,24,3.07
2406,30,3.13
881,19,2.63
1334,34,2.38
1685,5,3.11
2965,31,3.68
1606,5,3.02
1108,20,2.03
2558,34,2.55
444,4,3.31
2043,30,4.07
1229,38,1.52
1512,9,3.14
779,3,3.78
2300,5,2.28
1747,33,4.01
1879,4,2.6
1055,35,3.57
421,31,2.63
1852,22,4.32
2109,22,2.73
579,31,2.81
1250,22,2.07
1987,35,3.9
1359,34,2.49
2627,5,3.53
2688,19,2.07
111,3,3.92
491,26,3.58
1296,23,2.19
1837,28,4.66
2082,7,3.97
2260,21,2.64
1397,37,2.5
2173,24,2.35
1742,35,2.05
894,14,4.28
2379,35,3.83
1876,38,2.71
1950,12,1.89
1594,36,3.04
412,24,1.42
1423,16,3.55
2982,28,2.65
1677,37,2.74
1187,34,4.75
1647,10,2.75
2712,11,2.71
1089,2,3.68
1240,7,3.56
603,5,1.45
1938,3,3.17
26,22,2.46
2717,17,2.49
584,25,3.01
1068,38,3.67
1114,7,3.78
1157,29,3.69
1185,20,2.83
1768,17,3.54
380,24,1.74
1285,38,2.71
1407,15,2.71
369,21,4.55
1101,26,2.54
2257,33,2.33
1037,2,4.21
1945,31,1.83
1594,9,1.59
1922,29,1.89
25,27,2.09
546,17,3.92
1164,18,3.47
275,13,2.8
2922,15,2.64
2270,0,4.45
2923,3,3.54
1153,12,3.28
1347,27,3.31
1457,18,1.75
2266,21,1.94
1871,7,2.84
1272,16,2.33
111,29,2.55
2864,4,2.67
1756,17,2.51
708,39,2.77
2195,6,2.38
1368,27,2.66
1529,4,3.51
552,24,1.8
134,17,3.01
2512,17,3.16
2912,20,3.18
2014,39,2.84
1187,2,3.48
2504,15,2.65
1085,6,2.6
1029,34,2.98
1061,2,3.73
2508,21,2.5
1761,6,1.96
2023,7,3.15
1752,1,2.15
2187,20,3.14
2666,0,1.92
2728,24,1.72
2647,32,4.12
596,25,3.3
11,13,2.64
2375,19,3.68
1722,20,2.36
2427,1,2.05
2279,29,2.75
1165,31,2.45
618,23,3.51
765,8,4.42
49,34,3.52
451,20,3.77
1799,5,2.58
491,7,2.47
1893,14,3.5
1433,35,3.85
2455,16,2.9
1075,15,4.06
2223,9,4.29
1285,28,2.69
2528,13,2.32
1758,13,3.31
223,31,2.61
269,28,3.1
2858,28,3.5
2941,17,3.44
901,25,2.08
919,23,1.98
2366,4,3.06
385,28,4.08
1610,36,3.56
626,30,4.18
1224,16,3.01
1908,11,2.8
2691,11,2.86
1363,25,2.78
2752,23,2.63
1715,5,2.53
2353,15,2.98
1776,34,3.56
1269,31,2.97
842,22,3.9
1653,8,2.8
1232,29,2.56
1748,6,1.42
2559,32,3.63
1283,18,3.76
2211,34,2.58
738,15,3.13
341,6,2.92
2980,13,3.56
1952,24,3.83
1782,36,3.08
530,21,3.09
34,37,3.53
323,9,3.89
1205,14,1.53
1987,9,3.08
347,19,3.6
1730,9,2.68
1216,3,3.4
1603,19,2.67
2769,16,2.07
1703,25,4.3
245,9,3.9
2726,20,3.89
1832,39,2.88
2963,22,3.35
2771,3,2.18
133,25,3.38
2958,14,3.0
1371,34,1.95
2097,22,2.87
1088,0,2.76
1648,22,2.95
1892,1,2.96
1721,1,3.21
1128,24,2.04
2261,15,2.43
1541,20,3.17
119,39,3.13
2904,11,2.67
2809,39,3.6
2727,1,3.7
895,31,3.31
1266,25,3.6
2328,23,4.27
2472,23,2.63
363,30,1.62
1774,0,2.19
1741,5,2.05
314,18,3.58
1537,26,3.59
1707,21,2.18
2818,25,3.16
1087,27,3.93
272,2,3.33
1061,36,4.24
1790,0,3.07
2391,31,2.57
2394,36,2.25
2281,20,2.89
990,12,2.48
2624,32,3.85
2464,6,2.66
905,10,1.67
2315,8,1.62
744,15,3.18
911,26,3.43
2491,39,3.62
2608,29,2.41
1886,28,3.28
1746,18,3.46
2124,37,2.82
247,10,2.17
1852,3,3.05
2628,1,2.48
2361,16,3.95
576,32,2.5
1616,37,2.09
2391,32,3.22
2763,27,3.12
1206,23,2.52
984,22,2.77
2774,32,4.04
2680,25,3.73
2447,8,2.2
2762,6,3.08
924,12,4.05
292,35,2.77
2102,31,2.52
1380,22,2.37
2525,35,3.41
22,14,2.42
1316,2,2.44
1053,23,2.35
2743,7,3.14
1962,22,3.77
2208,38,2.49
910,34,2.03
530,31,2.42
101,29,1.62
1314,38,4.25
2391,18,3.09
1952,18,2.79
1902,39,3.23
579,7,2.41
1215,38,3.83
790,29,3.0
1367,16,4.56
2893,2,2.35
2173,29,1.82
1632,6,2.92
2938,24,3.28
2717,16,3.39
1384,30,2.24
503,24,2.4
173,12,1.79
887,15,2.85
1418,22,3.26
2168,7,2.93
273,28,3.0
1410,2,2.0
2961,28,2.22
2924,5,3.43
858,17,3.93
1911,35,3.9
1958,26,2.81
261,29,4.71
1353,28,3.82
1148,23,3.05
1500,11,1.76
278,28,3.65
2141,20,2.05
823,13,2.7
2176,13,3.78
532,5,4.92
2821,9,4.02
167,18,2.6
831,14,3.46
236,28,3.34
1056,33,2.84
1255,1,2.63
191,6,2.74
2705,36,2.92
613,14,3.9
1532,30,3.99
2303,1,2.27
1724,37,3.51
973,30,3.62
649,24,1.89
106,27,2.99
1605,26,2.75
192,4,3.52
1003,6,3.29
1302,22,2.05
1568,8,3.24
2223,39,1.37
1794,16,3.53
635,35,4.35
85,35,3.13
2012,20,3.09
2996,33,3.6
728,30,2.9
1061,33,2.54
1688,35,4.55
1600,13,2.45
70,17,3.28
154,19,3.22
1462,19,3.37
2813,28,1.91
2319,26,2.31
2589,20,2.22
2020,32,4.4
1098,32,2.47
571,24,4.43
149,27,4.32
2058,24,2.52
2692,1,2.71
2110,34,2.88
1412,28,1.76
1919,35,2.51
774,8,2.69
1754,34,3.26
1872,6,3.37
2576,22,2.04
1574,31,2.66
1713,8,3.9
2493,39,4.21
1345,23,2.77
1107,8,2.96
17,20,1.44
2417,4,2.14
1692,22,3.41
2732,1,2.27
2956,34,3.18
583,2,3.13
255,37,3.77
2504,32,2.94
2691,9,2.05
561,0,4.46
2581,36,2.47
1416,19,2.97
320,4,4.47
220,34,2.58
699,6,3.15
1438,16,3.14
32,10,3.16
715,17,1.81
2802,12,2.91
1040,29,3.14
409,25,1.76
2876,26,2.76
2221,35,3.27
936,34,3.96
1128,30,3.33
1341,1,3.06
707,31,3.07
783,14,3.52
1205,38,2.86
2180,37,2.18
2711,10,3.04
1179,12,1.84
2407,19,1.49
1259,36,3.02
2808,27,3.36
165,0,3.53
2765,30,3.04
2475,28,3.35
2725,21,4.36
2536,31,2.82
213,36,3.04
1949,32,4.59
766,16,2.91
2205,15,2.67
2483,33,3.7
1202,32,1.99
1820,10,3.6
2890,25,3.13
645,39,2.02
1661,27,3.58
2360,19,4.1
1856,1,2.02
127,21,2.14
377,17,2.73
225,0,3.51
497,10,3.47
2017,25,2.49
473,11,3.4
1889,16,1.88
1161,25,4.31
2523,7,4.49
217,9,4.53
196,24,3.18
2249,38,2.38
366,10,2.83
2767,27,3.08
1552,26,3.07
2448,22,1.95
1549,12,3.22
2638,8,1.74
214,39,3.69
2389,27,2.77
119,31,2.02
1717,35,3.07
2884,28,3.14
842,21,2.97
2915,13,2.29
1673,15,3.14
1203,28,4.38
1456,19,3.39
1744,3,3.04
945,33,2.65
2450,15,3.33
2931,5,2.2
566,31,3.81
2472,10,2.85
118,22,2.19
368,24,2.83
1130,21,1.67
2678,5,2.5
1918,0,4.23
2196,24,4.11
1890,14,2.63
2198,11,3.29
816,26,2.73
2304,15,3.71
2130,13,2.47
2064,18,4.63
901,39,3.5
193,1,3.51
2771,19,3.26
1098,12,4.41
1085,21,3.95
951,28,2.7
2584,24,3.26
2391,16,3.07
2443,21,3.51
943,11,4.22
258,14,2.56
1222,6,1.47
2101,9,3.4
651,30,2.52
2319,24,3.07
2249,3,3.3
396,33,3.32
2426,12,3.25
1915,6,2.11
2724,4,3.73
2583,17,3.25
923,15,2.74
398,34,3.33
1206,10,3.48
2915,22,2.61
1307,16,4.05
561,23,2.45
190,13,2.76
205,2,2.04
44,9,3.2
1004,23,3.63
2688,0,3.01
2749,4,3.95
1706,11,2.83
1303,9,3.8
713,12,1.32
2685,7,3.07
2852,6,3.78
311,26,2.06
878,33,2.55
857,38,1.51
2322,30,3.24
1556,37,2.31
531,18,2.11
17,12,3.03
2766,19,3.44
470,25,4.08
811,2,2.17
1328,22,3.41
555,37,3.4
2141,21,4.45
882,34,3.72
2626,13,3.23
2679,21,2.46
821,32,3.6
584,32,2.75
846,7,2.9
1997,23,3.65
842,38,3.82
2376,0,3.12
1805,13,3.02
730,17,3.01
254,14,2.71
1464,20,3.18
2619,13,2.37
2592,7,2.69
851,38,2.65
2168,34,2.38
822,3,3.59
2562,32,3.24
1573,12,2.61
979,29,3.76
2145,21,2.27
871,30,4.34
1394,32,3.18
257,29,2.31
128,34,1.16
1383,19,2.87
1180,0,3.03
2105,5,3.59
2630,33,4.03
1972,19,3.57
556,11,2.98
2772,30,2.73
2701,24,3.18
2206,38,2.43
85,21,3.77
322,5,2.66
2357,14,2.95
1554,15,3.53
284,0,3.87
1918,0,2.9
2182,17,3.54
614,5,3.48
2697,28,3.15
1428,33,2.21
1517,10,1.84
229,5,3.7
1830,23,2.74
1330,33,2.37
1933,31,2.36
119,2,3.37
2986,22,2.19
2372,36,4.15
921,36,4.16
2207,27,3.51
2287,6,3.59
2444,35,4.04
320,2,3.37
2357,28,3.66
2297,17,2.76
2586,20,3.53
701,9,2.33
2442,10,3.58
2700,18,2.69
1018,33,3.66
406,15,3.88
1205,29,3.65
2069,1,1.43
1699,29,2.6
1607,14,3.67
155,8,2.83
1852,38,2.19
867,24,4.12
559,20,3.95
194,28,1.58
2447,9,2.62
2328,35,3.35
1034,7,1.9
1400,12,2.01
2520,0,3.2
2200,3,3.41
2032,12,2.8
802,29,2.93
553,12,3.67
1448,10,4.53
1547,13,3.25
730,28,2.34
2561,18,3.62
1013,24,2.55
171,16,3.36
850,30,3.18
794,18,4.68
1589,16,2.58
125,26,1.89
175,21,3.16
2552,0,2.94
1801,35,4.55
2759,6,3.35
106,19,2.43
1971,1,1.84
1661,7,3.43
2576,25,3.06
38,25,3.24
395,7,1.53
921,14,3.09
2525,4,3.63
1491,37,3.16
722,34,1.76
2031,0,4.1
2363,14,2.79
1309,21,2.31
2030,37,2.15
1704,27,3.65
1634,3,4.28
1453,26,4.44
365,20,3.9
2229,3,3.56
734,22,2.17
2924,37,3.38
2709,1,3.29
244,1,3.29
313,31,2.55
76,29,3.44
2310,21,2.91
231,8,2.45
2751,4,1.94
2694,39,3.04
1412,0,2.37
2805,36,3.66
1349,34,3.01
842,22,4.03
2927,3,2.08
1480,36,3.31
516,12,4.04
2490,28,1.94
1573,18,3.0
2631,38,1.88
2310,19,3.55
2797,4,2.96
819,23,3.0
2915,13,3.92
608,16,3.01
2958,21,2.01
523,33,2.31
1802,35,2.99
1213,16,1.98
1037,7,1.97
162,22,3.81
1517,11,2.45
2053,27,3.66
2032,35,3.21
202,14,3.39
2464,7,2.31
1036,29,2.85
948,1,2.5
1421,13,1.99
1365,21,3.0
752,4,2.84
950,29,2.78
2421,24,2.5
1249,16,1.87
1206,37,3.71
1321,7,3.09
1331,5,4.15
431,9,2.38
2738,20,2.2
2166,8,3.38
588,33,3.12
2275,18,3.19
1264,12,3.64
2396,28,4.54
141,29,2.78
204,28,3.08
1004,37,2.09
1666,2,2.31
861,4,2.19
845,21,2.62
2361,10,4.17
1939,17,3.68
137,36,2.55
1652,17,1.68
2399,6,2.74
1691,7,4.41
2221,24,3.83
1154,19,3.99
79,16,3.65
979,39,3.35
569,17,2.41
2911,8,4.17
2105,11,3.17
2411,12,3.79
134,16,2.41
2062,22,3.49
283,20,4.36
2854,19,3.38
127,9,1.49
2027,36,3.27
1796,14,1.32
1850,28,2.35
218,16,3.02
745,34,3.18
2728,0,2.94
260,22,3.89
1242,24,4.5
1844,25,3.1
1682,23,1.62
1513,20,2.23
1467,23,1.88
99,37,3.39
182,37,3.54
2217,8,2.35
2281,35,2.59
956,30,2.33
1117,37,3.26
472,18,3.26
1540,1,2.28
1109,15,1.68
679,4,4.1
1543,36,3.31
381,19,2.52
1256,39,3.44
2299,37,2.27
2367,17,3.67
2241,7,3.84
1659,31,2.72
2985,18,2.56
2649,26,2.17
2655,6,2.87
1581,28,2.23
765,19,3.29
2933,21,2.33
991,22,3.39
1587,23,2.59
2554,24,2.5
2113,8,3.69
2270,29,3.56
466,29,3.86
2120,6,2.0
888,7,1.78
2522,35,3.79
2703,7,3.31
19,23,2.76
2570,20,2.82
784,30,2.53
1707,20,3.27
415,29,1.98
364,19,3.68
2576,6,2.8
1104,0,3.32
796,32,3.79
1214,21,3.06
1172,30,3.53
1699,36,3.61
443,4,3.76
2313,36,3.48
650,3,2.97
509,34,3.91
466,0,2.14
2413,1,3.04
1423,13,2.9
2541,10,2.46
2590,18,1.79
1840,18,4.11
1504,5,4.65
1627,27,4.33
1115,13,2.18
723,13,2.64
842,23,4.08
2348,2,3.62
2222,7,2.85
646,18,2.65
24,18,4.21
731,13,2.33
7,36,1.66
1621,39,2.87
2926,32,2.57
1272,14,2.81
166,24,3.47
428,24,3.18
2193,17,1.94
1535,31,2.9
933,33,3.1
2557,7,3.69
2955,21,2.47
2693,7,4.54
1600,6,1.99
2124,6,3.77
1667,11,2.46
824,35,1.99
1343,32,4.52
1062,1,2.71
566,4,1.9
1666,20,1.6
1538,29,3.11
1164,21,4.46
1282,23,3.59
2665,25,2.2
2429,28,4.34
2896,23,2.56
1209,30,3.66
303,36,3.33
1518,17,2.45
756,11,3.4
164,3,2.51
1668,37,1.62
1227,37,3.83
1234,0,2.91
1883,18,3.38
2149,7,2.34
898,2,2.89
783,3,2.92
1995,35,3.12
1585,27,3.18
2416,23,4.49
727,9,4.59
2420,13,2.39
2910,26,2.89
1455,4,3.61
2328,19,1.72
2364,39,2.97
2013,28,2.72
1101,1,2.87
816,3,2.78
151,26,2.54
1009,28,3.93
1520,33,2.63
1321,20,2.41
669,13,2.15
407,2,2.85
2335,20,2.88
2965,24,1.53
492,35,3.95
1033,0,4.15
1942,30,3.27
1156,2,3.97
1101,20,3.14
2786,17,2.8
2179,34,4.54
997,28,3.27
1912,3,2.9
1436,32,1.78
1114,37,3.41
2546,35,3.35
2670,33,3.66
889,36,2.57
354,22,3.15
2319,0,2.59
1416,21,4.22
432,7,2.88
739,38,3.25
2520,24,3.69
1780,35,2.26
1332,20,2.6
508,21,4.12
55,32,2.72
2085,22,2.17
900,17,3.58
2103,16,3.72
524,32,3.26
2963,17,3.59
463,8,2.5
697,3,4.1
1502,12,2.42
1773,0,2.91
716,30,1.84
1235,2,2.35
2780,21,2.33
1847,24,2.76
989,29,3.98
1829,31,4.13
212,36,2.26
754,37,1.45
436,25,2.94
1902,21,1.55
84,9,3.03
1236,18,3.09
779,33,3.7
834,10,2.96
2509,9,3.24
1961,4,1.21
177,33,2.99
1807,28,3.91
2360,34,3.61
1718,39,3.88
1725,20,2.01
186,21,2.11
1495,1,4.2
1980,19,2.72
1333,35,2.96
246,37,2.6
1853,20,4.31
384,9,4.21
285,1,2.42
988,27,2.45
300,28,3.81
901,17,4.19
1460,32,2.31
1393,27,3.85
2922,19,3.68
2534,4,1.28
2484,22,4.32
806,8,4.01
2229,34,2.2
2931,34,1.9
1922,8,2.79
877,33,3.55
694,29,3.19
2388,0,1.78
2539,24,4.0
2543,19,1.62
1997,15,3.64
730,25,2.58
1187,25,3.52
1582,19,2.53
2504,25,2.81
105,13,3.09
2767,29,3.87
439,22,2.35
1522,27,3.64
1352,26,2.05
2699,6,2.99
509,5,2.58
251,12,2.28
1215,1,2.34
2095,5,3.22
879,31,2.1
1275,26,3.1
1018,7,2.33
2823,20,3.61
2933,0,2.49
64,14,3.66
320,19,3.19
860,29,3.64
2828,7,3.71
1548,23,2.76
2077,0,3.46
1675,26,3.49
437,11,1.32
1990,9,2.82
1621,23,3.04
763,20,3.11
736,10,3.22
2499,22,3.94
633,9,1.76
1579,32,4.06
1077,2,2.83
2281,33,3.33
1831,8,3.0
1899,5,3.16
200,33,3.27
674,12,3.59
549,10,1.93
937,19,3.72
2145,21,3.18
49,8,4.24
896,0,2.96
2570,31,3.95
2088,12,3.94
914,31,3.72
1177,6,3.22
2601,23,4.22
676,23,4.39
770,25,3.81
211,29,3.05
2481,25,2.82
2755,13,4.14
2613,18,2.71
147,33,2.77
1523,2,1.63
2330,7,3.2
2803,11,2.78
495,0,2.07
2457,20,1.49
1650,29,2.21
2321,38,4.45
2506,1,3.2
1144,10,1.71
46,17,3.75
311,36,2.83
2610,7,2.9
331,2,2.31
11,8,3.73
908,30,3.25
1401,20,3.16
1592,28,1.89
8,26,3.06
984,23,1.32
1751,37,3.48
1394,2,2.91
566,32,3.8
2321,39,2.29
2989,31,3.06
901,3,3.29
2179,6,3.06
2772,11,3.29
2682,19,3.93
114,21,4.06
532,20,4.21
1523,8,2.95
1045,33,2.93
1744,7,3.35
33,23,4.01
133,27,2.8
2968,4,3.35
1727,1,3.9
975,26,3.96
26,11,2.99
2649,32,2.98
545,28,2.69
1262,30,2.94
2066,38,3.11
934,27,2.58
2337,30,2.64
1051,4,2.72
817,24,2.75
1935,35,2.21
108,14,2.9
948,18,3.11
738,8,2.25
2372,30,3.6
2915,16,2.89
2783,38,3.58
793,19,3.18
1868,23,1.84
1356,35,2.88
1386,30,2.2
289,20,1.91
1468,4,2.5
1061,30,3.59
1372,37,2.98
2940,12,2.98
43,27,3.11
1150,7,2.68
2057,25,3.28
2232,34,2.59
2943,20,3.39
1077,9,2.56
1874,13,2.95
2918,15,2.09
533,20,3.0
1319,5,2.78
1232,25,1.96
2711,27,1.84
1501,28,2.85
1994,26,3.82
954,6,3.07
69,35,2.53
1867,36,2.36
1949,23,2.2
301,21,3.63
27,35,3.4
2978,23,3.61
2702,3,1.94
2601,3,2.2
2154,37,1.98
586,29,2.99
2620,25,2.76
810,31,3.66
634,11,2.31
1739,27,3.04
2979,25,2.51
659,26,3.23
1240,6,3.24
2934,29,3.11
2369,30,2.32
460,3,1.78
2627,34,2.5
2925,11,3.38
2802,11,3.26
160,21,2.99
464,34,3.93
998,0,2.67
1546,37,1.93
2289,18,4.03
936,1,3.57
1679,27,1.78
865,11,3.72
1191,22,3.29
2698,8,3.43
2375,15,2.73
865,38,2.8
2577,15,1.37
1297,19,3.99
2927,26,2.36
1936,29,2.55
334,4,3.69
1644,18,3.75
2930,34,4.8
2398,23,3.53
2222,1,2.77
2164,24,3.88
1719,38,2.86
2409,9,1.75
1690,23,3.08
1783,7,3.83
2124,8,2.3
2804,12,3.34
1105,0,3.64
72,8,2.46
452,30,1.8
2959,28,4.17
1779,17,2.82
2415,24,3.63
826,5,3.86
2718,26,4.43
1336,8,3.19
2158,39,3.2
52,6,3.88
1963,12,2.6
467,5,2.05
1675,8,2.85
1933,2,3.09
2866,27,3.12
1362,7,4.04
787,32,3.16
556,4,2.65
2977,2,2.21
2040,21,1.95
2307,9,3.27
1763,7,2.04
2113,9,1.84
2211,13,3.46
1702,1,2.86
2087,19,2.53
2713,26,3.21
2368,16,4.22
2408,24,1.24
2317,36,3.0
2372,14,4.05
2374,17,4.25
1611,0,3.29
257,16,3.76
2248,24,4.06
610,24,3.81
1128,32,3.96
1396,13,2.35
905,20,2.29
164,7,3.79
1137,29,2.37
615,31,3.23
2026,39,3.48
106,39,3.65
699,21,2.33
364,9,2.54
2708,17,3.02
2022,27,2.05
1153,25,2.14
699,29,3.68
747,28,2.78
1976,11,3.4
1644,3,3.67
961,20,3.68
2978,24,2.83
209,31,3.37
1312,3,3.12
1892,29,2.58
1177,2,3.17
2539,2,2.54
2751,1,3.29
2040,20,1.43
1453,7,3.61
2550,38,3.47
666,3,3.14
1618,24,4.1
2269,7,1.57
435,0,1.75
2328,26,2.14
1647,38,3.46
2572,7,3.18
2041,5,2.66
1163,2,2.08
667,8,4.05
1441,32,1.85
2000,14,3.05
2780,38,2.43
348,9,3.2
765,28,2.81
934,12,4.07
183,18,3.72
2556,4,3.53
2246,2,3.71
1706,12,2.82
1147,13,3.39
381,31,3.93
825,21,2.88
1539,20,2.5
1638,2,1.87
192,11,1.19
525,31,2.77
1094,11,3.91
2337,18,3.17
105,1,3.39
1740,6,1.24
2361,26,2.92
1677,12,2.51
2355,18,4.27
821,30,1.64
36,6,1.74
2935,13,2.6
1049,25,2.11
1873,6,1.96
1061,38,3.03
1043,37,2.31
2083,14,3.26
1442,27,1.15
1846,39,2.2
1542,16,1.71
467,20,3.84
2945,29,3.88
199,27,3.17
1592,14,2.6
2816,31,2.71
1235,5,2.57
241,7,2.54
1194,18,2.48
1883,34,2.81
294,28,2.44
922,8,2.56
1763,6,2.96
1339,37,1.52
468,13,2.26
2415,11,2.33
2364,5,3.59
758,22,2.78
1114,28,3.08
1542,36,2.81
2499,7,4.76
2826,37,3.06
908,15,3.4
1633,1,4.0
2494,30,4.23
957,32,3.27
2128,5,1.72
2186,16,1.91
2700,30,3.61
2899,34,2.73
1532,8,2.58
552,38,3.84
2122,14,3.69
2098,31,3.97
388,9,2.46
2433,38,1.33
299,6,2.39
339,3,1.96
474,11,2.31
616,23,2.26
962,15,3.51
792,2,2.73
1194,15,4.54
13,3,3.59
449,39,2.29
2222,15,3.28
1698,8,2.27
1983,36,3.1
1156,5,2.1
2643,39,4.4
1921,25,1.38
2980,2,4.3
1899,18,4.44
2317,27,2.77
1275,4,4.17
1394,5,1.9
2666,30,2.59
773,37,2.88
2913,13,1.89
2574,5,3.26
1616,17,2.37
888,25,2.61
2720,19,2.1
2226,31,2.47
2307,10,3.18
260,6,4.04
1513,7,3.79
643,6,1.98
2129,34,3.28
1083,3,3.13
1263,23,3.47
2177,7,3.71
412,6,2.56
2363,26,2.35
2503,24,2.75
615,7,2.17
899,14,2.59
2951,1,2.33
232,4,2.59
2659,9,3.11
730,17,1.76
1421,38,4.29
1773,26,3.11
1704,1,3.37
2930,7,1.36
1598,13,3.76
318,11,2.25
1531,29,3.7
2570,13,2.16
1111,15,3.47
716,19,4.05
1342,18,3.98
1134,7,1.66
1779,29,3.67
1097,22,2.41
2932,9,3.67
202,33,3.7
2141,39,2.44
1673,3,2.79
1057,7,4.17
419,8,1.34
2599,17,2.0
626,35,3.75
845,23,3.33
1879,11,3.74
1945,11,3.39
2930,38,3.16
2768,2,3.76
2992,23,3.33
394,12,2.54
2857,16,2.39
2920,38,2.95
2915,5,3.96
2619,17,2.95
2682,26,2.73
632,30,2.14
2857,22,3.2
322,33,2.69
574,27,3.24
1694,4,3.63
1064,9,2.39
1477,38,2.87
2918,26,3.29
2794,14,3.02
1148,6,2.31
2985,0,2.46
959,34,2.56
48,31,3.43
2237,7,2.66
2352,19,3.24
1583,36,3.01
2417,10,2.11
460,12,4.28
2295,21,3.12
2312,29,2.56
1230,4,4.08
1531,34,1.37
530,22,2.51
1388,28,2.55
2798,23,3.66
1364,35,2.69
407,19,2.88
453,30,3.1
1901,32,3.26
814,9,3.57
578,28,1.83
1932,5,2.8
147,18,2.55
406,34,1.58
183,8,2.6
236,4,2.62
638,31,2.68
179,21,3.57
2480,23,3.2
525,35,2.47
2791,34,2.46
1564,31,2.55
1915,37,3.89
2371,31,3.45
1285,5,3.17
1636,28,3.73
1724,1,2.54
2447,38,3.11
337,30,2.81
119,22,2.79
1582,27,2.04
2461,28,3.51
580,32,2.31
2353,31,1.83
196,30,1.48
333,31,4.22
623,1,1.8
658,29,3.05
704,13,3.98
1457,18,3.51
883,32,2.73
1450,38,4.46
1253,32,3.51
524,2,4.03
2265,6,3.08
990,2,1.62
2423,15,3.99
36,0,4.74
776,15,3.27
28,34,4.25
86,32,3.44
2236,9,3.89
2353,39,3.11
2814,4,3.25
2128,16,2.79
186,23,3.62
1029,0,3.18
558,20,3.96
2557,15,3.43
1638,15,1.25
971,24,2.9
1026,18,2.21
217,20,2.93
257,14,3.23
1477,37,2.0
1448,7,2.4
324,18,2.06
1605,33,1.85
2245,20,2.74
504,29,3.15
694,8,2.17
959,13,2.01
2066,19,3.05
2155,15,2.55
125,28,3.51
483,29,3.25
2675,36,2.97
2399,35,4.11
351,23,2.41
649,1,3.77
2949,4,2.05
228,21,3.83
2064,0,3.15
1834,22,4.03
425,18,4.39
2512,5,4.33
724,14,3.22
1822,23,2.6
794,20,4.59
177,4,2.36
2591,11,2.59
2557,32,1.93
1586,26,3.48
1679,2,1.95
564,35,1.64
2281,20,3.89
2539,33,2.95
1017,14,3.3
444,28,2.53
2068,11,2.18
111,6,2.22
2535,29,3.91
89,38,2.54
1142,39,2.26
2482,12,2.61
1942,10,3.32
72,37,1.79
822,27,2.47
816,23,1.79
404,10,4.43
1699,7,3.25
251,25,4.34
2917,15,3.47
2043,34,3.43
1596,36,3.7
1634,8,2.41
1954,0,4.1
868,0,2.14
1891,16,2.89
896,1,3.59
256,36,2.83
1932,9,3.58
1112,33,2.49
873,20,3.35
492,19,1.27
2384,5,4.57
1562,9,1.41
1431,5,2.77
633,10,2.55
1313,33,3.3
362,13,2.11
1465,4,2.55
919,1,3.44
894,0,2.94
2685,21,4.28
1247,11,2.76
747,9,3.77
1148,20,2.15
2731,2,3.41
1003,12,4.11
2022,25,3.41
1007,1,2.56
2741,35,2.0
215,7,2.64
2166,3,3.48
227,31,3.7
891,4,2.36
2492,18,3.79
2597,23,2.94
2877,9,3.48
1632,20,3.14
2027,5,3.76
1461,0,1.26
12,36,1.89
1146,1,3.63
2537,11,3.67
2627,14,3.81
1574,12,3.45
1304,11,1.4
742,23,3.18
1361,32,3.67
2216,12,4.27
1977,2,2.94
1325,35,3.95
2248,15,3.57
1917,5,3.4
2912,37,2.75
2802,26,2.88
1390,15,2.08
1743,12,4.29
774,38,2.66
2145,13,2.78
2119,0,3.62
993,19,3.42
1839,38,1.72
1885,10,4.13
2405,12,2.66
812,25,3.5
2592,8,3.34
2302,34,3.56
1876,35,2.88
4,15,1.81
1487,10,2.7
2193,27,3.17
165,4,3.55
344,38,3.36
1898,31,2.05
1129,14,3.48
1338,22,3.29
2568,18,2.84
2974,23,1.58
1622,38,4.25
2657,31,3.57
2560,19,2.48
2457,9,1.84
2484,10,3.38
1339,33,3.38
542,18,2.16
613,22,2.8
900,22,1.9
1885,30,3.23
1056,39,3.32
1623,23,2.6
1487,22,3.15
2611,3,2.84
2623,17,3.6
2391,27,3.38
1256,25,2.3
2661,37,3.0
129,9,2.73
1043,36,2.57
357,33,2.2
1443,35,3.48
81,21,3.37
1905,19,1.57
2714,21,3.51
2829,24,3.52
1142,25,2.58
1878,38,2.94
791,18,3.9
2540,31,4.82
1899,5,3.05
225,22,3.35
2467,10,3.21
780,3,1.57
137,11,1.34
226,24,3.86
1253,18,3.16
2371,15,2.72
812,8,3.03
2493,0,2.62
1941,21,3.38
7,24,4.69
128,35,2.4
267,16,2.36
2733,35,2.38
928,35,2.86
214,31,2.89
247,14,2.88
1642,36,3.11
1619,17,4.14
1828,24,2.96
421,24,3.54
1739,34,3.54
1065,5,3.83
2765,3,1.57
1372,7,3.86
143,35,3.49
2189,24,4.73
2613,32,2.92
2155,34,3.14
2081,21,3.61
2167,39,3.22
1824,19,2.01
229,2,3.31
2736,19,2.47
1988,38,2.57
830,7,3.08
850,2,2.41
1239,5,2.8
2781,36,2.24
1154,21,3.08
845,12,4.09
2320,29,4.29
2683,31,3.64
403,37,3.63
2976,28,1.38
1603,5,3.65
627,15,2.49
1824,2,2.85
2665,18,1.67
981,0,3.64
2585,39,2.95
1077,22,4.03
2295,32,2.03
2385,36,2.11
33,2,2.98
799,22,2.65
2596,35,1.66
1367,4,2.56
2939,36,3.61
1263,29,3.91
2777,35,3.21
2092,35,2.86
304,1,3.91
1694,25,4.3
2317,26,3.05
2731,14,2.03
2031,22,3.56
1757,33,3.42
400,27,3.26
2651,28,2.59
922,34,1.99
2479,25,3.36
421,9,3.01
2179,16,3.07
1434,2,3.51
1249,33,2.76
1167,26,2.46
578,36,3.04
540,18,3.37
2173,17,4.58
1236,10,4.38
934,29,2.57
1461,21,2.68
592,20,2.12
1262,38,3.52
644,7,3.05
328,1,2.05
2860,6,1.63
1143,6,2.6
2094,7,4.19
2132,34,3.53
2842,1,1.45
352,30,3.46
1037,39,1.88
637,3,2.78
1196,30,2.72
234,6,3.6
781,26,1.82
2729,32,3.58
1419,23,3.19
933,5,3.57
1824,30,3.79
861,37,1.07
1231,11,1.41
2196,1,2.75
300,33,3.88
1956,19,2.56
1477,16,2.34
2024,2,1.88
2597,33,1.99
2431,27,2.75
1971,15,3.3
2848,2,1.92
534,17,2.9
1257,16,2.26
1658,14,1.65
1153,12,1.97
1753,12,3.0
1684,24,4.11
2618,17,2.22
2979,5,1.86
237,2,2.63
701,5,3.26
2802,11,2.41
575,17,3.37
1721,10,3.91
771,21,3.78
1765,3,2.33
223,16,4.41
1123,7,3.99
2605,10,2.75
2959,15,2.32
2321,2,3.02
1423,19,2.72
1541,20,2.98
2006,33,1.34
430,24,3.05
523,15,3.38
1372,37,3.42
2958,3,3.57
1575,21,3.52
2499,37,4.0
1975,27,3.3
2090,25,4.23
1739,16,2.95
94,3,2.38
2534,9,2.73
2565,5,4.12
1174,35,2.2
2765,23,3.61
499,29,2.48
2419,6,3.19
981,18,3.22
2747,3,2.24
485,38,3.02
665,36,2.73
628,14,1.85
1685,4,3.6
732,11,3.06
192,11,3.97
1769,38,2.41
2884,24,3.51
1245,32,1.64
1071,34,1.8
2175,0,4.04
2775,6,2.61
696,6,2.68
1140,22,2.53
564,2,3.17
2414,8,2.35
2441,12,2.39
23,39,3.73
445,21,2.53
777,39,3.52
2045,35,2.98
708,13,4.74
433,29,4.32
473,12,2.57
48,11,2.89
1915,13,4.07
1106,23,3.44
2311,33,4.26
1891,23,3.17
358,10,4.08
568,10,2.82
480,38,2.51
867,31,2.96
1029,1,4.36
1814,27,3.27
1418,26,3.16
708,33,3.64
2474,17,1.55
1051,18,2.38
127,20,3.42
2183,26,2.61
2379,28,2.93
1653,22,2.97
2440,32,3.29
8,24,3.43
613,1,3.73
1285,24,3.03
1223,2,3.13
598,29,2.79
1764,35,3.78
386,11,4.69
2520,15,2.89
179,23,1.74
2498,27,3.26
815,25,2.34
1818,0,2.18
358,13,3.78
2424,30,2.75
702,32,3.22
2886,11,2.25
1751,21,3.96
2586,17,2.32
782,24,3.84
82,7,2.11
185,39,3.61
2336,4,3.22
883,7,2.37
507,5,1.4
2042,8,3.29
1486,24,3.38
30,26,2.31
1933,23,4.62
2984,37,3.06
2079,0,2.14
1317,19,2.47
1197,8,2.6
1152,14,4.41
86,12,4.51
1339,36,3.58
2076,19,1.61
2170,18,2.84
1275,25,3.55
2621,23,3.62
2451,15,3.66
683,10,3.27
272,35,3.96
2885,5,3.36
1836,23,2.44
2161,10,2.15
1730,32,2.63
1418,24,3.84
19,36,2.58
1876,12,4.53
2653,20,2.99
465,24,3.37
691,15,1.87
1011,33,4.3
1215,23,2.41
1517,21,4.72
163,7,3.63
1636,32,1.44
2747,34,4.2
295,34,4.45
579,0,2.68
1768,20,3.11
2749,38,2.23
1586,30,1.85
2350,10,2.5
1332,25,2.95
2172,37,3.59
2717,22,2.88
195,23,3.64
842,27,1.9
2399,16,4.24
1867,3,3.81
1792,10,2.19
489,2,2.91
2248,9,1.85
2932,33,1.64
2556,30,2.32
2946,22,2.54
1604,9,3.04
446,33,3.77
80,16,3.01
745,14,2.99
2746,39,2.4
1861,31,3.05
1466,10,2.68
931,29,3.85
2702,38,2.18
1935,24,3.06
2950,13,4.13
272,35,2.39
1367,3,1.77
2172,6,4.21
1514,13,2.74
686,0,3.25
1727,0,2.03
652,22,2.22
297,15,2.02
1143,8,3.77
2835,10,2.32
621,27,2.57
1655,20,1.61
2929,1,1.44
1655,13,2.64
2399,11,2.91
1673,37,3.88
255,14,2.53
1288,0,2.11
2727,28,2.81
29,23,2.65
2515,5,4.06
1059,15,3.25
749,29,3.67
1318,13,1.96
602,38,3.11
2788,8,4.44
2979,19,2.55
1092,11,3.04
131,32,3.9
111,32,3.0
2572,12,4.03
2735,11,3.31
831,19,2.17
666,3,3.22
1067,23,2.06
875,17,3.42
1318,35,3.54
285,8,4.16
2871,12,2.8
564,25,2.97
19,10,3.22
547,17,2.23
48,21,1.91
1769,24,2.75
2043,0,3.75
219,12,3.77
766,5,1.85
2079,4,2.75
2307,8,2.2
308,30,4.66
2355,31,2.05
568,21,3.38
1123,16,3.13
2069,32,1.59
231,32,3.49
82,37,3.54
217,23,2.6
335,17,3.44
559,15,2.04
2912,37,3.09
874,5,1.89
753,0,3.53
594,30,1.8
1823,11,2.03
2752,35,2.03
2973,6,3.8
1679,17,1.89
553,2,3.23
1483,32,2.39
783,10,3.42
2135,18,1.92
513,33,2.82
984,9,2.5
587,37,3.15
1502,20,2.23
2546,11,2.6
2955,18,2.52
956,35,1.5
743,18,1.91
449,7,1.83
588,11,2.58
260,18,2.4
2511,7,3.33
94,1,2.08
1021,32,2.26
1960,18,2.67
1376,35,3.13
1132,6,2.79
2403,31,2.52
2517,34,2.06
2143,26,3.32
868,37,2.67
91,11,3.82
1480,19,1.2
955,8,2.47
2432,19,3.45
23,9,3.38
1726,36,2.68
23,12,3.75
1722,23,2.42
2359,2,2.57
1441,37,2.81
1357,37,3.4
575,16,2.73
2151,21,1.87
2548,26,3.1
828,9,1.54
189,38,3.72
460,2,1.96
2237,22,2.26
351,33,2.82
581,25,3.09
2162,29,2.64
2152,28,2.2
620,17,3.31
1532,29,3.29
1369,11,1.59
2435,21,1.56
2992,33,2.48
1802,17,3.71
2903,32,3.07
1233,1,2.19
2531,1,3.55
473,15,2.25
859,13,2.66
2990,22,4.08
2441,17,3.9
1713,32,3.02
516,23,3.58
2394,7,3.35
1376,11,2.09
2589,29,2.77
2095,9,2.17
2391,0,2.55
543,24,3.23
2867,0,3.14
1060,13,2.85
757,17,2.91
2399,22,4.4
188,24,3.15
2382,16,2.79
483,3,2.37
1240,1,2.11
1182,12,3.84
2715,0,3.65
296,26,3.24
45,31,2.3
2543,11,2.48
2043,9,2.86
175,31,3.01
1370,38,2.5
2104,0,4.21
2389,37,3.85
1801,24,2.27
1910,15,3.79
1775,30,3.56
1921,1,3.15
2262,39,2.46
1523,30,3.21
758,29,3.4
1421,38,2.37
2598,26,1.16
497,20,2.97
2221,36,2.51
105,8,4.08
479,13,3.31
1423,37,2.74
2482,27,2.34
2690,29,3.04
693,31,3.29
2970,2,3.76
194,16,4.24
2891,11,2.02
2849,9,2.43
1490,19,3.71
59,2,3.29
1887,6,1.82
478,11,2.54
1127,17,2.95
2581,2,3.44
1969,27,2.42
592,37,3.89
839,31,4.55
1346,35,2.21
549,4,2.4
221,25,1.22
876,22,3.75
2726,26,2.72
1197,37,3.96
2710,12,2.92
2732,21,4.13
336,24,3.33
225,4,3.14
2919,17,1.99
2083,34,1.43
188,17,3.94
1248,5,3.62
2691,39,2.27
963,11,1.95
494,31,3.45
1887,28,2.61
311,29,3.7
2569,16,3.11
1605,37,2.73
1564,8,2.34
369,25,2.98
746,13,2.77
2079,11,4.43
1256,29,1.46
998,4,2.1
497,26,2.47
1590,32,1.77
964,30,2.69
2005,24,3.2
1199,22,1.81
2346,32,3.54
1815,5,3.16
1389,39,3.03
1110,39,3.05
577,13,2.76
54,30,4.05
229,11,3.62
779,22,2.65
1558,39,4.03
985,27,3.82
373,7,3.48
469,35,3.28
2468,30,1.26
1850,21,4.38
532,17,1.53
1424,35,3.11
1208,20,2.56
562,27,2.32
90,13,2.55
1640,7,2.59
1407,4,2.91
369,5,3.64
1293,27,2.84
15,21,2.53
2392,13,3.62
1219,12,3.14
1946,25,1.68
1060,4,2.89
917,38,3.16
2253,32,3.42
1675,17,2.58
776,0,2.47
1081,19,3.41
1134,30,3.34
686,36,2.56
2766,20,3.1
225,6,2.49
64,30,2.94
1788,38,3.43
2996,39,4.61
961,25,3.73
1376,3,2.63
2368,18,2.34
357,27,2.23
93,26,2.48
2743,29,2.37
1324,1,3.89
1518,35,4.22
1678,31,2.65
1413,13,2.89
1635,2,1.22
2482,12,2.67
1126,24,2.21
841,22,2.22
1402,6,2.28
1607,19,3.85
898,19,4.3
2932,29,3.23
2826,16,2.57
492,28,3.13
2861,31,3.0
1533,24,2.89
2440,25,2.3
1978,21,2.91
1799,13,3.67
1495,1,2.93
1352,11,3.22
2069,18,3.2
1121,33,2.73
1839,32,3.28
2561,38,2.86
2956,29,3.29
2763,0,4.27
2992,32,2.11
1664,7,3.49
2398,15,2.59
546,36,3.97
599,5,2.29
2080,18,1.9
2045,25,3.11
259,4,2.69
476,8,3.24
2873,23,1.9
1906,15,3.79
920,12,2.49
2081,33,3.23
2947,37,3.55
388,23,3.26
1862,17,2.09
798,18,3.26
2504,38,2.82
1618,20,3.12
1926,27,3.88
1816,25,2.18
1628,10,1.72
2272,23,2.31
217,20,3.48
2204,10,2.25
789,9,4.27
1544,38,2.73
2084,15,3.46
2684,26,3.02
2057,21,2.23
1064,9,2.15
2227,29,2.95
1665,0,3.33
2549,7,3.46
373,33,3.14
970,30,1.43
1690,22,1.33
1448,26,2.7
515,13,3.69
364,7,2.85
1914,38,3.7
2825,28,2.52
1952,21,2.0
1475,34,1.98
1540,1,2.3
774,37,2.63
329,33,2.44
794,10,1.68
962,20,2.44
2418,19,3.25
597,12,2.66
1878,37,2.43
1411,26,3.03
1138,20,1.61
571,9,3.23
1062,14,2.9
1569,9,2.95
377,19,2.44
2148,8,3.36
1837,14,3.37
2864,36,3.74
1964,19,2.27
2166,21,2.85
2469,16,3.58
1267,37,4.21
541,23,2.49
1251,32,3.64
1876,39,3.95
1237,2,2.71
2978,0,3.36
2747,9,3.69
113,20,4.48
373,16,2.41
2347,3,1.44
1697,36,3.47
1043,18,2.55
776,39,2.4
671,25,3.62
11,7,2.94
8,25,1.57
1574,0,3.02
1397,14,2.4
461,23,3.87
2303,19,2.6
2634,15,1.88
1352,10,1.67
362,20,2.94
1398,22,3.32
788,7,2.9
209,5,1.97
267,23,2.78
656,33,1.67
997,14,3.35
554,26,2.79
2784,21,1.76
1530,8,4.47
1588,36,3.32
421,30,2.5
2356,28,3.32
2185,26,2.03
1443,39,3.44
2243,9,2.66
1119,21,1.66
1514,20,2.52
1927,31,2.83
1049,2,3.33
1256,25,3.65
2654,21,2.86
2910,33,2.09
221,36,3.64
2345,5,3.99
1227,25,3.03
1972,7,2.79
343,32,2.85
593,2,3.86
1229,31,3.66
1985,34,3.76
892,38,2.38
2125,37,2.79
1574,15,3.69
707,30,2.62
2000,29,2.19
1066,0,2.05
1206,33,1.75
757,20,3.45
1219,11,3.27
2638,16,2.73
1856,39,3.49
2000,30,1.82
2436,7,3.16
2975,38,3.93
2685,23,3.8
2189,31,2.26
1345,31,3.85
448,9,3.29
1817,33,3.99
2341,22,3.6
1778,6,4.14
2763,32,2.93
2505,39,2.89
2940,18,2.44
839,4,3.05
2702,13,2.77
1630,20,2.7
664,1,4.0
765,32,2.71
176,6,3.76
510,30,2.44
2753,30,3.34
1190,19,2.68
602,20,1.78
838,30,2.23
1002,23,3.25
2099,37,2.16
2734,20,3.94
2314,3,1.79
1111,23,4.16
2654,14,2.97
2045,11,2.32
585,26,4.01
2387,36,3.22
1096,35,3.58
374,31,3.09
580,18,3.74
517,11,3.49
1262,20,2.11
121,10,3.81
1437,28,3.79
1747,39,2.49
2885,15,2.99
2618,7,2.23
43,37,2.54
1528,36,1.8
2043,21,3.08
2120,16,3.73
2139,2,2.35
491,24,2.78
1850,4,4.02
749,34,1.41
383,19,2.72
805,34,3.92
1490,0,2.81
1178,18,3.52
2218,17,2.7
1296,1,3.52
918,5,3.26
151,25,3.2
431,30,3.09
2499,35,2.47
2691,36,3.25
2828,26,2.8
2071,35,3.6
2415,14,2.3
651,0,2.72
820,27,2.19
2287,24,3.46
2482,9,3.71
2752,32,3.09
942,9,3.43
541,10,2.38
2681,28,4.69
2246,27,1.64
1710,9,3.5
2530,20,3.27
1203,28,2.88
869,0,2.48
2571,4,2.96
651,2,3.33
437,36,3.04
1789,19,3.53
2905,31,3.49
314,32,2.75
19,26,3.44
1184,38,3.44
818,20,3.76
122,33,3.45
2120,34,3.7
1079,15,3.66
2508,38,1.37
169,4,2.97
2630,32,2.98
1173,39,2.72
629,4,3.17
26,0,3.58
1272,4,3.09
2769,16,3.04
1947,5,3.67
1730,7,2.14
1857,22,4.19
1034,21,1.87
1119,21,2.93
2169,19,2.68
126,37,3.38
2597,33,2.93
1093,9,3.3
2345,16,3.33
686,7,3.24
973,0,4.05
635,10,3.59
2430,6,3.31
2008,21,2.46
1051,29,2.84
705,35,2.0
2545,7,2.19
2900,35,1.73
707,8,2.81
1632,8,4.55
2028,1,2.84
2169,20,2.97
2009,30,3.75
626,3,3.05
526,34,3.39
1598,12,3.0
1067,20,3.16
1947,27,3.76
2800,16,2.84
96,31,3.05
2075,34,2.6
836,24,3.49
1919,5,1.98
1266,36,3.03
2535,13,3.44
1995,13,2.65
240,2,2.39
1328,21,2.79
2115,33,2.2
1143,20,4.68
1416,8,4.26
2279,0,2.67
2399,34,2.99
761,31,2.19
1553,38,4.09
863,37,3.94
1156,27,3.65
357,22,4.47
1672,20,2.15
1329,10,2.94
1030,17,4.59
2377,27,2.27
1992,7,2.16
2959,3,2.27
2386,9,2.93
882,28,3.71
539,18,3.23
737,7,3.25
1858,39,1.57
1531,12,3.46
1770,16,2.32
443,34,2.56
924,9,3.11
2968,3,4.26
2099,12,3.4
2197,15,2.61
1951,28,1.8
1611,39,1.41
1842,16,3.39
368,1,3.52
580,10,2.6
1771,39,2.0
656,15,2.97
2124,23,1.8
227,14,1.56
959,17,3.03
592,24,2.69
24,20,3.39
1763,12,2.82
2076,18,3.38
2169,17,2.64
1514,21,4.45
853,17,2.62
2672,30,2.72
2938,35,2.11
1369,37,2.17
2023,27,3.24
2079,3,1.64
1679,36,3.26
2918,31,1.62
50,5,2.97
2774,3,2.48
1916,12,2.07
2437,36,3.35
2992,7,2.64
1805,17,3.45
1731,31,4.01
1790,8,2.36
1015,21,2.18
2523,17,3.08
2804,16,2.05
2651,39,2.07
2974,8,3.61
1030,34,4.1
2841,25,2.76
412,32,2.3
1982,37,3.01
662,12,4.38
1348,27,3.12
1306,36,1.98
191,21,2.66
2834,16,3.75
585,24,3.36
959,24,3.42
1854,16,2.5
500,39,2.16
580,2,3.61
816,17,4.14
1477,16,1.82
1517,1,4.06
1670,19,3.78
2038,34,3.59
1331,27,1.97
780,8,2.05
2991,20,1.98
1150,10,2.5
2313,24,3.37
7,15,2.47
1437,13,2.7
695,31,2.9
992,37,2.58
1467,0,3.41
1976,14,3.1
2966,34,2.48
748,6,2.66
146,35,3.62
2289,23,2.78
857,17,2.1
287,33,4.35
952,28,2.3
26,31,2.36
452,29,2.67
2154,38,1.59
240,13,2.01
332,30,1.86
2960,39,3.97
1915,13,3.16
1066,15,2.36
645,21,2.63
1853,5,3.09
35,27,4.75
2924,2,3.12
2432,13,3.4
811,27,3.27
1312,33,2.71
2796,6,3.86
1895,22,1.82
1057,20,2.82
2143,19,4.03
205,6,3.44
2882,13,2.74
2078,0,3.23
2314,29,3.08
2071,20,2.97
2657,12,4.54
39,5,3.67
173,15,3.91
760,14,3.41
1915,16,2.99
414,38,3.33
692,31,1.85
2663,16,3.15
2257,7,1.69
22,9,2.74
2053,2,3.02
2699,38,1.78
214,14,2.94
1696,6,3.81
920,39,2.26
907,27,3.47
2720,17,2.0
2715,1,3.55
800,29,3.46
2365,22,2.77
793,32,2.53
576,2,2.66
1728,27,3.19
1448,5,4.42
91,38,2.1
1066,20,2.82
761,24,2.9
770,0,2.7
1361,19,2.65
2049,10,2.6
2157,2,3.3
2976,0,4.23
2003,36,4.36
1088,37,2.62
206,6,2.67
2898,15,2.56
2638,11,3.44
623,23,2.8
1678,23,1.88
1552,13,2.65
2701,24,2.69
1872,8,2.21
79,25,2.18
2463,28,3.92
1477,37,3.21
1173,37,2.76
639,16,2.75
1694,12,3.12
2839,8,3.47
1062,31,2.21
2381,1,3.31
2336,19,3.17
1726,20,3.36
1642,38,3.47
1115,29,1.91
1890,15,2.2
161,16,1.9
1426,27,2.39
1734,0,2.8
320,36,4.39
2972,28,1.84
2412,12,2.24
2523,32,4.02
766,19,4.04
602,16,1.45
2360,22,3.28
1556,5,4.3
589,6,3.09
1244,7,2.18
1698,1,2.24
1521,1,1.68
2391,4,2.7
906,27,1.64
1651,35,3.12
1118,35,3.4
1525,4,2.6
172,37,2.42
626,23,2.15
2046,8,3.67
682,28,2.07
1345,1,3.2
1984,2,2.39
311,1,3.53
2962,27,2.33
1936,36,1.96
2478,20,3.97
2906,25,2.3
1986,17,3.82
1524,28,2.45
285,7,3.98
1284,15,3.31
2543,26,3.31
355,33,1.51
2262,4,2.95
2865,30,1.62
200,15,1.75
2901,26,3.4
2184,27,3.49
1914,24,2.87
948,33,3.22
2676,24,2.26
917,36,4.34
1365,19,2.74
1853,24,3.19
342,31,2.26
388,33,1.94
4,15,3.62
677,7,1.2
1663,20,1.62
2447,19,2.46
2459,25,3.1
213,24,2.86
560,31,3.36
558,7,1.67
2606,13,3.31
2550,17,1.57
2692,20,2.65
1995,5,2.26
2579,20,4.16
953,6,2.13
2835,38,1.95
475,35,3.12
1768,3,3.87
42,16,2.79
2652,25,3.02
2096,12,2.14
1987,35,3.08
728,19,1.48
2269,16,3.22
1645,39,2.36
940,32,2.99
343,14,2.92
2203,13,2.68
2986,22,2.73
841,22,2.65
2028,23,2.36
2435,29,3.21
894,9,3.55
1933,12,3.02
1339,21,2.98
38,9,1.55
1365,37,2.83
851,15,3.17
2777,13,2.99
231,16,1.86
2500,15,4.56
1366,27,3.42
2305,18,2.72
2482,21,3.14
209,21,2.79
1225,17,3.56
2185,16,3.64
2613,38,1.32
2904,3,2.98
2769,38,1.93
2893,33,4.01
2084,15,2.6
1239,1,3.17
2075,18,2.71
2066,17,4.11
630,31,2.77
579,27,2.89
903,27,2.8
1850,6,3.16
1054,36,3.71
123,12,2.42
957,30,3.86
1001,9,2.61
987,23,1.33
1252,6,2.45
338,32,3.35
991,31,2.68
2321,8,2.53
1461,2,2.69
902,26,1.76
2087,2,3.67
2730,16,2.68
426,4,2.73
2363,10,1.58
614,10,4.29
2803,15,2.11
2205,7,1.44
872,33,2.83
2825,14,1.56
2305,34,3.22
2000,29,2.97
1894,29,3.24
2903,37,2.32
635,12,2.99
2504,27,2.07
2095,25,2.81
2058,6,3.02
2192,16,2.96
1455,1,3.46
487,29,3.45
1897,12,2.04
2639,32,2.35
1456,4,1.33
2947,33,3.75
207,2,2.65
1625,17,1.7
2958,25,3.4
1526,34,2.38
1483,33,2.56
259,19,4.36
1353,37,3.68
454,11,2.98
799,6,1.58
375,3,3.72
2512,10,2.37
75,8,2.77
242,36,4.4
1041,4,3.79
1713,0,3.82
123,26,3.19
2003,1,3.21
2159,26,2.88
2282,16,2.45
497,17,2.88
1146,33,3.61
1474,33,3.15
727,18,1.68
1832,14,3.64
1822,23,1.94
1817,8,3.36
92,30,2.7
1970,27,3.6
2385,29,3.42
513,1,2.87
603,12,3.19
428,19,3.41
2020,1,2.87
1457,17,4.2
7,20,3.1
2168,36,4.16
2435,17,2.76
1374,8,2.82
641,10,4.32
1122,10,4.6
1067,31,1.73
2231,20,2.23
2745,21,2.25
565,36,2.1
1697,21,3.72
446,3,4.18
1931,29,2.95
200,21,3.98
2996,12,3.1
513,6,2.09
990,3,3.38
2261,3,2.59
1402,2,4.0
1813,38,2.85
546,27,2.82
2534,29,3.85
2010,34,4.25
1806,7,3.93
2216,7,1.69
890,14,2.64
931,37,3.1
828,21,3.74
2185,9,3.71
2163,30,2.98
1276,24,4.08
1517,26,2.08
1313,38,3.67
1073,27,1.56
516,34,2.47
1915,11,3.15
688,37,3.89
1020,35,2.72
1296,3,3.58
1050,11,3.84
1094,39,4.37
2341,0,4.16
1258,37,2.93
2279,22,1.86
2986,23,1.81
1610,3,4.43
1145,16,3.22
518,26,3.77
706,10,1.65
2425,11,3.56
1935,36,2.42
2485,19,4.1
2901,23,2.61
1746,24,2.13
1669,37,3.61
970,3,2.45
2547,37,2.98
1198,23,2.88
1687,37,3.32
2648,13,3.15
1533,5,1.49
778,19,3.06
1334,32,4.25
2118,3,3.16
2253,17,2.97
2389,34,3.13
118,14,3.18
2937,18,4.01
15,2,1.81
1346,1,2.27
2042,34,1.92
2043,13,2.89
911,22,3.51
2675,28,2.98
1556,13,2.2
690,20,1.64
774,34,2.42
1615,9,3.27
1535,35,2.6
2961,14,2.74
120,32,3.23
2074,7,2.24
1737,34,2.96
64,5,2.42
460,30,1.49
1750,1,2.64
2362,28,3.2
2853,24,2.97
1614,38,2.4
2784,28,3.44
2937,7,4.25
1564,31,3.61
982,14,3.05
2627,16,2.43
1150,7,3.99
972,31,1.8
2909,10,3.47
707,38,1.81
1710,36,2.79
1367,25,3.56
1847,20,3.54
395,11,3.45
484,21,2.5
666,14,4.0
456,0,2.55
210,2,2.31
525,5,4.49
676,1,1.99
1002,21,3.17
896,1,3.86
1004,5,2.91
1600,18,3.16
2355,10,2.37
60,15,3.08
386,15,3.82
2104,23,2.15
2216,5,2.27
1436,19,3.04
2765,10,2.4
2913,39,3.82
1795,39,3.22
2530,9,3.86
1943,22,2.85
1591,36,4.0
2388,18,3.04
796,33,1.67
892,15,3.29
2824,39,2.19
1283,34,2.36
601,38,2.26
2485,13,2.82
1246,2,2.95
1437,11,3.54
1374,16,3.62
1083,0,2.09
152,21,1.93
934,16,3.54
2588,29,2.68
2273,0,2.22
1342,12,3.78
2611,37,2.61
558,17,3.01
1498,23,3.56
1870,29,4.23
618,11,1.73
1820,18,4.28
24,15,3.8
1543,38,3.54
2416,10,3.46
2020,11,3.32
999,39,2.27
2383,11,2.33
1457,32,3.97
3,27,2.61
1008,3,3.55
1282,8,3.51
263,1,1.22
121,38,3.86
1744,10,3.33
21,19,3.45
905,3,3.41
140,0,2.08
1816,39,2.15
1313,10,2.88
206,28,2.24
43,32,2.65
2898,11,3.84
1029,20,2.02
2255,21,3.02
2683,25,4.55
1863,5,3.67
345,32,3.33
1166,38,4.06
2420,38,3.03
2595,15,4.42
1388,18,2.86
984,3,2.06
335,8,2.81
2059,30,2.22
2123,35,3.37
1324,6,1.25
2995,8,3.72
2961,3,2.7
2758,32,1.57
2901,34,3.03
776,30,2.4
886,26,3.44
2036,19,2.09
736,14,3.45
2682,29,4.25
1052,34,3.84
1487,4,3.85
396,1,2.58
683,22,4.15
2002,3,2.29
2469,1,3.31
364,16,3.38
1855,11,2.68
1782,18,2.39
93,29,2.45
1599,17,3.49
266,0,2.62
2254,18,3.49
2085,26,3.31
1035,15,1.97
1114,27,2.33
744,7,3.74
2067,30,3.98
374,32,3.36
1810,29,2.41
94,8,1.62
32,11,4.1
140,28,4.47
1594,21,4.19
2781,23,4.19
2802,26,2.65
1243,8,2.44
1565,7,3.29
1583,21,2.14
1932,32,4.22
58,6,2.96
1299,1,4.37
2188,19,4.15
1047,26,2.61
2949,29,3.73
378,36,3.8
922,32,3.43
373,11,3.58
1588,30,2.75
778,34,2.54
1366,8,2.95
167,2,3.63
2571,25,2.61
2012,5,3.25
584,13,2.83
2549,14,3.25
2944,23,1.86
999,32,2.62
560,7,1.95
1012,33,3.53
233,11,1.83
560,37,2.73
1232,12,2.47
1763,8,3.15
1525,36,2.72
921,21,3.04
2909,0,2.03
1243,39,1.57
2920,37,3.35
81,7,1.65
2662,20,4.05
703,37,1.72
541,35,2.13
1850,11,3.27
2813,7,2.45
1275,25,2.72
2786,8,3.56
2654,1,1.68
622,1,2.85
1241,9,2.29
2244,22,3.25
1321,7,2.91
2994,14,2.18
2092,24,3.21
2441,35,2.51
1467,3,1.89
1114,12,3.2
2203,1,3.06
1645,29,2.73
59,10,3.33
2158,21,3.75
479,20,2.99
2666,36,3.45
1923,16,2.27
1757,13,2.6
1799,15,3.34
1618,20,4.34
784,16,1.98
1401,28,4.22
1056,13,2.74
1510,11,2.87
2649,6,3.0
2988,8,2.38
2579,2,2.93
1027,9,4.18
378,12,3.89
572,16,3.41
1955,16,3.81
1565,36,2.02
587,34,4.37
1619,22,2.88
357,10,3.2
685,15,3.19
1947,36,2.11
2906,27,3.89
659,24,1.42
1297,19,2.8
1526,23,2.9
2083,14,3.17
2509,33,4.12
2766,10,2.78
1694,10,2.88
1658,27,1.96
512,3,3.47
1072,0,2.86
2539,22,1.84
2321,15,3.35
1637,15,4.63
1013,5,2.18
2575,20,2.23
1152,24,2.3
210,19,4.09
624,10,2.9
1806,38,2.96
1166,17,2.33
173,27,2.49
1889,32,2.86
447,24,2.34
11,27,2.77
761,18,3.33
1328,30,3.77
1784,3,3.4
1178,28,2.67
2371,19,2.68
977,29,2.87
2493,33,1.41
2390,30,1.57
2269,23,3.04
2158,6,3.98
2458,37,3.06
2553,24,2.85
1801,19,3.55
40,34,1.72
1483,35,3.02
2311,34,1.82
2756,25,2.28
1850,11,1.93
823,29,3.26
461,34,3.42
1142,10,3.8
217,5,2.69
1741,25,3.69
2125,2,3.3
1445,18,2.45
2940,3,3.66
1196,25,3.2
2438,1,2.52
1152,3,2.4
374,39,2.17
654,37,2.95
904,13,3.05
744,0,4.61
2471,27,3.46
853,15,2.79
1771,30,1.62
831,2,3.73
1562,11,2.01
973,9,4.61
2677,28,2.39
2618,27,3.51
1294,26,4.52
1353,21,1.21
1319,38,1.98
122,8,4.31
159,21,3.29
307,30,3.31
1113,13,2.67
751,7,2.69
1062,18,3.83
1897,27,3.33
591,33,2.37
1881,16,4.5
346,7,3.83
149,35,1.89
1040,37,3.04
1391,4,2.7
2883,3,3.55
781,19,3.08
118,4,2.75
704,12,3.83
2365,38,2.38
288,17,3.71
2956,1,1.54
1375,28,2.83
2345,21,2.47
2025,15,3.04
443,38,2.68
901,29,3.7
301,31,4.47
2946,37,2.72
2474,10,4.34
250,4,2.15
1958,24,3.43
1767,31,3.66
1539,27,3.02
686,28,1.51
2800,29,1.33
998,37,3.17
406,0,4.11
2849,0,2.73
244,37,2.98
2415,28,2.77
2168,11,3.27
2898,10,3.57
1606,2,3.8
433,2,2.67
183,4,3.69
1485,9,2.87
2807,17,2.79
1142,0,2.82
31,3,4.01
1173,2,3.31
2576,34,3.01
1297,26,2.56
2912,35,3.04
1904,36,3.12
102,28,2.67
1096,16,3.55
1729,16,3.13
2671,22,3.32
2853,32,3.59
2456,13,2.95
1391,17,3.74
830,35,2.33
2837,27,1.81
618,21,3.17
2597,20,4.0
291,35,3.15
2470,14,2.22
181,14,2.77
2703,16,4.31
2162,22,2.81
1262,23,2.25
260,13,2.69
2292,22,3.27
2471,13,3.75
335,9,3.78
1047,39,2.46
1897,4,3.08
271,21,3.07
2502,20,3.03
1408,17,1.56
2642,33,3.22
1401,25,4.09
1010,30,2.99
1462,8,2.9
2904,31,3.01
1605,5,4.54
132,17,2.91
2816,15,3.35
1745,15,1.45
2549,38,4.45
1546,5,2.45
135,27,2.77
767,35,3.9
2860,5,3.9
770,37,3.47
2142,37,1.93
1908,18,3.6
1265,37,4.2
1773,4,2.82
165,27,2.17
325,10,2.29
2988,17,1.34
620,24,2.21
231,5,1.82
2630,1,2.23
2781,26,2.39
1203,33,2.79
1378,32,3.01
2719,6,2.81
1892,7,4.13
403,18,3.92
2169,38,1.53
2775,2,2.58
385,1,4.11
1764,32,3.38
1449,18,2.68
2524,14,3.03
2608,24,4.07
1191,28,1.77
389,29,3.08
1547,16,1.95
1774,18,3.0
790,3,3.77
2801,24,3.42
1495,20,4.09
2752,28,2.41
1548,17,2.98
2101,4,2.04
2615,18,3.51
821,2,3.37
1045,23,3.47
1043,13,2.82
1880,34,3.49
862,26,3.86
1480,3,2.78
2370,3,3.41
2875,14,1.7
2481,27,3.73
1795,15,1.69
1464,18,3.52
1908,15,3.08
2106,29,3.81
751,29,3.32
1317,29,3.85
182,17,3.65
1905,6,3.78
2655,37,4.37
961,21,2.62
105,18,3.83
1285,37,2.59
2655,7,2.74
990,12,3.1
484,8,2.89
1726,7,2.08
2177,10,3.8
2367,28,3.63
707,32,3.17
2557,22,3.11
20,14,3.45
752,4,2.33
235,21,2.76
1621,31,3.83
606,1,3.0
554,39,3.0
1900,8,2.42
2501,39,2.76
586,2,2.74
984,28,1.72
1651,37,2.72
423,6,3.72
2054,28,3.0
458,9,4.2
1915,16,4.25
2602,8,2.02
2570,37,3.0
846,6,2.54
551,10,3.08
1421,21,2.06
1995,28,1.89
2059,26,2.95
1646,36,2.81
497,13,2.91
2793,33,2.68
2537,31,3.76
2784,8,3.79
2506,11,2.56
2512,7,2.69
2091,21,1.57
539,38,2.09
568,25,2.75
121,28,2.62
2673,35,3.5
316,38,1.34
1139,30,4.26
621,18,3.18
454,25,3.15
2735,26,1.58
2672,28,3.05
612,10,2.4
1544,28,2.82
959,18,2.13
2009,25,2.93
647,9,2.43
763,9,1.3
1361,0,1.42
240,4,3.74
2782,0,2.52
1410,37,3.4
1169,14,3.6
2425,4,2.67
2052,11,2.94
2842,17,3.6
2894,16,1.82
197,23,3.44
2437,1,2.68
261,0,2.48
2651,1,2.1
1795,30,2.46
1958,24,3.24
94,36,2.92
1281,11,2.87
136,36,2.73
2573,17,2.04
2004,12,2.71
2546,21,3.8
1202,30,2.7
2160,32,3.12
1288,1,2.58
369,33,2.62
936,20,2.23
768,31,2.82
2634,3,2.89
673,10,3.01
511,36,3.19
713,24,3.46
820,16,3.21
2425,21,3.62
545,12,1.75
2121,5,4.06
504,26,3.76
805,37,2.99
710,15,3.51
2373,8,4.01
388,34,3.27
2876,5,3.06
240,24,2.04
1098,20,3.36
2079,18,3.35
2527,2,4.59
2765,11,3.36
1340,28,3.9
68,3,2.84
2586,22,1.69
1944,17,3.15
1720,0,2.73
1673,8,3.01
291,37,2.54
975,35,3.64
2072,24,3.66
415,37,4.42
851,32,2.53
2729,18,2.85
2149,30,4.18
546,7,3.41
2087,28,4.5
2259,4,3.83
742,29,1.58
1815,19,2.34
592,21,2.06
750,11,4.01
2220,4,3.0
838,25,3.1
2490,32,3.19
534,8,2.26
365,12,2.62
367,24,2.67
1774,22,3.66
2344,35,1.89
2654,7,2.98
2804,1,3.62
2571,37,3.27
1653,33,3.08
265,24,2.97
1062,33,4.63
2035,19,2.71
382,29,2.52
1167,23,2.78
2479,19,2.03
389,3,2.98
2102,17,3.13
2072,9,3.0
395,16,3.04
2681,23,2.85
2167,39,2.68
983,9,1.86
2240,34,3.46
1963,38,2.63
2535,37,3.49
2681,39,3.19
721,9,3.44
2432,35,4.48
2860,20,3.78
2394,36,1.38
473,11,1.72
2724,24,2.33
1804,21,2.38
1976,15,3.77
2051,34,3.31
925,22,2.55
876,23,3.49
973,2,3.83
379,28,2.87
1322,39,4.04
2186,18,3.79
125,16,3.09
2982,18,2.9
1426,39,2.41
480,38,2.73
2618,30,3.42
1386,18,3.56
2114,5,3.34
2900,38,2.23
432,3,3.77
1959,10,3.48
1113,8,3.0
601,13,2.59
856,8,3.4
2054,12,2.78
158,15,2.94
2378,8,3.25
1127,2,3.75
223,22,2.83
2450,5,3.14
1707,29,4.38
545,32,2.47
2557,9,3.26
2232,19,3.99
2963,6,3.32
2629,11,1.63
538,25,2.75
1437,39,1.58
2566,7,3.08
2816,20,2.0
2343,20,3.3
260,22,4.44
826,14,3.83
316,5,1.84
746,34,3.23
719,19,3.93
1101,15,4.33
2728,22,2.54
2902,17,3.34
461,21,3.41
2855,32,3.5
1105,15,1.51
1703,35,3.65
2841,28,3.82
2978,32,2.9
1407,11,3.3
2197,23,3.57
2816,8,2.6
2393,30,1.9
1814,30,4.18
1815,23,2.98
1742,21,3.77
974,20,2.05
922,2,2.26
30,31,3.55
2778,18,2.62
982,30,2.1
231,9,2.78
1186,14,2.84
2777,5,2.79
1252,24,3.76
1245,0,2.32
2794,28,2.76
1097,20,2.39
399,35,3.36
95,28,4.28
1964,38,2.58
475,17,2.86
1930,4,3.54
1779,21,3.79
775,5,3.38
1148,8,2.41
2848,6,2.78
1524,11,2.49
2992,5,4.5
621,38,3.08
2908,26,3.09
964,3,2.01
2861,15,2.86
2143,21,2.16
1501,38,3.6
2081,28,2.22
1327,28,2.31
122,37,2.68
218,16,1.98
1077,18,2.84
1183,31,2.34
1695,12,1.84
795,37,3.02
1625,31,2.83
176,11,1.93
292,9,2.3
491,8,2.7
2809,35,4.0
634,6,3.76
1261,17,3.77
2173,15,3.99
1891,36,4.11
604,19,3.69
2986,9,2.66
1129,24,2.95
1066,8,3.62
1665,27,3.79
1484,0,2.93
491,23,2.63
565,34,3.43
168,5,1.69
759,33,3.81
1198,5,2.63
1905,39,4.21
1174,16,2.44
2297,1,3.04
1651,23,3.22
180,17,3.71
28,6,2.36
1845,24,2.58
2165,4,2.64
2751,14,2.05
2705,23,3.2
2880,16,2.92
262,21,2.36
2674,13,2.39
2833,17,2.7
197,34,2.62
1461,7,3.23
2732,21,3.05
1663,13,1.8
2922,29,3.5
1434,3,3.87
333,25,2.18
2768,10,2.45
1182,35,3.44
1776,39,3.89
79,10,2.92
1868,26,3.86
1893,9,2.97
197,21,3.96
1784,36,3.13
226,22,1.04
2643,21,3.86
1562,32,2.25
2961,26,2.83
735,22,4.22
1363,4,3.26
1580,37,2.14
1620,13,3.35
2043,14,4.25
2967,8,2.99
2585,31,3.04
220,11,2.6
2341,23,2.56
1228,0,2.78
1729,0,2.34
202,18,2.77
1890,33,3.95
2080,8,2.56
1714,5,2.02
2764,20,1.71
753,17,2.86
1017,11,3.05
115,24,1.85
2770,5,2.89
1246,10,2.39
2230,1,3.25
2819,8,3.67
469,12,4.04
426,20,3.49
1576,2,2.76
1866,31,2.8
834,16,2.0
2029,17,2.92
2533,17,3.01
11,23,2.47
1409,36,3.61
2090,26,2.29
1726,28,2.13
2171,24,3.61
2749,23,3.03
2300,36,2.28
973,11,1.9
604,3,3.74
213,5,2.79
2316,0,2.97
2755,29,3.18
540,0,2.58
706,16,2.72
1759,13,2.94
2667,14,3.0
1685,36,3.38
1159,31,2.92
498,5,2.39
782,22,3.71
1910,16,3.66
126,14,2.69
1527,13,2.14
841,19,2.69
983,7,3.65
1342,10,3.19
12,11,2.59
1501,38,1.85
1318,11,3.94
1464,22,3.2
1831,37,3.22
516,2,3.4
2364,23,1.66
1704,2,2.38
1148,7,3.77
2362,32,2.61
2595,14,3.08
1549,1,3.9
2087,16,3.28
2301,38,4.25
2351,39,2.99
979,35,3.19
2306,0,3.36
2590,16,4.36
2007,31,3.45
2688,10,2.82
1847,33,2.88
2600,38,2.65
2509,17,1.81
224,0,1.93
2140,0,2.6
280,12,2.7
1194,33,3.11
1820,17,2.94
1758,25,2.04
2046,36,3.12
248,18,3.67
1385,6,3.92
1373,25,2.2
2914,37,3.16
2126,2,3.14
2506,1,1.64
2634,23,4.07
45,4,2.13
2086,33,3.38
416,32,2.64
2293,2,3.05
2541,35,1.73
2371,39,3.31
1276,31,1.83
2516,6,2.23
1085,25,3.78
1143,38,3.03
87,37,2.86
2128,32,1.44
228,13,3.97
2531,11,3.03
1839,30,3.17
623,25,3.51
1607,14,3.24
2996,28,4.23
485,25,2.78
2888,9,4.29
25,28,2.13
1815,35,3.34
1226,19,2.66
1249,24,2.74
779,29,3.51
931,15,1.88
2843,34,3.92
1603,15,2.33
1583,15,3.85
753,24,2.41
1714,33,3.39
1101,2,2.93
426,35,4.42
660,13,4.2
1518,22,1.95
2733,5,4.13
547,27,3.1
1101,20,2.16
2964,2,2.52
2103,4,3.96
1497,36,2.91
1463,30,2.38
1736,21,3.72
1772,8,2.44
2362,22,4.63
1344,11,2.27
2268,37,3.63
1395,33,2.31
1240,38,2.71
49,11,2.76
1821,10,2.78
2511,17,2.05
2166,36,2.42
2130,39,3.61
1747,4,2.85
496,18,3.64
634,14,1.87
2885,10,4.08
602,26,2.13
2818,21,2.19
2721,32,3.2
176,25,3.16
2853,33,4.41
639,1,3.4
297,33,2.17
1284,28,1.97
1875,9,4.73
475,20,1.83
1647,9,2.25
1959,20,3.59
2584,34,2.8
1061,33,3.67
1789,5,2.44
25,39,3.76
349,15,2.93
637,4,3.48
227,36,2.14
1372,28,4.16
38,24,3.15
1407,10,2.42
2618,27,3.84
2284,19,2.61
1205,22,2.16
2162,24,2.64
2354,0,2.53
2180,17,3.82
348,18,3.31
1204,2,3.32
2463,17,3.32
983,39,3.66
732,18,2.31
2702,23,4.01
2433,22,3.29
2560,5,2.14
1067,39,2.68
1504,24,3.05
1142,36,3.24
1595,27,2.91
2109,36,3.53
2601,25,2.33
1810,20,2.69
2236,20,4.22
453,20,4.04
2895,29,3.64
2235,14,1.71
2986,4,2.77
1764,16,4.14
164,15,1.94
1448,30,1.86
102,14,2.49
1453,17,3.58
691,39,2.67
1451,7,4.3
2626,30,4.67
2659,6,3.66
1967,17,3.47
536,27,3.92
2809,10,4.16
2026,3,2.82
1701,39,3.16
2944,6,1.7
1464,18,4.06
1630,30,2.47
1879,30,1.48
124,8,2.33
2716,11,3.28
2397,2,3.19
249,29,2.49
1972,32,1.68
1295,18,3.43
1453,33,1.94
1594,4,3.68
2755,26,3.33
713,29,1.83
247,14,2.69
481,31,3.48
2146,18,3.4
2377,9,1.9
1449,5,3.9
1029,11,4.1
2014,12,2.56
459,30,2.5
2844,28,3.39
593,33,3.01
498,38,4.22
2135,6,4.16
2450,21,2.73
1317,39,2.14
197,8,3.41
2812,33,3.46
27,6,3.42
1718,29,3.06
2183,36,3.92
1114,25,2.81
2254,12,2.84
1439,6,2.37
603,7,3.83
1092,26,2.11
362,5,2.88
1284,9,2.05
2706,24,3.85
1087,8,2.31
2016,7,3.4
972,5,2.5
1716,36,2.81
1647,28,1.76
1727,3,2.41
2989,33,4.1
908,33,3.27
246,21,3.66
2326,4,2.81
347,23,3.7
1961,14,2.6
372,16,1.32
809,35,2.35
2897,36,1.76
2171,18,1.94
160,31,2.89
1151,22,3.97
2785,31,1.9
1335,20,2.02
518,29,3.74
2983,6,3.48
1289,12,1.7
746,16,2.32
2336,27,3.16
420,1,4.01
1552,14,3.14
140,25,3.54
1833,16,3.42
707,35,2.74
698,35,3.39
475,28,3.23
1661,16,3.25
1902,31,1.96
2437,33,4.52
511,11,3.68
538,24,2.11
2261,0,1.56
2945,5,3.28
1537,35,1.93
1289,18,2.17
1367,12,2.87
1062,19,2.42
233,36,1.93
2308,3,1.88
308,30,1.22
403,28,4.2
997,32,3.64
1285,29,2.67
1500,16,2.66
750,1,4.55
1130,38,4.25
304,29,2.8
2391,25,3.47
1471,18,2.29
1062,26,2.67
855,28,4.62
1070,26,3.01
1746,20,2.64
1629,1,2.24
2304,1,3.08
2185,8,3.07
1255,15,2.98
818,14,2.68
1738,36,1.97
973,16,3.94
38,37,3.4
1179,14,2.84
105,24,4.13
255,9,3.91
2536,34,2.45
1982,3,2.21
2506,4,3.25
2576,12,3.2
591,12,1.83
525,33,3.14
370,2,2.93
102,13,2.29
2964,39,2.71
664,37,1.59
690,17,2.39
1927,3,2.59
2647,35,2.6
2648,29,3.04
2589,4,1.47
1536,8,2.86
2437,7,2.82
2411,3,3.7
2029,17,1.83
931,22,2.98
1857,17,2.64
2660,5,3.69
2770,0,2.92
1990,10,3.18
2391,27,3.14
2183,24,3.04
2988,32,3.76
1886,19,4.1
978,17,3.72
1995,9,3.83
380,27,3.15
1514,32,3.14
1149,10,3.44
2086,39,4.35
781,32,2.75
310,28,3.58
2154,37,3.33
556,39,2.35
397,6,3.46
2201,28,1.72
2584,7,3.42
1884,35,4.16
1170,17,2.89
2941,19,2.66
2631,33,3.0
201,10,3.47
1891,26,4.24
12,35,3.02
1076,33,3.23
1977,24,2.97
2816,29,2.15
1326,32,2.73
1896,18,2.39
920,3,2.27
2569,12,3.32
2148,3,3.73
871,13,3.58
366,1,2.65
657,13,2.26
161,39,4.02
2809,35,3.2
175,23,2.63
1504,11,3.41
545,24,3.05
2525,22,4.4
2331,25,3.21
1762,32,2.67
957,0,3.49
452,17,3.59
82,14,3.47
1237,30,3.65
816,32,1.64
2568,18,3.59
2182,35,3.18
447,30,2.29
2166,36,4.02
1620,19,2.46
1794,16,2.92
749,25,2.42
1174,26,3.35
1910,37,4.36
1557,23,1.87
646,15,3.17
379,15,3.71
2656,39,3.71
2573,0,3.16
1141,31,4.28
2624,7,3.45
937,37,3.29
2014,31,1.89
662,27,4.05
1341,2,4.91
876,15,1.86
12,14,2.74
1114,0,2.12
388,1,2.54
2131,34,3.26
1920,0,3.54
396,7,2.63
2593,1,2.0
2709,2,3.03
640,7,4.2
100,34,4.61
457,16,2.1
2023,13,2.42
2922,37,4.14
2376,22,2.46
2772,31,3.63
74,20,2.33
2140,27,3.28
2378,33,2.91
1864,27,2.55
175,11,3.09
1761,16,2.52
2363,35,3.2
497,15,2.4
1293,5,2.23
428,28,3.9
35,27,4.22
2167,3,2.88
1395,37,1.88
2973,14,3.05
1381,26,2.64
2876,24,3.27
2438,14,3.26
176,13,2.97
2154,10,3.41
592,11,1.58
1187,31,1.38
914,3,2.43
1291,15,2.19
1587,7,2.17
1303,17,3.25
1327,4,3.87
953,20,3.11
861,22,2.64
2175,12,2.53
1270,22,3.94
2872,22,2.92
234,22,2.55
2715,20,3.63
2979,33,2.49
1463,12,3.64
2185,19,2.91
1810,34,2.95
2604,34,3.44
2807,11,3.33
1173,35,2.71
56,39,3.63
2404,11,2.91
2971,36,3.04
813,33,3.08
1850,33,4.24
1960,5,2.54
1087,8,3.17
806,31,3.31
1576,2,3.79
600,15,2.99
2616,15,4.6
2753,12,3.03
612,14,2.34
1239,15,3.02
2189,0,2.74
1950,16,3.27
1531,35,1.64
561,25,1.93
2547,9,3.02
627,36,3.19
2550,16,2.25
2789,11,4.04
2812,9,3.0
1611,20,3.34
675,22,1.98
49,28,3.33
1387,29,2.03
1903,23,1.63
627,39,4.02
2728,36,3.45
277,10,3.23
2095,2,3.54
2974,38,1.81
216,28,2.61
230,24,2.38
2371,39,2.49
2273,33,1.97
1686,27,2.49
1311,10,2.86
46,14,3.43
1837,19,1.68
1038,20,2.91
633,37,2.3
2423,5,2.82
2751,3,2.69
987,20,3.17
333,24,2.0
1880,4,2.37
2214,17,2.93
507,35,2.81
117,37,2.97
943,23,2.3
636,2,1.51
1590,6,1.65
1463,19,2.03
2505,0,4.34
1992,19,1.87
869,31,1.15
1295,16,2.73
1735,2,2.37
2264,13,3.22
113,10,3.25
2264,34,3.26
427,37,4.23
1159,26,4.77
1067,12,2.11
2812,35,2.21
284,1,4.01
834,6,4.1
230,37,2.6
1920,34,2.2
1667,24,2.13
385,21,3.37
159,35,3.16
824,22,3.25
2519,5,2.75
208,29,2.91
174,18,2.66
1824,29,2.96
1105,34,3.71
1042,8,2.24
1017,2,4.05
708,26,3.12
1384,31,4.34
1892,18,2.97
1303,39,3.63
2445,4,2.07
2814,28,2.83
677,18,3.03
2565,23,2.6
662,8,3.41
1564,9,2.85
1261,30,2.44
2354,14,2.32
358,6,4.02
1309,30,3.48
1317,16,1.33
419,37,3.1
1492,30,3.37
642,5,3.36
1594,1,3.35
507,24,4.5
1682,37,2.04
1502,37,2.84
1386,2,2.52
312,35,2.47
1658,28,2.62
2752,22,3.04
245,32,4.0
477,34,2.11
615,0,2.7
2484,12,2.72
250,21,2.49
2525,37,3.95
1596,32,2.71
1774,31,2.26
1930,8,4.36
1876,13,2.49
511,27,1.77
1670,3,3.14
1873,21,3.66
774,18,2.9
1366,28,1.9
924,30,3.54
74,16,4.06
809,17,3.9
2879,13,2.63
1046,9,2.38
2268,5,2.69
2127,19,2.21
235,1,3.4
2205,16,3.6
2375,14,3.42
642,8,3.67
621,28,3.02
985,37,2.18
1299,24,4.47
2654,9,2.99
1618,27,4.85
2912,8,3.86
2797,10,2.43
1796,4,3.82
2963,6,3.71
2947,6,2.68
860,14,2.88
2621,1,4.38
2086,28,2.14
2166,36,2.88
2438,14,1.18
2728,12,3.08
377,10,2.75
2897,14,4.26
1898,30,4.72
376,0,1.98
1605,34,3.18
595,1,2.66
2795,23,2.42
1066,34,3.6
2008,8,4.09
2506,15,3.94
1052,36,2.88
2789,36,1.76
629,19,3.8
2374,4,3.01
1533,2,3.12
2667,35,3.4
2373,4,2.26
1831,14,2.46
1184,23,3.61
2564,25,3.23
746,19,3.41
1278,30,2.83
1952,34,3.32
2296,33,2.58
2446,19,2.85
2630,29,4.05
2251,35,1.45
1326,24,1.55
1172,35,2.12
221,4,2.06
2915,3,2.49
1872,5,2.66
2311,6,2.06
2344,23,2.15
2340,37,2.57
684,3,3.36
876,13,2.82
1055,8,2.95
1963,25,4.15
2603,34,3.03
349,0,3.63
219,26,3.71
1023,34,3.82
450,30,4.02
504,17,3.45
86,18,3.33
1289,34,3.19
523,30,3.16
2509,30,3.25
630,23,2.32
2300,6,2.19
18,3,2.54
1269,5,4.04
1177,13,2.82
1633,9,1.7
500,29,2.59
458,38,3.09
115,37,3.2
753,28,1.85
769,0,3.63
2495,30,3.89
2401,30,3.81
2673,33,1.6
1871,13,2.8
2589,24,4.54
322,14,3.4
1973,36,1.76
226,28,2.99
361,31,4.5
1555,38,4.07
834,31,2.49
112,21,3.96
212,21,2.49
1257,30,3.87
948,17,2.21
159,29,3.32
2620,22,2.47
1909,15,3.33
1348,6,1.61
1272,5,3.51
2718,26,2.42
911,1,2.01
2452,27,4.54
404,8,3.35
1842,13,2.75
2649,17,3.56
1691,17,1.66
1464,5,3.86
1257,9,1.16
193,13,3.5
1123,2,3.81
1975,14,2.55
1643,2,4.57
1000,20,2.38
1740,7,3.45
523,10,1.96
350,25,2.88
2364,22,2.81
1741,27,3.6
2991,12,1.63
1945,19,2.3
1561,37,3.18
2961,32,3.59
652,17,2.64
635,16,2.74
1802,14,3.19
593,24,3.11
2492,38,2.65
2669,39,4.15
1232,21,2.57
756,19,3.22
1300,21,2.3
497,39,3.27
773,14,3.22
2422,6,3.88
1599,1,3.34
184,13,3.69
32,7,1.69
283,22,1.94
836,4,1.63
2921,31,3.42
1456,39,1.98
686,6,1.69
462,13,3.26
871,4,2.31
368,23,3.15
2706,30,2.51
166,3,2.77
1729,8,3.44
602,16,3.62
2642,38,3.77
2174,31,3.02
38,20,2.76
348,19,1.83
1237,37,2.28
2022,20,2.07
2785,31,4.44
734,23,2.4
426,12,2.44
1271,18,1.89
648,33,2.63
2334,1,3.97
320,29,3.72
512,3,2.75
2273,0,2.58
2554,33,3.74
1723,37,1.51
1757,5,2.9
1778,29,4.52
2790,4,4.53
2516,18,2.65
1540,7,3.72
938,8,2.4
765,3,2.67
2211,8,1.69
653,23,4.0
2949,20,3.49
2856,8,3.62
2130,12,4.02
481,39,4.19
516,7,1.66
1664,11,1.95
187,23,2.99
146,28,2.2
1006,34,3.61
152,19,3.5
1387,30,2.28
93,25,1.96
1850,34,3.44
2588,22,3.16
2697,37,2.65
602,33,2.67
49,17,2.15
1903,5,1.83
2589,1,1.43
2204,37,3.26
775,34,2.3
546,0,2.46
1464,32,2.65
1261,8,4.07
650,30,4.13
2024,25,2.64
1081,34,2.46
175,23,2.28
1238,17,2.14
2075,9,3.81
1942,23,3.14
1143,13,2.48
147,13,2.36
868,2,3.95
2313,19,2.34
2306,29,2.46
1884,17,2.79
2875,0,1.93
743,4,3.0
1523,33,3.41
710,35,1.88
1351,21,3.72
1094,22,2.68
1953,4,2.68
1606,15,3.07
1682,13,2.43
1855,23,3.03
2267,39,2.59
561,39,3.68
892,1,2.94
597,32,1.67
2391,30,3.54
2551,29,2.08
450,37,2.94
2384,33,2.99
2052,34,2.81
1826,32,3.59
2807,0,1.87
2565,26,3.04
1250,20,2.16
1174,7,3.45
2286,35,2.89
1684,35,1.74
2151,34,2.81
1199,1,1.48
1010,33,3.25
1772,23,3.81
1708,11,2.85
2566,35,3.75
440,23,3.51
1309,3,2.38
2273,0,3.76
2613,30,4.1
2031,34,3.66
1968,37,2.1
246,27,2.7
1543,16,3.49
1238,15,4.15
2976,1,4.5
1614,27,3.33
1725,22,1.5
953,36,2.6
2867,7,2.68
2264,11,3.23
283,10,2.99
2621,12,3.08
2430,32,1.56
1941,2,2.72
172,3,3.61
1245,21,2.97
1119,6,2.7
1883,4,4.12
2092,35,2.15
2276,38,2.62
2622,6,3.9
2365,33,2.64
2779,34,3.6
601,22,3.78
2672,32,2.52
2024,19,3.24
467,11,1.62
1739,33,2.36
297,32,1.82
2593,15,1.65
2537,17,3.24
1020,11,1.94
2263,7,3.43
1548,14,3.2
1899,6,2.32
661,3,4.54
654,17,1.43
802,2,3.59
341,16,3.33
704,15,2.75
2455,24,3.68
853,5,2.67
306,8,3.95
1934,21,3.19
1788,25,3.89
874,16,2.43
1582,2,3.47
495,12,3.68
2626,35,3.48
1686,23,3.45
1606,29,1.83
1538,32,2.1
2589,27,3.14
2816,31,2.34
1636,31,2.17
896,6,4.11
2503,32,4.17
1168,7,1.59
2347,23,2.45
2475,34,2.21
1862,1,3.76
2764,18,2.39
757,12,2.2
31,23,2.02
2380,21,2.23
1994,37,3.9
2100,7,2.58
243,35,1.7
2823,26,2.77
686,17,3.09
1636,15,3.13
1441,27,2.19
1499,29,4.13
1416,39,3.08
1413,24,3.17
573,10,4.03
1992,26,3.22
2920,17,2.6
2748,17,3.01
1432,17,2.31
2567,35,2.71
1213,18,3.63
2643,27,1.71
2331,5,4.32
1660,19,3.94
599,34,3.49
2196,17,2.29
70,26,2.75
1394,17,2.83
1650,36,1.34
1539,14,3.72
2282,24,4.16
2727,25,2.6
2684,3,2.76
467,15,2.55
557,10,3.9
894,5,3.05
836,14,2.24
1311,25,2.17
618,36,3.84
1318,2,2.5
1505,37,3.71
134,21,3.3
8,5,3.16
2076,27,2.75
783,17,4.31
1334,15,2.9
541,14,4.13
2675,16,2.98
1058,18,3.26
2055,30,1.91
2088,29,3.11
909,19,3.05
2110,32,1.92
1321,3,2.65
2427,1,3.85
322,6,2.79
733,21,3.53
1419,34,2.62
1381,26,2.98
2887,28,3.53
2467,33,3.54
1360,15,4.01
2068,7,3.39
2460,37,3.01
1915,11,3.04
549,15,2.18
1283,15,3.39
605,21,2.62
1723,6,3.7
2405,31,3.75
2249,31,1.72
2813,5,3.28
1582,12,2.38
2279,9,2.32
2351,22,2.6
2435,12,3.3
715,33,2.72
925,17,3.92
58,39,2.21
434,23,4.19
2570,19,2.75
2816,7,3.73
2877,26,3.04
1785,38,2.71
483,4,3.4
367,6,3.37
889,37,3.12
1853,21,4.13
1355,20,3.02
1724,4,2.95
1259,4,3.18
2931,19,3.12
411,15,1.97
2231,23,4.32
2206,7,3.51
2061,16,1.44
2614,7,3.36
2920,30,4.48
1813,11,3.98
2603,19,2.79
1803,22,3.21
678,4,1.32
2911,3,3.69
618,12,2.7
2252,1,3.6
2350,18,2.18
795,38,2.72
2645,37,1.7
729,10,3.5
1694,2,3.74
1886,21,3.89
2554,34,2.11
639,11,2.39
191,32,3.85
1802,9,3.65
899,0,3.08
1997,0,1.97
2108,13,3.01
1490,31,3.01
1403,17,2.86
1453,0,2.73
2110,39,2.32
1944,28,2.86
2350,7,3.26
638,37,3.64
999,0,3.09
2220,8,3.87
1529,32,1.72
63,39,3.01
2820,0,2.23
16,31,3.9
2739,31,4.54
842,4,3.3
1125,30,3.37
1217,33,3.57
1997,13,2.92
899,35,3.01
1491,24,4.28
2981,8,3.05
2223,37,2.17
1258,32,3.0
1515,19,3.83
417,0,2.55
1557,15,2.74
451,19,3.78
2884,20,1.84
1824,14,4.29
280,26,1.88
244,9,3.11
675,22,1.81
2194,24,3.11
103,28,3.31
2358,3,4.1
117,38,1.83
1496,5,3.87
763,30,3.02
2786,19,4.06
1724,8,3.79
2235,37,3.58
785,29,3.38
1493,12,3.46
707,31,2.64
2924,32,4.03
796,31,2.3
473,24,3.17
2604,14,3.43
682,9,4.27
94,18,4.37
736,35,2.71
2838,36,4.43
2042,36,2.27
2086,33,2.08
2830,22,2.99
2530,20,3.17
2159,0,4.4
1914,30,2.92
2458,14,3.9
1590,5,1.38
2445,17,3.1
1151,23,3.36
2014,2,3.13
42,16,3.55
41,13,2.92
1511,15,2.7
1695,26,3.73
2447,31,2.28
2230,15,2.82
744,30,3.65
2766,13,2.36
2512,4,2.08
1074,4,4.06
1432,21,4.0
298,12,2.68
2193,21,2.18
16,8,2.9
1076,38,3.85
107,33,1.88
219,22,4.38
2983,1,3.18
2385,37,2.68
2969,29,3.78
371,32,4.56
2858,26,1.51
254,19,3.16
1429,15,2.28
2628,4,4.4
2009,15,2.62
1723,12,3.19
2684,24,4.41
2233,25,2.4
1313,23,1.11
2522,21,3.16
985,12,3.15
2550,5,4.24
2922,8,1.89
350,15,2.07
2108,24,3.44
1479,26,2.4
879,2,3.46
2513,29,3.48
311,34,3.08
1115,11,3.71
2979,31,1.65
1322,27,3.08
280,36,3.54
2759,15,2.6
967,31,4.56
695,7,2.56
910,32,3.5
2615,28,3.31
271,19,2.78
1541,24,3.77
1125,1,2.63
1412,10,3.0
1310,31,2.83
1754,22,2.52
841,28,2.02
1822,5,3.33
1004,2,2.65
240,3,3.12
1640,27,2.46
361,39,3.34
734,36,3.0
852,25,2.66
860,10,3.16
701,33,1.73
1351,19,3.75
2884,19,3.49
823,39,4.19
1635,34,2.69
97,7,3.52
327,1,2.08
2121,9,2.59
994,29,2.64
1280,29,3.83
1767,8,3.69
994,24,4.38
333,10,4.67
1181,37,3.73
1965,33,2.71
2506,16,3.05
2782,36,2.38
2924,18,2.16
2906,21,4.34
99,7,3.86
2780,8,4.15
2973,7,1.64
244,39,3.7
1501,35,4.74
1465,15,1.83
1399,25,2.34
2710,28,2.04
367,39,3.96
2547,33,2.11
1482,37,1.83
2161,17,1.79
2993,31,1.4
1048,30,1.76
283,3,2.52
1316,32,2.03
1387,22,3.39
2449,31,2.38
2616,8,2.33
2762,11,2.8
1738,38,3.59
422,14,2.8
2897,7,3.7
1267,29,2.25
1378,38,2.58
1412,30,2.77
475,18,3.63
2453,2,3.22
2084,5,3.3
358,24,1.95
558,13,2.34
1351,20,4.2
1068,22,3.39
2368,12,4.16
738,37,2.4
2706,24,3.82
2520,8,3.41
2573,1,3.22
25,35,3.82
640,15,3.5
1575,35,3.32
2924,0,3.67
1209,12,3.5
174,13,2.42
1418,0,2.63
186,23,2.85
1305,26,3.01
1001,28,2.46
1319,2,3.95
528,6,4.29
684,15,3.3
2234,4,3.29
1568,10,1.8
575,15,2.58
2035,13,3.1
1885,15,3.07
1325,13,2.8
309,10,3.25
1213,30,2.93
1842,14,3.65
1435,26,3.03
538,23,2.08
858,13,2.62
1575,35,3.3
193,16,2.91
1187,32,4.16
53,27,3.21
475,0,3.45
174,30,2.4
1220,26,2.79
1814,16,2.67
700,28,3.49
2438,34,1.43
457,26,1.41
1355,28,2.72
1519,26,2.75
2170,10,2.72
2466,3,3.57
159,35,2.49
2646,17,3.05
1838,34,2.83
516,17,2.72
1026,2,3.99
659,8,2.09
678,9,2.43
315,7,1.99
2376,34,3.38
276,25,2.39
2764,16,3.45
452,34,3.28
1589,20,3.57
486,23,4.25
1131,10,3.22
567,33,3.28
246,5,1.76
2983,22,3.55
889,14,2.54
2212,18,3.0
2575,34,2.55
1,30,3.13
2911,9,3.8
2185,38,2.88
151,18,3.24
1768,12,4.08
1511,35,2.83
1249,25,3.32
1129,24,2.43
999,21,3.65
698,5,2.93
1089,19,1.79
2381,8,3.63
2420,24,2.75
1231,12,2.71
2629,2,2.91
686,22,4.06
2757,9,4.41
928,9,1.94
1843,26,2.5
1733,6,2.26
740,15,2.52
271,34,2.68
1973,32,2.02
711,2,3.76
325,33,2.6
990,10,3.37
1551,33,4.58
798,17,3.19
1870,4,2.64
2968,10,2.73
2595,4,4.14
1093,17,1.29
2956,2,2.54
212,21,3.41
1582,34,2.03
1444,31,1.38
2645,28,4.39
48,20,1.67
231,23,4.08
579,2,3.72
2998,33,2.63
1113,21,2.66
1755,0,3.68
2980,27,2.22
2100,34,3.29
422,5,3.24
611,39,3.32
446,17,2.17
961,13,2.69
131,15,1.1
2648,6,2.77
1672,20,1.67
2422,4,2.63
2599,1,3.14
2578,21,2.49
2435,22,2.98
336,22,3.1
2784,34,3.05
1141,14,3.51
1025,26,4.68
1653,12,3.02
2944,33,3.83
538,26,1.92
496,37,4.16
508,8,3.69
681,31,3.23
2613,21,1.98
781,24,2.74
760,36,2.69
128,29,3.08
1293,36,2.69
2194,35,3.92
2547,20,2.52
966,37,3.66
560,15,3.47
1223,10,3.19
924,16,2.75
1628,19,3.15
2451,38,2.77
2390,38,3.49
1072,26,2.97
541,2,2.93
1200,15,2.6
511,12,2.67
2067,18,4.47
2543,34,2.89
355,24,1.8
2607,25,1.88
345,35,2.98
1084,12,2.33
2736,31,3.0
1791,11,2.63
2277,21,3.95
147,20,2.29
2380,36,2.44
2481,10,1.92
399,39,3.48
1724,7,3.69
2884,1,2.12
1435,35,3.29
587,25,4.23
2647,17,1.69
1295,4,3.66
2805,26,2.92
2394,0,4.45
1543,37,3.12
1805,19,4.09
2036,28,3.47
1428,8,3.59
738,19,1.6
1778,15,3.57
380,22,2.18
2469,38,3.84
1204,22,2.45
1662,39,2.36
1307,27,2.5
2466,7,1.39
356,14,1.99
16,31,2.29
315,1,3.49
2581,9,1.94
1040,15,3.57
1487,24,3.43
2593,34,4.17
694,8,3.49
69,31,2.82
411,26,1.45
2860,23,2.83
919,20,4.5
2895,4,2.01
740,6,2.04
1491,25,3.95
2487,27,2.05
2578,9,3.38
2778,34,4.17
273,21,3.43
459,20,4.15
820,11,2.49
1197,39,2.9
2616,12,2.18
861,23,2.68
1974,38,2.69
1545,32,3.51
2545,13,4.01
795,26,3.04
805,20,3.37
1096,20,4.35
2982,8,2.26
1891,32,2.36
840,1,2.05
2683,19,3.71
603,33,2.67
2784,23,1.32
1433,33,1.56
1834,17,2.9
367,12,2.93
256,37,3.01
2488,8,2.77
1359,4,2.22
2483,22,4.44
690,2,2.93
308,9,3.04
2036,27,2.12
1697,36,4.3
409,25,3.13
826,4,2.83
1192,9,2.37
2135,7,4.41
2051,29,3.15
2420,10,2.28
1552,17,1.74
2690,25,2.09
98,6,3.31
2718,11,1.98
1775,34,3.58
1546,2,3.04
321,28,3.28
534,9,3.95
2868,14,3.33
2415,13,2.59
1208,3,3.38
417,35,1.69
2777,31,2.71
1238,36,3.82
848,4,3.96
670,14,3.2
1944,1,3.7
2181,13,2.41
2101,6,1.97
741,10,2.51
2743,12,3.75
23,0,1.98
1655,9,3.23
460,39,2.14
650,4,2.63
482,11,1.61
120,34,3.36
673,26,2.22
2256,13,2.75
1885,7,2.64
318,32,3.08
2386,31,2.68
2203,1,2.54
868,21,2.92
394,35,3.85
2553,20,1.64
971,4,2.42
313,27,2.75
1283,36,3.63
2062,28,2.97
77,10,3.36
409,7,2.26
2442,14,2.17
2268,16,2.35
744,23,3.9
433,5,3.65
2854,35,2.63
1479,25,3.28
1678,29,3.17
1832,12,1.37
988,22,2.13
1522,28,2.71
2702,5,2.57
2865,24,1.66
1554,37,2.9
755,25,2.89
676,21,2.64
832,2,2.83
1120,0,3.53
28,18,1.96
1254,30,2.01
416,30,2.91
2073,24,3.79
1711,13,4.16
2721,10,3.64
542,24,2.1
165,36,1.33
2256,2,3.66
2997,34,1.33
985,20,3.35
2662,33,1.27
373,3,3.6
618,16,3.8
69,9,3.26
1544,27,3.3
1659,9,3.78
101,19,3.24
1,2,2.97
2399,14,3.99
2055,7,2.82
318,24,2.3
2671,26,3.33
1879,10,2.46
2557,23,3.13
186,7,3.66
728,15,2.19
2510,30,3.16
343,12,2.92
2683,23,1.87
713,7,3.79
2624,11,1.94
136,17,2.29
1923,28,1.85
383,30,3.76
186,23,3.66
2687,34,2.92
928,35,4.01
964,25,4.01
561,28,3.5
1190,39,2.29
898,32,3.43
2687,28,3.49
1929,1,3.25
1838,19,4.0
2369,12,2.92
1713,32,2.98
1739,11,3.55
1181,35,3.08
858,1,2.74
285,29,3.53
2399,35,3.82
2131,39,2.85
1648,11,2.9
666,8,4.22
1394,4,4.07
2589,33,3.35
2025,4,2.18
2528,9,2.79
2261,3,3.2
930,7,4.37
2408,21,3.31
214,31,2.22
304,7,2.41
1404,21,3.59
200,5,2.17
2286,20,2.3
671,0,3.54
1729,33,2.85
1250,19,2.61
879,35,2.55
251,36,2.69
2524,38,3.44
498,7,1.77
1988,0,2.95
978,13,1.8
2749,11,2.82
784,6,3.81
2477,3,2.48
539,19,3.95
901,5,2.37
1467,1,4.33
210,1,2.03
1734,29,4.05
491,22,1.6
2519,30,3.62
1710,24,3.07
1754,33,1.71
2616,34,2.32
1919,37,3.51
2035,21,2.72
2712,18,3.11
1930,27,4.66
1487,3,2.58
2598,7,3.97
2004,25,1.35
1501,21,2.24
198,36,3.19
1968,11,2.21
521,21,2.58
1523,19,3.22
1535,12,4.24
1714,12,3.79
1349,32,1.74
688,3,3.33
467,29,2.32
596,26,3.83
139,17,2.17
1015,36,2.37
242,7,2.85
2364,35,2.51
2715,8,4.34
733,28,4.51
135,33,3.21
2627,33,2.74
2487,24,3.69
2125,27,3.67
2448,26,3.09
2422,2,4.02
1511,8,2.71
1819,32,2.12
758,35,1.95
2797,6,2.94
2812,24,2.38
417,0,3.62
207,32,2.25
2389,4,3.98
1644,2,3.07
2769,2,3.78
311,15,4.06
1332,17,4.3
2673,36,3.09
1400,12,4.41
1551,34,2.2
83,31,4.32
1601,32,2.13
1476,26,2.4
1027,11,1.42
1480,12,4.01
2921,2,3.77
2284,29,2.95
2437,11,3.1
2441,21,3.55
1665,38,2.17
1783,20,2.08
2795,24,3.09
2078,4,2.58
1607,25,3.26
982,14,2.68
605,1,4.12
2331,18,2.78
238,27,2.5
731,22,3.5
1343,10,2.69
1995,28,3.22
1361,17,2.83
2079,5,2.57
978,23,3.43
915,24,2.59
1638,37,4.59
1629,17,2.78
2255,8,3.89
1982,6,3.11
2951,28,3.37
583,3,1.68
460,1,3.6
136,21,2.57
1977,27,1.24
978,26,4.29
284,23,3.09
2898,5,3.69
2399,17,2.84
17,24,4.5
1239,21,2.49
1423,22,3.01
2462,19,1.14
1268,39,2.01
2054,29,1.9
780,1,2.74
2135,8,1.95
2237,17,2.34
1640,29,3.13
420,13,3.46
1827,12,2.4
2296,33,3.41
860,36,3.89
207,37,1.56
2472,37,2.01
2597,27,3.69
2535,36,2.92
2181,14,4.0
2041,39,4.17
115,14,3.01
2425,18,3.52
211,34,3.65
132,18,3.66
1398,39,4.1
154,13,3.89
920,16,3.66
1447,17,3.22
952,8,1.62
2854,34,4.28
1390,3,2.76
1718,21,3.56
147,8,3.93
1818,31,2.68
715,26,2.43
1597,3,1.35
2279,5,2.16
2499,9,2.93
1524,6,3.56
907,39,3.23
1647,23,2.32
1725,15,2.31
2031,16,2.33
2155,28,3.09
2141,30,2.38
1660,26,4.2
829,13,2.1
2188,33,3.67
1338,26,3.13
11,20,3.75
2496,34,3.14
2975,20,3.85
2443,37,3.84
1529,14,2.13
378,34,2.48
361,5,2.73
2731,5,3.99
1572,19,4.26
642,26,3.66
573,28,1.71
1956,12,3.84
1585,24,2.76
923,28,3.61
2444,5,2.39
2234,20,3.51
1542,6,3.52
1815,29,3.13
2419,12,2.84
1890,27,2.91
1900,2,3.02
1228,8,4.51
2656,39,4.13
2330,28,3.21
1440,20,3.06
1057,16,3.09
2130,8,2.72
1507,14,3.36
2196,38,1.92
1631,16,2.5
965,33,1.69
992,29,3.98
2996,9,3.97
495,11,4.12
1194,32,2.63
2771,22,2.89
703,21,2.46
1031,11,2.92
1404,15,2.85
826,29,1.98
2482,14,1.79
1058,36,2.59
563,30,2.15
2186,28,2.34
367,9,3.39
2154,6,3.08
794,35,3.9
636,21,1.86
1706,32,2.82
987,6,3.44
958,38,2.81
855,17,3.55
2126,13,2.7
1570,1,2.0
2257,37,3.05
1435,23,3.62
8,29,2.49
737,28,3.33
2275,23,2.38
2223,34,3.46
81,17,3.48
1159,19,4.11
238,34,1.91
1496,16,1.06
1050,9,2.54
187,37,4.23
1906,36,3.69
630,3,2.56
1733,8,2.88
815,10,4.19
614,5,2.97
2940,1,3.8
1187,12,1.65
2226,2,3.16
985,2,3.0
2328,7,3.39
798,16,2.4
1078,32,1.46
67,37,2.35
544,20,3.55
1787,34,2.32
520,27,2.33
2547,2,4.23
946,11,1.89
1455,5,2.95
2775,35,3.05
1059,5,3.54
2237,3,2.6
1113,4,1.72
947,26,3.96
136,22,4.15
2594,19,1.7
793,17,1.98
1137,19,3.05
1363,16,1.79
555,27,2.57
2942,9,3.61
946,35,2.5
2573,19,3.35
2222,35,2.63
2685,16,2.59
2255,23,2.62
1367,21,2.91
949,29,4.33
104,23,3.45
1047,30,2.99
1861,29,3.17
2338,38,1.59
2615,13,3.31
964,38,2.39
838,2,1.84
2459,24,4.16
1583,5,3.28
882,23,3.27
2934,26,3.16
424,27,2.73
2203,38,3.31
2199,16,3.22
212,30,1.35
1216,9,2.71
881,23,2.66
755,25,2.18
1122,23,1.98
2589,35,3.92
701,38,3.71
2220,10,2.75
371,36,3.07
1733,0,3.46
1164,8,2.65
913,39,2.83
1829,15,1.73
802,16,2.71
2304,34,3.59
990,5,2.89
676,2,2.75
2912,6,2.58
416,4,3.26
2377,25,3.71
2966,34,2.5
1163,33,2.17
962,35,2.35
2872,20,3.63
1621,8,1.86
1536,15,1.69
249,28,3.53
1887,39,1.99
2793,30,3.58
2356,18,3.26
573,8,2.48
1809,14,2.78
798,22,3.34
1001,21,2.85
761,32,1.37
293,30,4.67
2458,6,3.39
198,7,3.0
80,39,2.4
1409,4,3.35
137,36,3.23
213,15,3.41
1863,2,2.57
619,23,2.9
960,39,4.8
2214,15,3.69
2478,13,4.14
2169,30,2.83
2379,5,3.43
1723,4,2.43
1162,32,3.03
1890,32,2.99
2041,34,3.76
1554,30,2.52
1100,20,3.72
2668,16,2.72
1689,3,2.53
37,4,3.51
845,35,2.6
1682,32,1.83
2845,19,2.97
1644,20,2.98
2334,16,3.12
1264,28,4.3
2935,19,2.5
2268,16,3.42
2044,26,3.28
216,39,3.06
681,38,2.65
2341,20,2.02
1813,35,2.51
1508,4,4.55
2091,33,4.55
1117,29,4.09
1293,16,4.2
1645,28,3.03
2741,16,3.34
1239,12,1.84
959,30,2.87
2162,24,3.83
2969,39,1.68
1149,15,1.58
2285,20,4.04
2701,20,3.82
1829,7,4.01
158,31,3.92
908,27,2.83
1529,0,3.4
2901,6,3.68
1141,35,3.3
2934,6,3.01
1560,25,2.98
2108,34,2.6
2449,8,3.0
1898,4,2.43
828,23,3.14
1801,23,3.56
1204,10,2.86
2524,35,3.23
2703,37,3.71
845,0,2.42
2972,0,3.2
1269,36,1.94
638,10,3.71
649,34,1.9
2261,28,2.58
1630,15,2.86
990,32,3.19
804,6,2.07
128,18,2.81
952,20,3.73
2265,18,3.98
2759,13,3.49
20,26,4.42
1782,17,2.0
675,25,4.75
2762,38,1.85
739,22,3.34
557,23,2.91
2245,3,4.42
2984,22,3.54
2726,29,2.12
504,15,2.47
1271,38,3.97
738,38,3.29
792,35,2.88
1371,34,3.63
197,27,2.76
1131,25,1.78
2829,14,3.53
744,9,2.78
1637,23,1.91
1184,15,2.11
2470,20,4.15
1631,2,2.28
1952,6,2.51
2039,6,3.64
1337,1,3.88
2480,28,3.86
926,18,4.24
235,13,2.38
2375,13,3.84
2982,0,2.3
479,0,2.14
2476,37,2.04
666,20,3.41
1124,22,3.64
2906,6,3.78
1388,1,2.02
642,13,1.86
2859,24,1.87
1517,18,3.54
575,24,3.69
1722,2,3.32
1019,5,3.49
1328,33,3.01
2851,7,2.23
400,38,2.67
595,10,2.04
1457,23,4.11
1596,10,1.83
117,24,2.33
383,12,3.33
859,7,2.73
2130,37,2.33
1851,20,3.04
832,12,1.54
873,23,2.51
2701,12,3.64
2782,26,2.66
2118,21,1.9
387,34,3.64
2007,16,2.35
2572,29,3.79
297,39,2.62
2665,27,2.84
719,35,3.95
1599,5,2.94
2226,18,2.74
1967,16,4.22
1183,19,3.04
11,20,3.96
785,24,2.5
411,1,2.6
2940,19,2.51
2655,39,3.41
2203,19,3.06
1230,18,1.69
599,27,3.9
824,30,2.96
2398,4,3.11
1122,0,2.32
2991,10,2.08
19,39,3.72
313,17,2.8
2975,10,1.96
2576,7,3.35
2605,6,2.14
2493,31,2.12
1946,0,3.35
231,12,3.57
2673,20,1.95
2937,20,3.57
2407,9,3.16
44,13,3.34
2925,12,2.75
2271,7,3.37
2950,38,2.21
1289,0,2.94
2319,1,3.25
2260,27,1.73
1520,28,3.17
1411,11,4.38
2295,15,2.73
2996,12,1.78
821,7,2.75
2120,30,1.83
2343,20,3.08
171,28,2.68
246,17,3.38
1165,29,2.69
1640,13,2.74
617,19,4.53
240,37,2.57
1957,30,3.39
2359,29,4.32
1440,18,4.5
398,3,3.09
1857,4,2.37
923,10,4.22
792,14,4.5
1907,30,2.35
1905,34,2.71
2070,20,3.04
813,17,3.23
904,3,2.98
1731,15,3.55
832,39,3.55
1395,36,3.44
1967,1,3.02
1045,1,4.39
2555,4,3.75
2208,25,3.17
744,0,4.37
813,19,2.71
1580,12,3.28
1376,12,3.31
2228,33,3.12
1651,19,1.82
2261,37,3.78
530,38,4.25
1419,37,2.09
2075,37,1.81
939,4,3.24
2918,23,4.05
2486,17,2.48
285,10,4.19
2709,13,1.45
1821,37,2.93
649,34,2.7
189,19,3.0
1726,37,2.35
1223,2,3.16
1126,26,2.71
479,34,2.78
2651,2,1.58
2044,24,3.32
2026,4,2.71
517,10,2.93
1889,7,2.64
1551,23,3.12
1541,0,2.19
2964,7,3.28
2278,30,3.02
2917,16,3.25
1138,0,2.73
1540,14,1.68
1749,8,3.38
2807,26,2.57
34,37,3.68
296,16,3.68
2501,25,3.78
1430,8,1.95
1151,30,2.73
2190,7,4.49
1988,26,4.44
648,30,2.6
2176,39,1.2
2883,38,2.62
1710,23,4.07
2973,15,3.88
2778,39,1.97
1548,31,2.51
463,33,2.7
2612,15,3.86
1210,31,3.53
514,38,2.6
1,9,3.52
1263,23,3.19
1079,8,3.19
1472,18,2.47
338,6,3.15
2956,0,2.91
2866,9,2.91
1128,2,2.26
2393,1,3.84
977,35,3.56
883,12,3.14
2246,30,3.97
1038,35,1.93
1704,1,2.27
872,14,2.89
2590,8,3.43
457,28,3.23
1550,3,2.0
2798,10,1.85
366,30,2.22
2449,30,3.67
2622,29,2.83
2530,24,2.88
2158,26,1.55
2454,23,3.37
2357,5,1.68
160,11,2.81
844,7,4.01
2103,31,2.34
2809,25,2.88
2000,39,4.03
2304,10,4.35
2582,1,3.58
2470,7,1.97
2994,12,4.04
1639,18,2.65
2861,6,2.7
2935,10,1.51
2312,30,2.38
2796,30,3.12
2881,7,1.52
233,7,3.84
2728,29,2.73
233,16,3.7
558,3,4.01
2961,21,2.81
2729,17,4.01
1950,21,2.47
1460,20,2.18
335,14,3.54
2452,23,3.27
256,26,1.38
1090,19,3.67
2989,20,2.86
772,27,1.96
946,0,4.32
1112,6,3.04
311,36,3.15
1595,35,4.13
2730,35,2.4
1282,36,3.01
1582,19,4.26
2177,17,2.89
2829,21,3.14
2374,37,4.19
790,22,3.14
2065,20,3.65
2747,9,3.74
342,18,2.48
1003,6,4.14
838,21,3.91
628,13,3.56
2819,14,3.26
2926,25,1.88
1273,5,2.47
710,18,3.6
2897,7,3.86
739,23,3.42
2225,24,2.45
1779,1,4.31
946,36,2.65
2405,33,2.44
495,24,2.92
35,19,3.17
1431,0,2.46
1992,9,2.67
818,36,2.99
10,36,3.07
986,9,3.37
1738,1,3.12
2579,6,3.71
1559,20,3.34
2143,22,2.9
2624,30,3.31
450,32,3.1
1244,11,4.1
2144,6,2.78
865,18,3.57
1801,29,3.29
2717,39,2.49
207,20,2.22
1810,18,3.71
850,1,1.82
246,22,3.13
1735,3,3.63
1998,25,3.52
2932,25,3.55
2131,29,3.89
317,27,2.36
2693,28,3.71
2418,16,2.2
2797,15,3.49
1720,5,3.04
2678,21,1.8
2228,14,4.5
1807,19,4.24
2650,14,2.08
600,37,4.15
1107,5,3.05
1556,19,2.99
841,24,2.84
348,23,2.62
1296,10,2.68
331,11,3.7
610,23,3.98
1945,6,2.88
744,31,3.39
569,2,2.91
1685,27,4.35
2437,4,4.24
971,19,3.06
747,35,2.96
2185,10,2.73
1765,7,1.75
1385,28,2.48
2330,8,2.53
1226,19,3.89
1019,26,2.5
2792,14,2.99
2579,9,3.62
16,26,3.25
568,7,3.99
2025,5,2.4
1614,23,1.87
2078,4,2.77
1543,6,3.22
1932,11,3.88
2712,34,3.37
2923,33,4.16
2070,16,3.31
1455,38,2.5
1703,1,3.41
2708,39,2.06
1434,21,2.28
325,17,3.59
1322,8,3.33
2229,35,3.25
122,29,4.61
2172,34,3.29
1477,21,1.98
266,32,3.23
28,9,3.2
1283,19,1.69
2125,27,1.93
432,4,4.06
879,37,2.96
2942,29,3.3
1059,31,1.77
436,14,3.04
1086,15,3.19
2100,32,3.34
2164,34,2.56
2095,31,3.71
2486,19,3.36
101,32,3.48
1303,29,3.14
2155,10,3.47
983,16,1.92
2407,22,2.68
887,9,2.79
800,22,2.32
1026,10,2.24
1516,24,2.75
1904,37,2.48
1914,18,3.81
1296,23,3.01
1168,20,3.38
435,4,2.37
1475,16,3.05
2652,17,2.8
2614,25,2.64
916,0,3.55
2276,4,2.94
545,4,3.3
1238,27,2.74
648,14,3.78
2296,16,4.17
1432,36,2.2
1077,19,2.58
1600,35,1.87
2362,12,2.14
37,9,2.74
724,20,3.22
1548,26,2.37
980,39,2.8
84,12,2.43
2948,9,1.52
1118,34,4.28
1366,23,3.63
719,20,2.7
550,38,3.67
1372,33,3.03
2763,28,2.46
587,22,1.55
1865,36,4.14
152,4,2.65
1062,11,3.87
2213,1,1.96
2986,17,2.23
1568,11,3.17
212,24,3.8
2574,39,4.07
742,24,3.5
2180,29,3.83
96,34,1.91
1527,23,2.67
522,30,2.49
2422,0,4.42
1040,33,3.17
1703,15,1.64
2656,8,2.64
18,30,1.98
1720,14,3.84
978,33,2.99
879,2,4.0
594,24,3.44
643,18,3.56
2177,1,3.12
801,25,2.69
455,22,3.12
1610,18,4.23
876,32,2.96
2619,14,3.93
1096,37,3.47
1014,25,2.62
1111,33,4.19
2449,23,2.82
462,27,3.13
2137,31,1.96
2871,35,3.83
2054,29,2.07
945,25,1.84
84,33,3.62
1440,20,2.68
2669,29,3.98
1136,39,2.8
2220,10,3.91
699,12,2.82
1821,11,4.07
2321,1,2.38
530,33,2.72
319,24,1.85
1099,23,2.9
2477,21,3.88
2895,13,3.04
249,8,3.46
387,37,4.18
1958,3,2.02
1891,29,1.84
363,1,2.48
2116,29,2.93
2486,25,3.9
1556,18,3.75
1807,12,1.81
296,7,1.85
2695,21,3.12
1992,11,3.71
2081,7,2.94
1398,25,3.12
32,11,1.99
555,39,2.3
305,31,2.44
793,23,3.27
1132,28,3.03
96,1,2.76
1090,27,2.03
2569,3,3.1
230,32,4.31
2781,15,4.09
358,18,4.42
402,12,3.28
790,24,3.26
99,18,2.4
271,24,2.58
1799,1,1.75
362,5,3.26
1188,21,1.34
2576,28,3.92
540,19,1.3
1866,32,1.67
2643,1,3.48
833,38,3.37
2445,27,2.78
1060,4,4.44
2543,3,2.84
314,37,3.03
2538,9,3.03
1300,17,2.85
233,10,2.58
1640,30,3.22
1030,31,3.03
2712,29,3.28
244,15,2.86
2289,30,3.61
2606,34,2.44
2123,31,3.73
2331,8,2.0
1559,34,1.55
87,12,3.22
881,35,3.05
2978,33,2.28
1173,17,3.1
160,24,2.96
2494,23,2.97
2130,12,4.1
2230,38,1.71
2918,20,2.93
1550,30,2.93
478,21,3.85
2231,34,2.43
1580,11,3.7
2222,2,3.25
2062,28,2.07
1961,32,2.58
2121,7,3.05
2562,7,2.17
1746,26,3.47
602,0,3.76
2391,30,2.88
1420,11,3.11
1919,8,2.8
333,36,3.16
355,29,4.14
847,16,3.79
163,17,2.94
116,35,2.9
1103,38,2.13
1471,22,3.58
1907,3,4.53
1047,37,3.55
2839,9,2.78
543,21,2.8
414,18,2.81
682,22,3.98
642,38,2.32
1433,35,2.81
669,17,3.6
2070,38,2.2
969,3,2.34
1705,5,1.68
1181,5,3.07
2378,23,2.44
1046,20,3.07
1496,32,2.85
1288,2,2.68
2950,22,2.98
1799,35,3.33
724,8,2.09
1160,35,2.44
252,13,3.2
205,26,2.96
1880,25,4.13
2880,25,1.96
791,30,2.73
1085,11,2.11
465,3,3.73
1842,18,3.45
1326,6,2.93
1496,0,3.92
394,11,2.36
1631,22,3.24
2029,27,2.6
2708,31,3.57
912,10,3.07
1283,29,2.17
2578,33,3.11
1211,15,2.79
1236,5,2.8
1059,18,3.23
1171,6,2.77
1273,10,3.41
57,22,3.35
1893,17,3.62
2570,0,2.92
1749,19,2.78
361,2,4.12
2282,13,2.32
1949,26,2.1
223,21,3.37
1640,0,2.74
327,19,2.73
1122,25,2.13
1250,32,2.28
1758,38,2.66
836,11,2.81
2537,39,3.53
2526,31,3.45
985,2,3.03
1358,30,2.64
792,39,3.58
1887,10,2.27
2560,7,2.31
382,36,1.82
1447,29,2.81
1372,37,4.25
1875,25,1.73
2500,13,3.38
2009,18,1.74
1143,24,2.59
214,14,2.81
565,27,3.14
732,14,2.82
439,11,2.92
2803,35,3.28
1589,19,3.38
629,9,1.86
903,25,2.19
1471,12,2.59
395,25,2.28
247,6,3.34
2953,29,1.79
2296,16,3.74
1637,9,4.06
2647,9,3.41
2913,13,3.95
1473,31,2.99
2132,31,3.32
2821,8,3.15
1245,27,4.48
2099,33,3.27
2598,2,4.39
2819,2,3.35
981,36,2.03
1211,29,2.34
1549,20,2.51
2513,38,3.19
419,32,3.84
2135,25,3.8
259,4,2.02
2359,32,1.58
2221,11,3.11
1520,33,1.62
1269,22,2.97
940,34,4.67
2553,15,2.57
2377,26,1.91
196,10,3.04
62,27,2.16
562,35,4.73
2945,17,3.55
2892,34,3.08
40,3,3.57
1768,26,2.72
2776,14,2.37
2038,23,2.26
2505,19,2.05
2926,6,4.64
1876,39,3.7
788,35,2.09
1877,20,3.06
2,30,3.25
1493,37,2.47
1130,8,3.38
2264,12,3.43
777,14,2.74
2727,26,1.34
1783,18,3.7
414,17,3.6
210,36,2.97
1964,18,1.6
2091,27,2.22
2186,11,2.39
1645,8,2.28
1584,22,2.92
2686,4,2.48
2517,30,3.64
726,30,3.87
1413,35,3.52
1222,33,1.46
2250,9,3.52
2240,0,3.35
107,17,3.44
327,33,3.68
2798,37,3.19
644,1,3.02
357,18,4.16
2643,22,2.5
2549,16,2.04
1308,19,1.94
2516,16,2.71
508,11,2.56
2154,38,2.81
1090,38,3.33
195,22,3.4
1212,19,2.97
47,31,4.32
1386,24,3.12
2585,37,2.12
1602,0,2.34
1511,10,3.15
847,22,3.42
1603,22,2.78
709,6,2.02
808,3,2.88
2660,23,2.56
115,1,3.38
2728,10,3.08
631,22,2.41
2267,13,3.05
197,21,3.99
401,28,3.1
2797,0,3.34
2729,25,2.4
2040,38,2.98
76,0,4.0
1450,23,2.75
287,36,3.99
1569,23,3.24
1323,28,3.46
861,34,4.31
742,15,3.26
1731,31,3.1
2342,13,2.63
809,27,4.04
2934,1,1.94
1960,35,1.92
414,0,3.97
431,18,3.97
1814,21,3.64
1254,39,2.21
1919,2,3.87
2219,3,2.51
1341,12,3.21
544,14,3.8
1515,9,3.23
1412,4,2.8
72,38,2.58
1023,20,3.43
532,21,4.53
2287,18,3.35
2759,33,2.56
577,20,1.73
1113,5,4.3
1946,39,1.79
713,23,2.04
1559,37,2.87
642,25,4.53
2638,35,3.41
2238,15,3.86
812,34,3.61
1015,35,3.28
2673,31,3.37
1363,26,3.2
2022,24,3.3
2677,30,1.8
1541,7,2.58
2937,25,2.53
1862,4,2.95
784,1,1.67
671,34,2.84
2770,11,2.39
2574,30,3.66
2585,10,3.5
847,19,2.89
1242,38,3.19
1278,39,2.44
1385,5,3.46
1765,1,1.54
2962,18,3.66
178,2,3.8
276,22,3.18
2360,23,3.76
1666,11,2.23
791,17,4.25
1677,12,2.76
1425,4,2.91
1241,30,3.44
2746,21,3.83
27,39,3.08
2961,1,3.76
2470,1,3.03
2549,6,1.86
2956,22,3.68
2373,30,2.62
1348,2,3.18
1591,5,2.75
1727,22,2.54
285,33,1.5
1113,4,4.26
1069,7,2.96
2546,2,2.61
912,12,2.8
1815,10,3.24
2193,38,3.37
2996,34,2.77
82,30,1.77
980,0,2.25
1191,36,2.59
1773,18,2.23
1826,18,2.59
2536,27,2.05
1774,1,2.35
1334,10,2.61
2008,2,2.52
82,20,3.73
94,7,2.67
1345,12,2.69
343,0,3.32
2845,22,2.18
2409,19,3.25
1855,37,3.62
1090,27,2.74
624,6,2.07
868,15,4.39
2477,21,2.26
171,39,3.07
1783,15,2.96
578,17,4.07
68,5,2.84
1516,13,2.49
1058,32,1.99
1,0,1.57
2199,29,3.0
902,5,2.13
1808,33,2.46
2306,23,1.92
750,6,3.63
2676,12,3.1
795,8,2.02
2067,16,3.38
1820,34,2.84
2083,0,1.99
371,18,1.4
2539,16,1.46
2865,19,2.5
2055,28,3.65
2597,3,3.45
371,7,2.91
1689,19,3.08
757,7,3.85
1139,18,2.66
1361,33,4.1
2622,21,3.96
2729,10,2.61
1166,12,3.93
1509,3,3.21
1462,8,2.81
2136,3,2.96
463,18,2.83
481,39,3.64
823,4,3.45
524,21,2.47
2259,17,4.31
244,10,2.15
239,11,2.46
1221,26,1.66
769,10,2.41
235,16,2.6
2235,0,2.55
2761,0,3.26
497,30,1.54
1520,37,2.52
1904,5,4.08
2235,23,2.99
1635,25,1.99
936,32,3.1
1269,7,3.31
2361,15,3.34
819,21,4.58
22,24,1.63
2116,22,3.12
2440,14,3.27
1089,34,2.15
1828,4,3.85
1991,29,3.88
729,8,2.09
2589,30,3.1
2616,25,3.17
1874,11,2.58
2948,26,3.91
212,16,2.93
1774,18,4.35
200,26,3.21
987,32,2.22
178,15,2.39
1447,9,2.06
931,35,2.89
2037,3,2.44
1486,26,4.38
2092,26,1.49
1455,21,2.58
168,27,2.13
2335,18,4.35
2757,38,2.42
2385,37,3.2
586,20,3.45
1916,14,3.8
2231,38,3.56
16,19,2.54
1604,28,4.09
2935,15,2.95
837,37,3.19
2158,26,3.07
1577,0,3.2
306,9,3.77
2054,23,3.8
2891,6,2.38
1717,39,3.1
361,5,1.56
1209,38,2.51
1859,4,2.81
2704,20,1.75
1972,25,4.01
1124,18,3.92
1114,25,1.91
984,26,3.17
1270,32,3.37
2772,30,3.71
2163,13,2.13
2324,23,3.46
2128,28,1.72
179,19,3.31
561,24,2.27
2557,2,4.0
2308,9,2.05
1810,3,2.39
292,20,4.09
2933,13,3.97
291,6,4.07
542,20,2.53
1910,16,3.45
2812,22,3.44
594,29,2.66
1429,30,1.53
948,8,3.33
2528,19,3.5
1349,37,2.23
381,20,2.75
1705,7,4.36
310,38,2.8
1694,34,2.34
1499,10,3.56
2895,8,3.57
2473,9,2.07
1166,3,3.27
661,23,3.45
2274,22,3.67
1498,33,2.03
2073,17,3.86
2143,11,1.97
2556,0,2.34
565,16,2.57
1606,1,2.84
1200,36,1.83
644,0,3.65
1432,17,3.01
2538,0,2.32
1951,2,2.77
459,5,4.15
2949,20,3.2
338,33,2.07
1355,10,4.08
2014,39,3.66
345,12,1.91
576,36,1.78
1571,30,2.0
1548,11,4.01
943,29,4.25
346,28,3.55
325,13,2.21
2515,6,4.1
2139,19,1.56
294,16,3.1
524,3,3.18
2898,13,2.38
259,32,3.07
1111,2,4.38
1518,29,3.27
2234,36,2.2
2392,1,2.37
821,0,4.14
1893,7,3.53
2789,37,2.86
1540,7,2.11
569,34,3.77
2998,1,2.27
509,4,3.36
1564,32,2.99
2064,17,1.81
525,22,3.9
2248,5,2.28
1208,15,3.4
309,22,1.51
1840,13,2.36
1384,25,3.56
2307,38,2.38
1943,16,2.39
1181,14,4.46
2473,14,3.43
2827,18,2.37
1045,9,2.55
2687,27,3.7
2968,11,4.14
1012,10,3.41
350,23,2.49
961,10,3.26
438,14,2.96
456,0,2.85
2672,0,2.03
1570,9,4.31
1104,24,2.9
1476,35,2.58
1619,29,1.4
1513,7,2.96
643,12,3.43
392,15,2.34
2622,21,3.2
2081,28,3.17
921,21,1.55
1624,23,3.41
1946,5,3.35
2458,16,3.62
1115,31,1.99
413,35,3.62
2347,30,4.21
1789,1,2.17
2121,29,2.52
261,14,4.0
2738,9,2.11
2014,31,1.59
1336,36,1.91
959,23,2.6
1849,1,3.17
2039,31,2.9
2780,0,3.21
2733,27,3.62
1189,7,2.46
2888,39,1.52
335,29,3.18
2780,3,1.98
804,2,3.45
2438,7,1.56
2808,9,4.11
2931,27,4.27
972,16,2.21
1095,8,1.55
941,37,3.03
903,37,4.51
1269,12,2.5
24,39,2.89
557,12,2.06
2749,3,2.93
2451,3,3.15
1397,12,3.08
2489,31,2.35
1877,11,2.65
1758,30,2.42
882,27,2.71
2974,32,4.56
1879,4,2.06
1243,32,3.33
2533,21,3.91
1242,27,2.8
2079,21,2.09
2370,3,3.29
1274,24,2.59
566,17,4.31
2058,21,2.04
678,20,4.65
851,3,3.54
2975,36,1.6
285,38,2.56
2201,33,3.61
1553,10,1.76
371,39,4.38
2349,38,3.26
1841,0,2.6
1879,30,3.09
2194,36,3.94
1611,7,3.59
2750,20,2.01
141,0,4.18
2132,6,2.57
1130,19,3.71
1628,36,2.85
1379,26,2.04
2069,18,3.34
1245,35,2.7
1111,17,3.19
1716,24,2.95
453,36,4.28
342,23,3.67
393,25,2.38
1376,5,4.03
1270,35,2.55
1710,19,2.23
971,8,3.52
1607,0,2.3
2206,27,3.83
2859,28,1.37
699,4,1.69
166,23,2.68
2082,4,3.77
255,2,2.68
302,13,2.5
2268,24,3.11
935,4,2.1
2557,29,3.09
1506,28,3.35
1257,24,2.78
953,25,3.57
2263,27,2.01
245,34,3.49
2068,23,3.34
210,38,1.36
426,10,3.14
981,12,2.96
2120,26,3.18
178,14,2.46
1547,20,2.54
1899,31,4.67
2035,39,3.85
299,11,3.76
2314,35,3.24
2568,13,3.45
275,36,3.1
1729,21,4.03
1847,8,1.9
2996,34,4.28
1795,2,1.61
53,30,3.61
2860,35,2.41
1846,33,4.09
1424,16,2.1
1438,14,2.92
1628,39,2.38
1948,8,1.52
489,14,2.51
2550,19,3.79
2355,18,3.96
417,14,3.12
2557,36,3.43
921,5,4.69
1554,23,3.08
2686,7,1.74
666,1,3.21
6,8,2.09
2470,21,2.93
1475,1,3.1
2438,37,2.5
2382,35,2.28
1472,7,3.09
338,12,3.77
2896,30,3.67
269,29,2.87
2113,21,2.57
2726,11,3.25
1088,20,2.74
1294,13,4.86
657,37,2.76
1401,26,3.73
1869,4,2.98
2829,31,2.47
2377,27,3.49
2566,11,2.64
1657,27,2.62
862,5,3.66
2469,29,1.89
1337,0,2.25
2357,32,3.99
2862,18,2.74
2894,29,3.64
1668,5,3.8
1826,14,2.1
1213,38,2.92
2769,38,3.64
1066,27,2.85
2638,31,2.0
320,7,2.93
1681,0,4.13
445,8,3.6
1398,10,1.5
286,27,3.27
2219,31,3.59
2311,16,3.8
2990,21,4.03
1828,12,1.62
2190,2,3.09
1464,13,2.94
2676,26,2.75
593,7,2.59
416,29,2.71
2073,5,2.5
2675,11,3.49
94,4,2.76
2353,27,2.69
2233,35,4.29
2331,12,2.67
1179,12,3.4
686,32,1.45
863,23,1.18
685,28,2.06
2714,12,2.52
1038,18,3.27
2938,32,3.23
2864,12,4.33
341,27,3.67
604,15,3.59
1807,7,3.61
734,4,4.28
1497,32,2.42
2867,23,3.43
2955,15,2.49
1132,33,4.16
1355,5,3.1
540,32,4.15
2487,36,3.17
1733,31,1.86
1736,39,1.81
2714,3,3.24
2432,36,3.56
2630,8,2.9
2208,23,2.79
2480,25,2.69
1420,21,3.33
1990,21,1.69
615,20,4.39
488,25,3.35
1213,7,3.21
1442,11,3.23
2391,35,3.21
1385,5,3.35
2157,2,3.24
849,21,3.4
301,2,3.11
1392,33,2.74
1340,31,2.85
705,34,3.37
269,38,1.92
1525,17,3.14
478,36,3.43
176,19,1.63
239,29,3.8
2941,6,2.27
1969,3,2.52
610,13,3.72
2907,29,1.92
1788,13,2.05
492,26,2.85
2147,27,2.21
329,35,2.79
445,32,3.26
1690,39,3.9
998,27,4.33
2343,2,2.11
442,6,4.58
795,22,2.8
1832,36,2.36
891,34,4.18
2079,12,2.1
1155,4,4.36
1752,27,1.73
2486,39,2.67
1350,23,3.09
2334,13,2.83
291,0,2.04
368,38,4.82
486,11,2.53
2603,23,2.84
168,18,2.41
1885,3,2.37
1791,28,2.42
2819,29,4.28
78,0,2.72
2899,12,3.87
1109,23,3.93
892,37,3.06
661,34,1.61
1225,27,3.2
589,23,3.65
2810,31,1.75
565,30,2.5
2860,12,2.83
302,37,1.52
2341,21,2.59
294,6,3.78
109,12,2.93
2413,4,1.31
2648,34,3.84
2726,30,3.31
1518,28,3.32
2141,26,4.26
1709,27,1.8
428,27,2.11
638,15,3.23
2416,14,3.07
105,19,3.25
2257,8,4.16
2522,21,4.7
1085,13,2.87
12,29,4.43
2514,22,2.88
649,27,1.95
875,12,2.97
2434,15,2.51
884,5,3.41
555,34,2.4
1460,8,3.53
2702,14,3.83
1344,29,2.79
1895,11,1.72
2913,31,4.19
989,35,2.91
1580,22,2.63
353,37,4.6
2562,11,3.16
1507,3,2.14
2852,37,1.92
2030,39,1.67
1847,13,2.95
2391,10,4.33
2384,20,1.69
2072,32,3.08
885,10,3.08
1466,19,1.71
2152,32,1.75
574,11,3.59
1689,39,1.86
775,16,3.3
2935,16,3.25
243,36,4.51
2390,23,3.9
2681,20,3.99
865,16,3.23
2221,19,3.2
1440,18,2.78
2151,32,3.06
2208,6,3.49
714,29,1.91
2605,20,2.35
576,5,2.93
2244,29,3.33
989,14,3.94
1415,6,3.81
2982,20,3.08
70,0,3.0
843,9,3.19
2295,15,2.7
2377,16,3.43
2206,14,1.7
918,28,2.73
2746,39,3.18
743,8,3.86
2633,14,3.8
55,22,3.02
2534,5,1.59
1838,10,2.12
1377,17,3.53
410,2,2.48
2953,5,2.99
2775,27,4.28
1039,16,1.89
147,16,2.98
1514,31,3.79
1680,9,3.19
1049,32,4.45
1715,10,2.53
2381,12,3.55
1198,39,2.08
1799,7,2.26
2338,28,3.39
2618,6,3.03
2839,13,3.28
2957,8,3.91
27,25,2.58
1125,19,2.27
2974,7,2.93
2436,20,4.45
1091,25,3.01
250,21,2.77
142,36,2.0
267,3,2.06
215,8,3.75
489,35,2.51
496,16,2.19
480,35,2.54
2691,10,3.75
1,1,3.63
1904,15,3.74
841,22,2.69
2428,0,2.22
844,28,2.95
1886,22,2.19
2350,29,2.69
650,13,2.7
1441,23,2.84
1894,11,2.96
2857,37,4.26
1302,28,2.83
2387,37,3.01
1483,22,1.91
1726,13,4.32
1355,14,1.19
1294,16,3.02
2714,14,3.65
1196,15,2.37
404,20,1.43
1492,14,1.63
2295,37,1.51
1547,2,4.33
2607,38,3.12
2826,37,4.09
1853,29,2.36
111,35,2.56
813,26,3.21
930,30,2.05
886,18,2.4
909,29,2.37
2839,6,3.6
2340,32,2.38
1983,1,2.9
175,0,2.52
2157,8,2.12
1364,28,2.69
2896,3,3.27
1038,25,2.32
2741,7,2.66
2091,7,1.53
461,23,3.55
2753,6,2.97
149,25,4.09
338,5,2.85
1003,9,3.35
2272,6,1.83
1134,25,2.43
354,38,2.68
1108,22,3.52
2603,26,3.85
2114,0,2.74
1915,18,2.44
2669,23,2.64
1110,16,2.99
84,39,2.18
1978,13,3.15
227,37,3.1
2940,11,3.92
1013,35,3.79
20,39,2.57
2803,2,2.58
1467,23,2.93
2989,26,2.44
270,38,3.87
2454,31,3.31
1532,24,2.83
304,4,2.5
1309,32,2.32
810,8,2.32
1053,39,2.83
2439,1,3.79
1933,16,2.59
2041,1,3.9
909,14,1.8
142,28,2.78
2694,0,2.78
1680,3,2.66
809,15,2.94
948,22,2.32
2293,25,2.55
766,13,2.56
2924,37,2.52
2960,6,3.17
920,25,2.31
939,16,2.22
2497,20,1.68
2314,25,2.73
1263,16,3.75
2298,22,2.78
955,36,2.38
1315,7,2.97
543,14,4.18
2680,26,2.59
1103,0,4.06
2955,11,4.55
2569,4,2.88
2932,38,2.64
2782,18,1.66
144,20,2.73
2992,29,3.01
2613,35,3.23
1200,2,2.96
2118,13,3.09
2681,38,2.28
2937,27,1.61
2849,29,2.89
2228,4,1.95
593,15,1.66
567,19,3.64
691,31,2.38
1134,1,3.34
665,2,2.68
1983,39,4.01
406,17,2.64
986,19,1.92
2685,31,1.81
1417,10,2.93
517,25,3.18
850,31,3.07
1902,24,1.44
908,31,2.84
316,30,3.18
1286,23,1.59
1508,31,2.26
27,9,2.29
1519,6,3.13
55,7,3.17
1935,38,3.75
1856,12,2.37
249,37,2.64
2321,39,2.24
1802,23,1.33
2239,10,4.68
2623,4,2.38
857,35,3.52
1470,29,4.03
1877,6,1.91
1526,30,1.96
2664,31,2.58
1417,16,2.27
1795,4,3.12
2721,39,3.16
2731,25,3.88
109,30,3.87
2700,3,3.77
981,24,2.26
2274,6,3.68
353,29,2.96
1428,30,3.09
1731,23,4.15
2193,24,1.65
1778,6,1.81
2963,15,3.83
1117,21,3.55
2321,10,2.99
534,30,1.38
1218,31,3.24
2508,28,4.08
2989,0,3.85
2229,1,3.87
1256,12,3.13
1980,21,1.77
2077,20,3.73
532,29,3.28
1945,17,4.3
140,29,2.81
2146,37,3.0
262,27,3.14
19,0,2.85
2060,17,2.51
2585,26,3.59
1549,6,3.14
1489,6,3.03
2307,19,3.67
2072,3,4.06
1032,14,3.8
228,17,4.54
376,35,3.4
1147,8,3.19
1114,5,1.86
2272,27,2.94
736,11,2.64
257,11,3.96
2563,27,3.66
833,14,2.52
1807,27,2.39
701,36,3.61
911,21,4.53
699,6,3.46
438,10,3.28
1724,16,3.6
2085,20,2.8
1685,15,3.79
2154,29,2.79
615,11,3.58
1943,29,2.46
1913,7,2.64
2280,26,2.98
2915,25,2.89
1041,11,1.81
1183,35,3.46
960,2,2.66
1840,12,2.01
1306,9,3.44
278,14,3.69
125,26,3.99
1344,11,3.69
675,20,3.56
715,33,2.92
2011,19,1.83
1506,12,3.38
2715,21,2.72
1348,3,2.23
913,1,3.81
1990,32,3.56
2443,2,2.59
773,1,2.57
2234,39,3.76
2514,12,1.99
1081,31,3.58
1753,25,3.34
2506,1,4.01
1001,2,2.75
1738,17,3.32
74,20,2.8
1109,36,2.86
2680,9,2.3
1038,7,2.83
2888,7,3.77
1665,8,1.84
912,21,2.79
794,19,3.35
2097,32,3.22
359,32,2.95
2290,9,2.39
1858,24,2.6
1077,30,1.61
1801,3,3.65
1576,5,2.78
1720,21,4.3
1669,29,2.81
2104,26,2.82
879,39,3.6
2303,26,4.2
5,33,2.64
1605,16,3.46
1076,29,2.65
329,16,3.36
2146,18,4.14
1003,39,2.41
783,21,2.52
577,28,3.58
327,21,2.75
2291,32,2.48
1528,1,2.15
2415,17,3.21
2822,8,2.87
2772,8,2.41
1466,22,2.59
2282,38,2.04
652,29,3.95
2381,21,3.37
495,34,1.95
1139,32,3.5
2417,38,2.81
1357,6,3.45
1154,34,3.37
2143,31,3.39
2955,20,2.53
1125,15,4.16
1220,19,3.27
802,3,3.82
2043,35,2.96
208,32,4.04
2655,32,2.12
473,19,2.68
1639,17,4.35
1032,3,4.69
136,18,4.64
2658,32,2.69
2959,36,3.31
261,4,2.31
1171,16,4.15
458,24,2.98
1929,30,3.55
1721,13,3.27
1437,18,1.8
2280,29,3.16
2149,31,2.71
147,5,1.72
717,5,2.46
507,1,3.77
2606,34,4.07
2152,35,3.99
2384,36,2.45
446,23,2.4
2782,4,1.54
444,27,1.9
118,24,3.39
1541,35,3.41
929,14,3.94
2771,37,3.44
567,34,3.11
1937,25,2.85
88,1,1.74
1653,4,2.89
476,0,2.87
1706,39,3.42
1509,6,4.23
295,39,3.3
720,8,3.1
1405,39,2.79
995,10,1.88
1307,31,1.64
2892,11,3.28
686,3,3.35
2687,10,1.85
1204,22,1.92
961,35,3.1
935,8,4.38
2938,23,2.91
2962,9,3.73
406,8,3.18
1291,1,2.6
1618,4,2.61
1088,39,4.22
119,12,3.71
2389,37,3.33
313,26,1.62
163,12,4.08
1529,4,2.2
293,11,2.03
690,21,3.05
1401,20,3.2
1566,5,4.12
673,19,3.13
399,27,3.51
2957,4,3.42
2535,1,2.72
1048,9,3.47
1943,28,1.73
2797,19,2.81
240,23,3.06
2359,31,1.92
2369,3,2.08
672,24,2.44
2620,33,2.46
2462,39,3.79
402,22,1.73
2107,16,1.8
53,20,2.26
1088,29,2.19
2681,23,2.68
1143,1,2.13
286,33,3.01
2066,3,4.39
1029,33,2.41
1929,37,2.49
160,14,3.5
142,11,3.85
397,17,3.88
1042,36,2.62
2628,35,2.66
534,34,2.05
1556,4,2.58
2959,21,1.77
1799,8,3.65
2509,14,4.01
1634,29,2.54
286,11,3.1
1029,30,3.44
2177,37,2.67
956,10,3.18
671,30,4.24
499,17,3.33
2324,15,2.4
1107,21,2.83
1856,33,1.6
1142,7,3.54
2077,34,3.21
2698,17,3.01
1181,36,2.83
2079,6,3.9
2891,8,1.95
2007,28,1.75
1310,2,3.25
1689,34,3.54
336,33,3.8
570,18,3.01
2361,18,4.06
599,9,3.05
1147,28,3.89
865,27,3.31
2419,18,2.56
805,30,2.13
314,30,4.47
28,8,2.74
1254,4,4.65
1030,27,2.26
2521,10,3.32
1997,20,1.92
1342,18,2.4
1249,38,2.82
2137,39,2.7
2088,18,2.55
681,36,3.8
375,38,2.15
2441,12,2.97
1042,24,2.32
1551,2,2.41
2180,32,2.84
2338,7,2.72
1854,4,2.55
806,2,3.21
2257,0,3.29
2375,17,3.01
2551,37,1.56
279,18,3.38
1406,1,2.87
788,8,2.64
952,16,1.51
1333,6,2.48
277,13,2.93
2346,33,2.6
433,22,4.09
1010,14,3.46
1096,31,3.18
317,14,4.43
1212,13,3.6
121,11,2.15
1366,32,2.45
2701,23,3.36
304,24,2.41
936,1,3.47
2769,3,2.92
496,5,2.0
2233,33,3.81
2936,29,1.92
2856,17,2.14
2380,16,1.71
713,11,3.97
2624,37,2.86
350,27,2.89
2886,5,1.51
2368,11,2.76
2585,2,4.18
2460,33,3.64
906,0,2.4
1828,22,3.26
2581,2,2.61
502,27,1.54
1178,13,3.67
914,10,3.01
1516,4,1.88
527,2,3.03
1193,20,3.96
2027,20,2.15
711,25,2.97
2041,7,3.06
2798,6,2.66
112,5,2.66
2511,37,2.53
2100,35,4.19
1673,0,3.3
2303,11,2.3
1651,32,4.64
300,20,2.75
958,12,2.43
2475,32,3.13
1891,37,2.72
307,10,3.83
2147,22,2.0
121,19,3.54
2019,15,4.01
2278,31,2.77
2699,39,2.11
1278,27,2.95
1428,4,2.71
1518,38,3.55
1186,32,3.49
1932,11,3.37
1456,15,2.2
1180,7,2.97
1347,24,2.44
629,20,4.69
1215,31,2.96
1200,39,3.42
1962,0,3.8
2996,36,3.18
517,37,4.27
845,14,3.06
1548,36,3.59
1595,33,3.7
2881,2,3.42
820,34,3.98
2859,21,3.26
762,8,2.29
1363,39,3.44
2367,30,3.79
111,25,2.1
1842,33,3.62
807,31,2.45
1497,13,3.71
1244,35,3.73
487,27,3.25
811,5,2.81
2044,27,4.55
517,17,2.94
835,37,3.66
624,36,3.18
1048,17,2.28
1565,1,3.97
1156,36,3.09
2604,6,3.83
1345,12,4.25
497,21,3.32
2936,22,2.66
2430,8,1.84
2264,33,3.71
2804,33,3.53
543,38,2.41
916,1,3.1
1802,30,2.0
82,15,3.03
994,21,2.19
1180,2,3.33
166,14,2.48
2256,1,1.38
2072,36,1.99
807,26,2.03
2935,27,2.56
2739,19,3.74
332,35,2.06
1586,21,3.04
1535,25,2.56
1617,39,3.93
2289,27,2.41
2884,4,2.16
181,16,4.6
1317,25,3.32
2017,26,2.34
1107,29,3.53
1590,12,3.35
2138,7,1.82
2487,24,3.25
1739,36,2.72
2591,26,3.51
2241,21,2.58
488,13,3.85
612,31,2.8
1113,31,3.3
1398,15,3.51
1457,5,2.57
2194,25,2.68
1338,23,4.33
327,13,1.8
2201,6,2.54
402,9,4.55
2868,18,2.28
488,5,3.5
2115,39,3.31
2137,34,2.41
1159,0,1.52
2250,38,3.15
2476,9,1.98
2988,27,2.81
1203,15,4.04
2387,10,3.37
79,10,2.22
1621,26,3.54
1557,28,3.88
378,24,2.39
165,37,3.38
1564,25,2.33
749,33,2.7
1721,4,2.95
2985,21,4.17
1846,19,2.89
155,20,3.89
1147,36,3.56
1064,10,1.92
2217,1,3.58
2840,22,2.02
1354,20,1.77
1464,22,1.62
1517,27,2.51
2402,37,3.39
328,13,2.29
2546,33,3.63
1527,29,2.88
2393,37,2.79
2691,25,2.92
789,2,4.23
2425,29,3.75
1319,7,4.6
2482,39,2.8
2549,26,2.48
2569,22,4.66
562,37,2.86
513,24,2.98
516,20,3.84
1540,4,2.14
2545,30,1.21
2650,5,4.21
1186,22,3.56
667,10,2.42
1551,0,3.3
2413,23,2.41
1568,38,2.68
1449,3,2.57
967,15,2.83
1981,2,2.38
1599,3,4.02
1981,21,2.18
364,26,2.81
108,6,4.42
623,29,3.05
321,23,3.72
510,20,2.74
2720,15,1.49
1065,22,2.31
304,0,2.92
969,5,2.44
1439,3,2.35
1418,7,2.26
2413,39,4.11
2786,20,4.17
989,38,2.21
2200,9,3.57
259,16,2.49
2755,22,2.73
1975,4,2.72
2271,1,2.34
1290,26,3.01
230,8,3.47
2487,17,2.71
150,37,3.56
910,24,3.42
978,14,2.14
635,35,1.98
1894,14,3.27
2447,16,2.9
622,29,2.99
2191,8,3.27
948,11,3.28
1094,31,1.85
54,2,3.48
844,6,2.32
2986,33,1.97
2600,22,3.6
1866,14,2.87
299,18,2.78
2740,23,3.01
2606,9,2.87
445,20,3.25
98,26,4.33
2106,22,3.07
177,3,3.49
719,34,2.1
1309,24,2.69
2039,31,1.61
2714,30,1.58
323,11,3.87
2723,33,2.74
1724,16,2.82
1394,7,3.04
1990,2,2.78
846,23,4.07
90,1,2.95
131,2,2.89
1053,33,2.8
2710,12,2.05
2106,8,3.22
1081,9,3.84
994,28,3.18
1418,32,3.06
190,1,2.21
2124,31,3.6
2419,1,2.89
899,14,1.71
2899,36,2.28
1761,11,3.48
506,1,3.61
1967,39,2.13
183,13,4.44
154,8,2.33
1293,11,3.19
2951,36,1.98
1954,4,2.45
1047,22,3.15
2574,36,2.65
606,1,3.43
1367,33,2.02
2927,25,3.58
2387,2,4.7
1959,28,2.61
1065,39,3.01
1700,21,3.21
518,2,2.75
2455,27,1.71
138,21,4.05
1123,14,1.79
2389,9,2.97
1340,27,2.77
2590,34,2.93
2273,39,2.43
2309,12,2.28
1103,26,3.25
697,24,4.3
811,21,2.47
473,5,2.86
77,6,3.87
2310,2,2.58
1026,39,3.81
2065,20,1.8
344,5,2.12
940,26,2.35
2742,13,2.53
846,31,4.29
1031,15,2.67
2294,38,3.14
986,10,2.65
174,32,3.47
846,39,3.7
693,33,3.98
1009,16,3.01
2329,29,2.28
1333,2,4.07
237,21,3.14
2205,25,3.89
1275,32,2.56
1245,2,3.03
338,2,3.17
1235,15,3.48
337,19,3.07
1158,9,1.98
1868,7,4.09
2819,17,2.7
495,19,4.3
547,13,3.29
161,0,3.75
2037,29,3.77
2653,36,3.15
2435,20,3.83
1742,38,2.58
1508,22,4.35
1526,7,3.5
988,34,2.71
1376,37,3.67
1554,13,3.26
2282,38,2.8
2024,39,2.17
1918,9,3.45
1869,28,1.63
1602,29,2.77
1300,20,2.08
711,4,3.31
2507,24,3.65
1477,13,3.7
2461,9,1.76
1042,37,3.21
72,27,3.83
2426,14,2.99
2047,13,4.63
2730,14,1.7
2882,33,3.0
1379,27,1.86
1818,38,1.59
2199,37,2.11
1104,18,3.14
720,15,4.27
2016,8,3.19
1932,8,2.11
2178,3,2.06
1195,12,1.67
406,27,3.9
1946,20,3.1
1057,27,4.13
536,23,3.23
2245,4,3.79
2965,0,1.44
1070,13,3.95
274,22,4.43
1767,9,3.16
133,21,3.83
264,20,3.56
367,32,1.42
2873,1,2.88
2053,35,3.62
2317,37,1.85
851,21,2.93
2781,4,3.4
1730,3,2.68
1445,21,2.92
1370,5,1.34
1949,19,3.52
2117,23,3.03
2848,31,2.37
358,39,2.09
1712,15,4.38
1410,28,3.26
325,5,3.47
751,19,3.72
256,10,4.13
2467,18,2.88
2259,9,2.3
911,10,2.09
584,4,3.87
577,19,3.54
2214,1,2.38
2262,30,3.27
2577,39,2.53
1872,21,3.1
1153,36,1.93
2051,37,2.99
895,27,3.24
2944,12,2.9
1784,21,1.96
1094,35,3.96
2100,37,3.5
437,33,4.37
1022,7,2.56
2142,6,1.79
2635,1,3.21
2651,4,1.88
2134,3,1.67
518,0,1.37
742,22,2.4
2025,33,4.34
2478,29,4.17
863,20,2.76
2042,3,3.26
2877,31,3.49
43,15,4.06
1848,17,2.79
1734,14,3.61
404,26,4.71
1327,36,3.72
1206,11,3.25
2217,33,2.48
2251,14,2.72
2754,33,2.81
2591,7,3.05
2150,11,2.96
1600,36,3.9
2394,37,3.97
2651,25,2.02
442,31,1.49
250,6,1.66
878,39,2.58
1887,34,4.28
1304,27,3.48
1741,27,2.73
1113,38,2.12
1945,32,2.46
2719,17,2.82
1899,4,3.48
2023,0,3.7
248,25,1.73
2700,2,3.57
2949,8,2.77
2139,13,3.29
568,37,1.49
1870,11,3.41
1863,35,2.93
1189,33,2.4
2596,39,2.62
1354,3,3.3
2128,4,3.8
934,12,3.72
981,13,1.93
870,8,3.13
169,20,2.71
2672,32,2.52
379,16,3.39
1233,25,3.52
1933,26,2.54
1926,31,3.34
194,22,1.96
264,11,2.41
1271,28,2.91
1654,29,2.97
1472,34,3.52
2016,19,2.21
1764,11,2.95
521,18,3.13
919,0,2.23
2527,39,2.2
1301,19,4.13
574,0,2.42
1538,27,3.69
1384,17,4.5
2891,35,2.32
1381,28,2.77
1524,39,4.44
896,35,3.75
1107,25,3.4
517,27,3.39
1024,5,2.93
896,36,2.43
465,9,1.97
1611,2,3.46
613,36,1.47
605,35,3.25
1655,29,2.48
621,35,4.01
2603,8,3.13
2184,25,2.13
2378,18,2.84
2443,14,3.11
156,30,2.53
2918,11,2.58
2586,32,3.02
2716,25,1.89
244,38,3.46
2595,38,2.9
450,25,2.89
2326,30,2.79
754,31,3.19
406,39,2.23
2819,21,1.97
1070,32,1.41
749,33,3.04
2820,38,3.19
1295,3,4.77
1580,37,3.3
2286,39,4.14
2036,21,1.91
1191,14,3.05
1400,1,3.42
2249,24,3.38
2794,25,3.76
2280,16,2.6
724,34,2.19
1442,23,2.8
1178,20,2.64
725,0,3.09
87,15,3.12
2751,37,3.3
2868,24,2.06
54,35,2.75
1752,1,3.29
1066,9,2.94
1254,30,2.02
742,17,3.88
2742,12,1.65
2484,16,3.72
1873,6,2.52
2642,28,1.81
2490,37,3.57
2215,29,2.14
1947,35,3.04
2614,23,2.23
1487,14,2.74
73,20,2.29
725,31,2.22
2996,17,3.14
270,29,3.63
219,18,3.96
547,7,3.33
1102,26,2.91
2356,35,2.53
1789,10,3.46
1969,19,3.8
1928,8,3.3
421,15,3.57
1260,10,2.44
1858,0,4.0
2897,36,2.36
2934,37,2.02
2510,1,3.35
585,35,2.15
1563,25,2.78
2964,7,3.46
2086,22,3.79
1790,18,1.5
2474,35,3.66
1893,35,2.79
2482,23,2.01
205,0,3.01
2753,18,4.71
742,24,2.94
1205,29,1.65
2088,30,4.12
2889,13,2.3
2954,5,1.55
168,7,4.04
642,15,3.61
1106,29,2.28
2735,30,2.78
1824,6,3.05
2648,30,1.64
102,22,2.82
2808,0,1.47
2766,38,3.43
89,11,3.81
2393,30,2.88
2848,28,3.57
1947,0,4.32
608,12,3.54
2207,38,4.02
2584,13,2.5
2211,20,2.3
286,13,3.02
865,0,2.97
55,5,4.14
576,23,3.08
2081,36,3.19
558,22,3.51
731,2,2.86
993,32,2.31
801,2,1.84
196,7,3.46
448,37,3.43
1822,34,4.5
1615,22,2.78
2973,37,3.33
92,1,2.5
608,24,3.66
1252,29,1.82
286,14,3.15
2922,35,2.65
102,6,2.45
140,22,4.17
835,30,3.11
1679,0,2.51
2314,30,3.54
2621,3,2.68
535,26,2.92
2571,23,1.5
16,19,4.32
561,38,2.66
2926,28,3.96
2384,30,3.85
910,37,2.86
1414,0,1.99
2218,12,4.53
913,15,2.71
119,35,1.99
2058,36,2.13
2478,21,2.06
1492,5,3.49
2097,18,2.86
2255,13,1.55
514,19,2.13
2008,24,2.66
1234,32,3.6
1163,28,3.54
37,15,2.45
2266,32,2.55
1480,28,2.5
1536,29,3.4
2228,33,2.84
1541,20,3.21
130,8,1.29
2659,35,3.57
1772,26,3.49
2707,1,3.35
359,10,2.48
2675,22,2.17
1623,7,2.7
1582,31,3.45
1178,21,3.92
506,34,2.58
1533,7,3.93
818,34,3.87
794,1,3.65
839,28,3.54
623,31,3.9
2677,9,1.39
97,14,3.65
1964,7,2.04
1306,19,1.38
1725,0,3.37
2867,33,2.72
599,37,4.3
2982,25,1.82
429,34,3.06
1567,27,3.41
1325,30,1.91
2591,29,2.17
2415,8,3.83
1853,37,3.68
1768,6,3.02
1069,34,3.51
1517,18,3.08
1340,36,2.96
2100,36,2.98
564,35,2.83
2547,24,3.14
977,16,3.15
1342,24,4.11
1434,20,2.99
2371,19,2.58
1615,25,2.92
1585,29,2.21
1254,8,4.48
1368,11,3.73
1395,16,2.92
556,38,1.61
1271,12,3.47
219,28,2.11
534,3,1.52
2690,6,2.12
2567,29,4.56
1496,9,3.22
1374,38,2.18
44,6,4.07
65,12,2.34
246,23,4.29
987,26,2.34
1609,23,2.49
1725,39,2.98
2206,30,4.48
2986,0,3.21
1499,39,2.58
1049,18,3.33
2873,14,4.15
160,8,3.02
2866,19,2.15
1005,30,3.92
2123,1,2.73
2186,13,3.84
1942,28,2.78
479,8,2.24
2601,15,3.04
1327,32,3.45
387,17,2.53
472,7,3.24
309,34,1.56
2935,20,2.11
701,37,3.19
1922,20,3.2
1853,20,3.1
3000,3,2.04
2018,11,2.66
1079,2,3.01
786,26,2.6
1479,38,3.19
2353,10,2.51
102,21,2.31
775,20,2.61
1232,6,3.42
1339,11,2.21
572,37,2.25
148,35,3.31
1823,30,3.05
597,5,2.16
978,19,2.59
1071,5,2.88
2547,17,2.78
155,36,1.28
230,4,3.32
158,17,2.6
923,20,2.27
2616,20,2.42
1175,21,3.22
2347,14,2.06
1247,31,2.93
766,7,3.4
2613,24,2.22
467,7,3.06
486,29,3.42
1576,13,3.07
444,27,3.61
1878,26,3.55
905,1,2.96
2911,0,4.13
1802,19,1.37
926,1,3.34
1978,3,3.47
292,3,2.55
1234,14,3.99
1835,32,2.65
752,10,2.73
1235,22,2.36
2923,11,3.41
663,4,2.95
1420,26,4.36
1585,9,2.8
920,22,3.46
909,8,2.78
124,28,2.27
68,16,3.93
475,28,1.74
358,37,3.03
1767,19,2.73
1480,11,3.08
1370,20,3.45
1954,15,3.6
2569,2,3.09
1907,36,4.31
833,4,3.65
2672,13,2.35
1354,2,1.75
2475,17,3.53
1009,6,3.07
443,38,2.72
601,24,2.27
2810,6,3.42
1475,10,2.96
487,17,2.1
2787,19,3.54
2696,22,1.99
2944,19,2.27
2053,33,2.71
632,14,2.14
1755,10,3.15
2925,12,2.56
1579,26,2.87
1212,28,3.37
26,21,4.11
2210,6,2.16
2793,12,3.46
2581,30,3.78
2931,18,4.16
2458,2,3.44
1664,29,3.8
1097,33,3.16
1257,1,2.29
2903,25,3.8
1130,29,4.29
901,36,4.49
9,17,1.61
50,35,2.83
1546,4,2.9
442,15,1.61
1802,39,2.72
1614,18,2.27
2084,15,1.21
2166,7,2.01
702,39,2.5
754,20,3.06
1829,13,2.43
1536,35,1.86
230,37,2.2
560,20,1.96
1174,37,2.47
1879,12,3.13
2256,11,3.03
1085,38,3.51
1141,20,3.72
239,10,2.11
2915,37,2.63
2096,13,1.86
1472,4,3.2
2805,34,3.35
1492,2,2.17
1317,32,4.28
2046,23,4.35
517,39,2.07
205,12,2.11
2138,23,4.11
2548,2,3.26
1132,39,2.81
1214,8,2.06
1785,11,1.51
1383,13,3.92
1758,39,3.15
1680,24,2.91
7,0,2.13
1886,9,4.39
2370,33,4.01
2316,20,4.31
296,21,3.54
2618,11,3.92
1411,2,3.81
264,14,2.86
2138,32,3.97
853,28,3.02
2536,3,2.52
1365,29,2.85
1353,27,2.84
401,24,3.43
357,38,2.52
2803,6,4.55
2547,19,1.92
834,7,2.85
435,28,2.35
119,13,4.22
1023,29,2.82
2396,0,4.3
2587,23,3.36
1537,25,1.78
1419,4,2.52
1703,4,1.89
530,16,2.95
303,3,3.08
2250,18,1.95
156,15,3.36
14,8,2.07
2804,31,2.69
889,25,3.49
1197,21,2.0
445,34,2.92
2170,9,2.01
2232,15,2.56
1844,31,2.53
2719,26,3.75
49,23,3.78
181,21,1.54
1418,19,2.57
2189,34,2.46
530,5,4.17
1676,28,2.79
584,16,3.14
2519,1,2.54
1778,19,3.35
1287,28,2.86
2191,7,2.15
707,19,4.01
294,24,2.19
1562,14,3.91
1533,21,4.62
422,12,2.39
1595,15,4.45
2612,18,3.81
2465,9,3.08
661,38,3.43
2961,34,3.74
2107,34,1.68
2306,12,3.63
2841,33,3.4
2579,11,2.13
2214,15,4.03
1959,32,4.19
2052,22,2.95
2051,22,3.21
2466,14,3.12
2410,3,3.11
2954,26,3.49
369,4,3.7
539,7,3.42
2928,30,2.14
2394,2,2.79
731,4,2.59
897,28,2.81
1068,14,2.91
2772,4,2.54
564,31,2.74
2250,29,3.17
2369,25,3.03
464,15,3.52
1035,0,2.1
2681,38,2.17
2381,34,2.93
15,13,3.76
1354,27,2.66
2278,36,3.36
11,0,3.12
1657,32,3.75
1248,23,2.16
1761,23,3.68
1661,21,4.48
1764,6,3.65
542,30,3.1
1530,37,2.68
2570,25,3.73
1743,5,4.31
2815,19,1.63
1181,30,4.54
2689,9,1.38
2618,11,3.11
2453,38,2.73
1423,1,2.76
2755,31,4.02
929,14,3.19
1427,25,2.64
1113,29,4.21
1890,16,2.29
2641,32,2.74
2234,2,3.17
895,28,3.46
2127,35,2.09
2193,8,4.68
2062,15,4.32
1655,20,2.72
2,32,2.76
2564,35,2.86
2804,10,3.05
2114,26,2.68
2294,32,2.24
1626,23,2.71
1714,7,2.7
572,22,3.0
436,19,2.79
2401,12,3.23
1712,9,4.52
2727,19,2.88
383,35,2.66
1734,32,3.66
1084,28,4.66
1950,22,2.77
2518,25,4.39
1435,39,3.9
1107,15,2.67
74,3,4.19
1335,26,2.85
2074,5,3.74
1401,0,2.29
835,26,4.66
2676,4,2.03
1204,38,3.57
774,39,1.96
2314,21,2.98
2598,6,3.06
1404,11,2.61
77,37,2.69
1073,26,3.58
1404,26,3.77
2495,23,2.1
2554,9,1.95
1733,30,2.92
870,15,2.12
2347,31,4.45
2782,20,3.31
1084,23,4.32
1381,25,3.49
2205,37,2.78
2390,28,2.47
974,24,1.6
2942,16,3.55
1226,14,4.17
1803,28,3.06
1791,39,1.94
1559,26,2.9
2965,13,3.42
1189,1,3.52
1052,21,2.95
314,28,1.34
1589,8,3.11
1308,8,1.8
1322,14,1.86
2523,22,1.57
2024,32,3.31
2645,19,2.44
1373,18,2.49
636,39,3.1
2493,21,3.42
1231,1,4.14
417,6,2.72
439,25,1.95
165,23,2.79
1583,33,2.75
2468,10,1.87
988,22,2.36
2530,30,1.85
517,11,3.4
82,8,2.49
119,22,2.51
1661,14,2.49
1327,21,2.91
28,39,2.45
2025,11,2.21
2829,19,2.05
498,5,2.4
2585,32,3.03
2567,1,1.48
194,28,3.34
592,4,2.5
2490,32,2.76
1858,28,2.28
1060,8,4.47
2306,13,4.43
113,9,3.83
1318,6,3.04
1738,34,3.11
2062,13,2.83
1691,12,3.44
2959,23,2.22
2188,35,1.71
1395,3,2.16
1451,15,2.97
2745,15,2.51
1366,19,3.64
2918,15,1.57
2237,15,3.9
2130,2,2.21
958,16,3.17
2946,19,3.47
1129,37,4.06
2429,37,3.75
2770,34,3.79
2377,12,1.6
2120,28,1.52
1697,10,4.08
133,28,3.76
570,30,2.03
2509,31,1.75
125,10,2.64
1035,15,2.06
2989,6,3.12
2075,6,2.06
207,31,1.77
312,26,4.58
2430,8,3.72
1786,4,2.15
1339,35,3.1
296,1,2.09
402,14,4.51
1459,28,3.48
1597,24,3.0
122,29,2.32
751,13,3.26
106,25,3.02
2839,14,2.55
1060,4,2.04
1574,6,2.32
72,31,3.52
568,22,2.82
1245,10,2.87
76,12,2.92
2770,9,2.92
1010,38,2.86
2276,9,2.85
453,32,2.32
766,8,2.08
487,33,3.49
2716,30,1.72
1498,26,4.14
830,2,2.86
2839,8,2.25
1941,9,3.37
971,19,3.2
490,16,2.21
2424,11,1.72
2279,37,1.74
1936,38,3.35
2750,23,2.99
475,4,3.62
1104,5,4.0
1710,13,2.5
1600,24,1.66
1196,39,1.87
226,38,1.86
2191,21,3.77
708,5,3.34
1715,4,2.38
54,10,2.41
2244,28,1.25
1753,25,1.25
2893,10,2.99
2346,23,2.95
1454,38,3.03
2585,37,1.96
579,34,2.47
1699,2,2.93
500,14,1.9
2672,38,3.84
2889,39,1.99
206,16,3.59
1942,20,3.08
2928,18,2.28
1161,8,3.65
2456,25,3.23
279,20,3.64
1469,24,2.96
677,17,1.35
941,23,2.75
2319,14,2.05
441,23,4.58
1252,19,2.58
2175,21,2.05
1294,26,3.61
1844,35,1.18
1784,0,2.05
1876,26,2.78
2535,1,3.65
548,37,2.94
986,33,4.03
2985,9,3.41
2820,38,2.07
2067,27,2.55
425,22,2.38
2984,37,3.77
2106,20,3.05
2471,34,3.51
1799,38,2.06
2892,38,3.6
1684,32,3.19
1949,8,2.43
66,31,2.45
815,25,3.16
1175,15,2.75
2950,8,2.07
1810,35,3.15
437,18,3.68
790,12,2.57
2021,36,1.37
235,22,3.59
1739,15,2.9
675,9,2.07
2146,39,2.98
1033,2,2.72
927,28,2.96
761,10,3.71
2475,2,3.53
227,8,3.72
1777,26,2.91
2065,16,2.86
2611,0,3.36
2276,7,3.57
706,29,2.25
1816,16,2.45
1262,23,2.95
1411,12,2.33
669,2,3.54
2302,6,3.51
1846,38,1.67
1338,5,3.26
1325,16,2.92
118,37,3.38
1869,38,3.96
2098,36,3.21
1814,32,1.58
1588,36,3.54
543,39,2.0
2375,0,2.65
1527,34,2.69
2992,1,3.08
1270,34,2.84
602,31,2.47
2150,32,2.26
388,10,4.21
1603,31,2.42
1728,20,2.73
2697,31,3.65
339,15,2.25
2232,33,3.93
56,5,2.19
1306,7,1.88
2620,21,3.03
1152,34,3.08
717,34,2.52
1750,5,1.83
1663,14,1.94
2264,34,2.74
2992,34,2.9
314,30,2.61
2281,8,3.11
2793,11,2.83
2623,1,4.6
888,6,3.68
247,9,3.24
2490,3,2.65
1923,9,2.81
2183,9,3.42
1026,5,3.75
161,11,2.06
2188,33,1.61
2352,6,3.7
1484,24,2.07
1738,3,2.6
125,33,3.39
2985,37,3.09
1909,22,2.59
1371,0,1.48
1618,2,3.55
1978,2,1.86
2455,11,1.96
164,31,3.08
862,17,2.8
2288,19,4.04
1237,14,1.99
2197,27,4.06
2632,35,2.0
1207,17,3.36
505,18,2.89
525,2,2.96
1404,4,2.91
1768,22,3.46
2823,19,4.28
701,18,2.66
1018,3,3.07
50,2,3.41
695,34,2.94
26,20,3.06
2698,29,3.28
11,11,4.14
808,31,1.98
1126,11,3.64
2059,11,3.74
2820,36,1.67
2818,9,2.93
973,16,3.91
2455,14,2.97
1069,11,3.59
842,7,2.67
2765,33,1.97
359,24,2.05
2602,38,4.43
285,37,4.16
2448,28,3.15
1475,31,2.04
1636,6,3.78
2436,24,2.01
2832,29,2.54
425,39,3.32
1030,38,3.29
1920,23,1.92
2489,15,3.05
356,13,3.17
2967,21,4.06
2813,17,3.19
554,38,1.84
1887,28,2.75
268,34,2.99
1916,7,2.2
1241,16,4.82
64,38,2.88
2490,28,4.47
2589,18,3.38
1299,3,2.0
470,4,2.14
2020,5,3.65
1837,27,1.95
2024,26,4.16
1590,6,2.69
878,8,3.29
1218,27,2.61
2760,19,1.99
2061,24,3.09
222,11,4.47
1729,5,3.9
1420,5,2.65
881,27,2.59
839,0,2.68
752,9,2.92
270,36,3.65
1635,15,2.54
732,34,3.62
2892,35,2.78
616,30,2.05
1432,35,2.81
2113,25,2.9
2076,34,3.93
1313,14,4.51
1903,0,2.92
2285,31,3.12
384,28,2.34
2374,19,1.83
85,8,2.55
2797,27,2.95
246,8,2.97
2436,5,2.67
2977,21,2.4
2314,25,2.29
2809,7,3.63
804,31,2.74
2276,24,3.35
240,13,4.19
1097,33,2.26
388,26,2.13
2426,2,3.17
2260,6,3.93
2843,25,1.38
676,14,2.31
2697,34,2.41
171,27,3.09
1176,22,3.52
1701,3,2.45
809,3,3.99
2152,21,2.24
1306,19,3.14
2420,36,2.91
129,36,2.58
2268,7,2.47
1197,11,2.2
472,29,3.7
1884,3,3.33
2656,12,2.49
1526,14,2.7
2142,25,3.53
1600,18,3.01
1045,17,2.01
2154,16,2.84
1872,5,4.22
1224,38,2.8
1868,30,4.05
1376,12,3.19
1306,38,4.02
612,12,3.72
2897,31,1.95
1563,15,2.83
948,33,2.62
1599,35,4.42
854,4,2.78
1910,39,2.38
2477,11,3.42
1978,2,3.96
1062,12,2.54
1443,33,4.04
302,23,4.19
639,7,2.58
71,5,2.8
1923,25,2.92
646,26,3.23
1789,10,2.82
2573,39,3.18
174,36,3.15
1999,29,3.2
90,33,2.81
2416,39,4.75
2849,23,3.17
2367,0,2.97
824,36,3.97
551,38,1.46
60,26,3.65
1129,6,2.36
1263,2,3.57
1486,9,1.81
127,1,3.56
83,13,3.14
1244,8,3.96
946,10,3.46
1641,16,4.5
1953,34,3.39
1996,16,3.71
2634,13,3.13
2695,22,1.37
890,29,3.01
574,8,2.31
513,11,3.59
1910,34,1.74
65,31,4.24
1965,11,2.5
2231,20,3.26
1090,4,2.28
2883,25,2.38
2102,20,4.14
1245,20,2.8
2284,13,3.88
889,22,1.5
612,39,2.24
438,33,4.16
1127,9,2.21
1460,30,3.25
2742,32,3.82
1445,14,3.4
524,37,3.25
1467,11,3.45
2452,5,3.69
2391,15,2.71
800,7,3.61
2262,14,2.53
1024,8,1.86
1580,21,3.52
322,32,3.07
2832,37,2.94
2904,24,3.03
180,27,3.47
2428,27,2.78
2981,31,2.6
1705,27,3.06
450,14,2.68
1285,22,2.97
1661,32,2.87
2179,0,2.39
1258,3,3.96
904,39,2.28
1178,36,1.79
330,6,3.39
637,20,3.4
1890,8,3.6
1915,10,2.24
2101,18,3.91
1868,10,3.49
2516,16,3.59
2688,15,3.48
413,34,2.46
2544,35,1.89
1541,24,2.47
2416,4,2.72
2587,6,3.08
2685,26,3.83
1476,8,3.74
1565,34,3.59
515,0,3.3
481,18,3.38
2462,37,3.71
2276,24,3.51
2185,9,3.47
2839,28,1.6
2883,6,3.92
2520,10,3.32
518,25,3.37
1485,29,4.24
305,12,2.74
655,6,2.56
1978,8,4.12
181,8,3.15
30,30,2.84
765,3,3.82
40,27,3.34
2235,10,3.59
2367,16,2.51
2780,24,3.7
892,34,2.16
2372,1,2.52
1927,1,2.86
943,32,1.63
1067,30,2.54
2704,37,2.59
2222,25,2.04
1783,16,3.23
685,39,3.14
1065,6,2.79
2457,8,2.83
1586,30,3.19
1347,13,2.78
2228,31,1.42
2902,38,3.18
1183,30,3.13
37,5,4.23
2454,19,3.33
539,23,1.82
2424,28,3.2
1922,7,3.07
2304,26,1.67
2326,33,3.71
249,14,1.37
693,39,3.69
1041,1,3.69
1392,39,3.08
2173,39,4.25
1336,22,1.82
2260,25,1.9
2520,16,3.91
2797,6,3.18
1439,33,1.68
500,2,3.21
811,23,4.26
1736,5,3.59
889,31,3.4
1211,38,3.03
1924,14,2.62
1987,10,2.69
1492,21,2.37
175,23,3.38
2365,11,2.98
824,25,3.81
2918,30,3.1
931,31,3.07
2935,14,1.92
2015,26,3.64
269,1,2.64
1818,9,4.34
2518,26,2.9
224,18,2.8
1276,6,2.55
2955,8,3.52
2878,17,4.22
1148,34,3.23
238,15,3.69
2123,6,2.48
500,14,2.54
1546,35,1.97
268,6,2.24
1511,34,2.75
987,20,1.6
1624,9,3.45
723,38,3.31
1096,24,2.62
190,0,3.97
996,38,3.66
1586,18,2.59
566,29,2.59
993,4,2.36
2784,34,3.12
156,2,2.65
1896,16,1.76
1587,1,2.71
1777,5,3.51
1866,2,2.79
673,34,3.11
1665,38,3.16
1109,6,4.08
2117,23,3.01
2421,11,3.88
55,35,1.93
85,25,3.24
1881,33,3.57
2989,6,3.43
2889,38,2.41
592,9,4.41
2780,29,2.57
1960,22,4.11
2670,2,3.38
1009,25,2.99
2365,39,2.68
2673,35,4.53
252,32,1.33
2200,1,3.45
1360,37,3.44
910,0,2.25
1787,31,4.02
2914,7,2.77
600,17,2.42
1007,18,3.47
1124,34,1.87
1144,30,2.47
303,9,3.26
1740,34,2.41
1225,32,2.2
1027,25,4.36
400,27,2.62
68,21,2.01
154,11,3.88
1015,17,3.21
1518,4,3.63
182,38,3.05
525,0,3.16
2237,31,2.49
20,36,2.91
851,24,3.14
2946,37,3.42
2058,7,3.44
2748,29,1.53
1881,1,1.68
655,13,2.78
1327,7,2.5
2289,36,3.4
2200,16,3.21
2832,2,3.35
2236,10,2.92
2512,2,3.11
722,24,4.33
2948,26,2.09
2754,36,1.8
1201,31,3.04
881,0,1.59
2463,13,3.56
578,4,3.27
310,0,3.81
1026,29,1.83
317,24,3.83
1807,28,2.25
1533,21,3.91
1020,31,3.0
368,9,1.49
555,38,3.08
2653,31,3.18
1250,21,1.94
2984,23,4.34
480,8,3.7
1822,38,3.47
940,39,2.78
14,28,2.58
2076,19,2.37
142,14,2.38
590,15,3.86
1783,3,2.23
473,12,3.88
1548,37,3.18
1208,15,2.42
317,27,3.53
1385,18,2.67
445,37,2.96
2344,34,3.52
2452,33,2.37
2800,0,2.4
1962,2,2.43
2311,8,2.55
847,27,2.94
2425,25,2.64
585,4,3.68
799,22,2.51
471,21,1.89
732,37,3.47
972,9,1.6
2095,0,2.84
2995,2,4.45
2072,29,3.25
1314,29,2.98
2879,36,2.65
2451,35,4.27
1048,32,2.05
1088,27,4.19
1684,39,2.83
1652,25,2.66
1263,8,2.84
283,22,3.09
2141,9,3.67
1399,39,1.73
2734,10,2.52
2358,35,4.26
2936,38,2.29
1773,35,2.26
7,19,2.75
788,0,3.05
43,0,4.74
2773,39,3.88
201,32,2.93
2943,37,2.89
2715,15,3.02
1689,8,3.98
548,29,3.92
226,10,2.64
633,4,2.88
1545,29,3.14
1359,28,1.56
1205,6,3.16
2994,21,2.45
2242,38,4.0
538,10,3.07
481,20,2.13
430,36,1.91
1351,4,3.33
945,21,3.82
2959,8,3.3
1929,28,2.93
1824,31,2.62
2626,10,3.1
111,14,3.32
212,18,2.43
1707,2,2.29
851,14,2.41
2926,14,3.08
987,2,3.27
996,0,1.79
2619,5,2.53
2000,0,3.7
1911,22,2.46
666,34,1.91
350,24,2.42
1538,31,2.45
2978,36,4.49
2729,24,2.68
251,0,2.07
1567,17,1.73
2367,18,3.5
1207,29,2.28
2933,0,4.48
2237,9,2.8
2773,22,1.89
1320,15,3.62
1946,8,3.35
79,14,2.68
546,4,3.04
1494,17,2.96
924,22,3.37
619,32,2.45
305,24,2.64
2247,4,4.21
1598,35,3.5
2602,17,3.45
1048,2,1.66
1699,14,2.64
1485,24,3.43
2231,7,3.03
1869,35,2.55
2655,9,3.04
83,33,2.63
93,7,2.42
2665,37,4.05
2621,1,2.2
2629,4,3.48
1468,19,3.43
2025,32,2.35
774,32,3.5
2901,28,4.64
1394,33,2.91
2699,30,3.27
792,20,3.14
476,27,2.43
504,29,3.13
1871,23,2.4
231,26,3.79
2926,29,2.48
1587,9,3.05
1775,37,2.02
2738,38,3.58
2257,11,2.48
131,28,2.95
743,6,1.68
384,35,2.01
1567,14,3.6
2410,30,3.95
761,32,2.79
1148,33,1.54
943,13,2.31
2696,28,4.03
1297,21,2.97
2403,1,2.9
2148,27,2.96
2779,16,2.88
1640,31,3.07
301,28,3.57
609,37,2.64
1852,23,3.98
882,0,2.47
2251,27,2.27
1222,32,2.19
2160,36,2.55
2429,33,2.61
755,14,4.04
1207,17,1.63
796,29,1.9
2385,22,2.52
1995,39,3.55
1324,36,3.07
222,30,3.74
1012,35,2.55
2808,29,4.23
689,20,1.8
118,4,3.79
174,1,2.61
1243,37,3.74
2367,23,2.67
2045,25,2.95
441,29,2.73
1225,33,3.88
1600,8,3.78
2463,32,2.78
1028,14,2.24
950,8,3.15
83,17,1.72
989,27,2.28
2541,15,3.84
2054,7,1.86
2753,13,1.74
1753,10,2.61
347,18,2.42
534,15,2.37
2705,33,3.81
1821,8,2.88
451,31,1.66
918,5,2.75
954,13,2.66
214,39,2.08
900,20,4.16
1190,7,2.99
2421,39,2.84
653,12,3.47
2555,29,3.93
983,37,2.36
576,26,2.8
333,39,2.27
212,30,2.17
289,16,1.95
2658,21,4.34
2214,28,2.99
2174,7,1.74
1056,18,2.27
1931,25,2.23
274,20,2.69
1325,1,2.37
2663,13,3.12
2324,0,1.79
1031,35,3.05
1883,31,4.19
1479,22,3.6
1154,4,2.95
97,33,2.99
277,36,1.88
1309,27,3.72
2848,11,3.01
1197,31,2.39
332,32,1.79
2253,5,3.47
103,7,1.74
955,7,3.13
2408,14,4.28
2087,39,2.38
307,13,2.87
884,38,2.46
2568,9,2.15
2926,10,4.55
2094,36,3.89
194,10,2.91
249,8,2.23
1013,36,2.1
2255,12,4.11
2163,16,3.16
2287,16,3.11
2614,29,4.63
1193,15,2.29
1072,32,3.49
2784,27,3.14
2036,34,2.47
508,10,2.34
155,21,2.72
461,18,2.52
1397,5,2.71
791,3,1.87
1226,34,2.96
2702,20,2.02
2365,16,2.48
2499,31,1.9
1868,39,2.39
1689,23,2.72
577,26,1.64
1944,20,3.43
2544,33,2.4
362,12,3.54
457,25,2.77
129,35,3.18
812,13,3.16
873,27,2.18
350,26,3.18
2693,2,3.71
1915,16,3.23
452,30,3.65
1404,9,3.68
109,39,4.43
1232,27,2.26
577,24,3.12
241,13,3.25
2639,23,4.25
1714,35,4.33
2042,10,3.5
1286,37,3.19
2626,20,2.37
2373,20,3.88
371,4,3.14
1959,5,1.97
2153,36,1.66
98,22,3.55
1511,31,1.7
96,39,1.33
1949,23,3.4
1496,20,2.41
2094,33,3.43
2938,24,2.48
2079,1,3.39
2456,0,2.76
1406,14,1.53
716,23,3.23
2692,22,2.43
2746,14,3.01
973,26,2.23
2749,31,2.77
1513,29,2.48
2924,0,2.43
906,1,2.53
809,16,2.73
599,24,3.18
967,7,2.23
2681,23,1.94
1868,5,2.97
1840,32,2.72
135,5,2.67
328,14,2.3
199,2,4.56
683,18,3.1
124,21,2.57
754,2,3.51
1607,8,2.8
2430,33,3.03
571,30,3.55
1469,28,3.87
2846,8,3.79
2939,20,3.18
1170,10,2.36
1927,18,2.51
1588,36,2.89
2224,16,3.79
1303,4,4.31
2428,38,4.41
165,21,3.36
1863,25,4.17
1510,1,3.56
2812,3,2.11
615,9,3.19
1791,20,2.97
1385,5,1.49
2221,15,4.34
2811,19,3.47
1201,31,1.4
1073,11,2.23
1135,26,3.04
1784,29,4.12
1711,6,2.74
619,28,2.64
2713,4,3.61
859,10,2.52
1179,19,2.97
1687,14,2.34
2604,23,1.76
1607,7,2.79
637,39,3.02
215,22,3.88
1354,9,2.12
144,15,3.29
619,23,4.36
1008,38,2.44
354,0,1.84
281,33,2.11
1346,22,1.56
837,39,2.52
1960,34,3.07
390,27,2.3
1088,32,4.04
265,30,1.41
2054,29,1.33
913,19,3.69
168,5,3.37
2403,30,2.25
1996,39,3.04
2221,15,2.4
850,11,3.65
2167,28,3.48
174,13,3.52
2177,18,2.36
187,34,1.37
1087,2,3.75
2941,10,3.95
1298,20,3.98
2646,38,1.82
2258,13,2.16
1009,17,2.69
1217,21,2.63
2798,3,1.94
532,17,3.14
3000,31,1.84
1206,2,2.41
2608,38,3.15
228,23,3.13
2614,7,2.91
614,36,2.57
2137,3,2.79
1766,24,3.74
2863,29,2.6
250,16,4.26
2273,26,1.97
2951,20,2.53
1943,9,2.04
673,39,2.41
2216,10,4.15
2158,13,2.44
1797,26,2.65
297,34,2.57
1928,34,1.86
2291,10,2.02
2257,27,1.93
1267,25,2.64
1106,27,1.57
1458,1,3.81
1567,13,2.15
1028,33,4.0
2309,26,3.14
1590,0,2.86
2428,23,3.8
96,37,3.58
1360,17,1.83
2817,37,1.55
2045,2,3.14
1740,4,4.19
1353,38,3.66
829,23,3.97
1662,29,2.57
1543,34,2.43
926,7,2.91
1149,5,2.55
1807,30,3.63
2668,2,3.58
2308,7,3.06
831,1,2.84
1606,15,3.84
550,38,2.69
2748,39,3.38
2757,36,3.52
1032,24,2.82
563,22,2.18
2421,13,2.36
222,1,2.48
531,1,1.65
2398,32,2.11
31,35,2.47
1382,20,1.18
22,23,4.22
1313,17,2.81
754,23,2.83
214,12,3.03
712,6,2.7
1189,6,2.15
2188,8,3.46
409,29,2.9
2486,13,3.33
797,7,2.52
2061,23,3.8
2549,17,3.62
1050,36,3.96
2582,9,3.45
861,5,3.59
76,31,2.18
366,33,3.92
1515,6,3.79
841,32,3.69
2935,34,1.19
1584,15,3.46
499,33,3.16
1370,34,2.55
1781,11,2.98
1252,3,2.25
699,14,3.64
2728,23,3.96
2251,9,2.25
2494,10,3.52
2566,23,3.47
132,16,3.45
1269,33,3.71
91,29,2.17
472,7,2.34
1989,18,1.6
1266,17,2.74
502,7,3.43
2809,26,2.77
387,26,3.65
1031,15,2.71
1112,24,2.58
598,36,1.92
908,9,1.3
2915,24,4.2
1355,30,2.25
2705,29,3.34
2390,33,1.47
464,18,3.25
2510,34,4.6
1073,35,2.37
2867,27,3.58
1351,31,3.1
474,22,3.0
888,9,3.14
939,17,2.28
2416,14,2.54
1311,31,3.77
2771,38,3.32
2341,38,3.14
1087,39,3.84
568,20,1.7
874,8,3.44
2637,1,1.54
260,39,2.17
1657,0,3.3
2956,24,3.25
184,38,2.9
2195,15,3.8
1818,18,1.92
592,13,3.52
1772,5,3.68
1433,35,3.92
1018,3,4.45
2488,15,3.07
1482,27,1.62
229,24,3.37
1597,0,1.99
2780,30,1.63
1369,0,1.98
1625,28,3.35
2995,9,1.91
1288,15,2.81
740,12,3.32
2426,33,3.69
954,30,4.05
2648,23,2.41
2071,10,2.81
2341,2,3.31
1291,7,2.7
476,33,3.07
3000,22,3.37
1973,39,3.38
2499,7,1.68
898,29,2.69
2035,13,2.08
285,31,3.48
1186,13,2.25
590,30,3.28
122,35,3.32
1136,26,3.83
1263,19,2.15
2559,20,3.39
2,29,2.29
892,34,2.97
799,7,2.27
629,36,3.97
1905,1,2.98
461,1,2.53
3000,36,2.88
1974,30,3.11
972,36,3.83
1265,30,2.84
2862,23,2.97
54,8,2.17
1491,17,3.37
109,20,3.73
280,35,1.77
1689,1,2.46
1699,23,2.94
1081,13,3.41
2888,18,3.44
2885,27,1.92
2252,8,2.85
545,1,2.58
2357,26,3.83
528,28,1.93
1932,1,3.47
1009,34,1.54
1242,35,2.92
617,6,2.76
1613,12,3.87
2079,13,1.39
100,15,3.65
2715,31,1.88
2852,26,3.39
1339,36,3.02
495,37,1.41
2519,1,3.5
742,3,3.33
1539,29,3.17
734,12,4.44
1657,29,3.94
1807,8,2.88
998,22,2.94
2379,13,2.61
1754,4,3.19
2300,5,2.11
1762,4,1.87
1025,2,3.3
1483,16,2.46
1669,15,4.58
1114,36,1.96
2566,10,3.26
1780,21,3.06
2121,23,3.43
2204,6,2.58
723,31,2.88
2117,14,3.3
471,33,3.76
2540,26,2.5
2348,27,3.01
1735,15,2.97
1230,19,2.56
2966,1,3.47
2761,38,2.64
2799,3,2.65
2455,16,3.12
2987,33,3.24
2628,22,2.66
1946,19,3.08
2630,26,3.71
2847,21,2.72
529,12,2.08
137,7,2.86
2267,36,1.93
2566,27,1.79
1472,13,3.13
2180,16,3.19
2036,34,2.68
1387,5,2.84
1368,8,3.25
1720,38,1.93
1042,8,2.75
1749,4,4.85
560,25,2.97
1565,28,3.22
928,28,2.54
2380,22,2.94
1774,10,3.56
2367,17,3.29
1801,21,3.84
1550,31,3.39
1812,1,4.0
980,20,2.75
167,25,2.24
147,11,1.46
2987,11,3.07
445,9,3.48
2118,23,4.03
1352,3,4.06
2881,15,3.0
919,17,2.17
2664,17,2.54
1253,2,3.19
1852,0,3.5
1674,39,2.69
319,1,3.52
36,5,3.22
1654,2,3.76
255,9,2.03
1337,3,1.33
962,31,2.55
335,16,2.12
298,31,2.62
1045,30,3.27
478,34,4.27
1792,2,3.64
2520,20,3.5
962,15,3.59
470,35,3.47
2815,16,2.47
590,6,4.36
1989,22,3.22
2840,9,1.74
2434,1,3.63
2990,15,1.05
1570,37,2.22
446,1,3.48
2007,9,1.91
1961,32,3.15
99,3,3.34
655,32,3.14
1079,36,3.19
1356,30,2.63
934,17,2.98
1459,34,2.88
817,18,3.39
661,31,2.5
2280,30,2.88
600,37,3.35
920,20,2.34
1747,38,3.23
1759,15,3.8
1832,31,3.24
1172,11,2.64
360,18,2.65
1968,23,3.18
1441,11,2.42
2920,24,2.6
1720,22,3.18
1577,24,2.68
556,38,3.8
1234,30,2.73
2298,18,3.52
1536,35,2.87
2644,22,2.94
2187,32,3.87
990,4,2.5
910,10,2.13
1962,35,3.09
12,5,2.73
980,39,3.14
273,32,2.88
488,6,3.6
1998,7,3.21
1049,24,2.5
538,28,2.02
1689,14,2.99
1596,7,1.63
588,0,3.17
2836,17,3.63
1744,19,3.95
2969,30,2.59
1691,32,2.6
1716,22,1.76
1618,7,3.29
1034,34,2.26
243,27,2.07
1202,22,3.73
2846,30,2.41
257,1,3.64
2043,23,3.24
310,26,2.07
2564,31,3.39
1239,7,2.76
1089,11,1.87
636,0,4.05
797,27,1.44
1177,29,2.51
2088,5,4.3
1725,29,1.83
1800,5,2.3
2629,32,2.23
2049,22,3.83
79,35,4.21
1351,25,2.89
620,30,3.14
2549,33,2.57
1499,14,1.87
1379,12,3.53
1148,23,3.84
978,17,3.2
1448,8,4.03
1538,8,2.49
1758,12,2.43
2534,22,2.31
478,1,3.18
1895,8,4.01
2381,38,3.03
1633,14,2.95
1256,2,2.86
2041,16,2.81
1566,34,3.09
30,6,3.01
727,3,3.93
173,13,2.98
2840,29,2.93
468,20,2.48
1976,14,3.53
2771,25,4.26
2445,8,4.26
125,38,4.08
2744,10,2.49
2575,19,4.33
1547,37,3.95
1420,15,3.84
1878,30,4.07
1027,4,3.49
536,31,3.84
601,34,4.23
988,25,1.57
606,31,2.68
2748,26,3.47
139,32,3.47
2058,38,2.24
1555,24,2.19
130,31,3.97
401,0,4.26
1245,30,2.69
642,37,2.7
437,1,2.75
1424,38,2.89
1137,23,2.16
1476,35,3.84
1579,29,3.23
58,36,3.49
1137,13,1.16
700,27,1.91
1146,37,2.27
2456,23,3.51
1484,23,4.31
1109,30,3.11
1642,34,4.01
400,16,2.22
2404,0,2.49
2147,27,3.12
1545,8,4.31
2566,17,3.75
108,7,2.54
1985,9,1.64
1998,36,2.83
152,5,1.48
906,39,2.47
850,25,2.24
2797,30,3.88
1993,2,2.02
27,34,3.63
119,16,2.89
723,25,3.78
2148,21,2.81
3,15,1.95
806,10,2.79
1993,12,3.89
1130,15,2.32
1254,3,2.35
304,38,2.91
177,5,3.02
84,2,1.53
263,10,2.42
1220,31,3.43
2506,13,4.05
2457,38,3.28
2254,22,3.74
2868,35,2.59
802,28,2.2
895,37,2.6
873,7,3.8
388,14,2.71
1836,10,1.73
2942,39,3.66
2815,14,2.89
2004,11,4.59
1032,20,2.6
1650,26,3.91
1541,13,2.76
450,15,1.75
342,34,1.71
1097,15,2.63
860,5,2.54
2169,30,3.5
302,23,2.29
2932,19,2.49
2020,34,2.89
881,14,3.51
2282,17,3.8
66,12,3.54
230,26,1.87
922,5,3.11
1833,33,2.21
51,32,2.4
2707,37,3.19
387,17,2.56
1062,31,2.85
753,29,3.54
1197,22,2.64
2541,29,3.35
1792,34,3.26
1479,0,3.01
2089,4,3.3
1945,39,1.7
2994,30,2.28
1153,38,2.48
1078,17,3.27
2134,36,3.06
2344,6,2.98
1239,5,2.16
425,30,1.25
2237,17,3.55
161,27,3.0
2761,8,3.51
1565,8,2.8
2429,3,2.73
244,33,2.36
183,28,1.49
544,10,3.03
2827,21,2.88
2996,28,1.76
1572,20,3.01
93,38,3.42
2416,21,3.48
159,29,2.43
2446,15,2.92
438,28,1.48
2421,35,2.59
306,4,3.04
1974,19,3.25
982,6,2.58
2377,27,3.05
1889,30,3.03
343,17,3.13
2772,13,1.99
1889,1,3.2
1902,9,3.3
2206,8,2.02
1134,28,2.93
2398,34,3.04
2774,3,3.09
365,19,1.66
1921,8,3.15
2063,23,2.35
2201,35,4.35
532,29,2.49
1076,9,2.08
855,34,1.63
469,18,2.57
1345,8,2.29
879,4,1.92
2644,0,2.61
367,19,2.38
2003,26,1.93
641,11,2.78
862,1,2.81
2942,30,2.55
1435,27,3.73
589,10,3.41
1330,29,3.0
92,21,2.53
458,23,3.72
1076,11,3.38
1885,12,2.32
1145,7,2.14
1995,8,2.44
1915,15,3.61
2040,20,2.64
1516,2,2.86
1404,2,2.6
387,12,3.13
1982,6,2.24
1631,5,2.94
1685,30,4.53
1313,34,2.63
1793,9,2.53
371,0,1.48
2232,24,3.69
772,39,2.36
1686,37,1.92
205,35,3.02
954,20,3.65
2220,23,2.63
825,8,1.89
222,19,3.98
1192,24,3.55
1080,29,2.87
1599,28,3.64
2663,19,2.82
1909,2,2.11
167,21,3.66
1543,33,4.66
142,34,3.55
2173,1,2.72
90,23,2.56
311,22,2.01
1395,24,2.44
3000,9,3.51
2264,39,2.72
1210,18,3.92
883,28,3.66
761,25,1.43
2144,9,1.67
2758,30,2.69
1360,10,3.56
1539,23,2.66
149,22,3.41
2976,23,4.39
715,17,3.39
2931,28,2.54
1426,38,2.29
1718,31,3.17
1355,17,2.68
1251,16,2.45
1828,23,2.69
2406,33,1.41
2636,15,2.86
2364,20,3.55
2933,20,4.01
1533,4,3.29
1502,34,3.38
1452,5,2.4
450,35,2.29
1836,26,2.26
2893,27,3.38
90,19,3.09
2589,38,1.52
176,5,4.32
1444,11,3.5
1756,13,3.33
2696,38,2.35
2949,11,1.37
2014,31,3.7
2735,20,3.06
2442,8,2.08
1290,5,1.95
504,24,2.3
956,33,3.6
1301,28,2.25
2148,18,3.16
1466,16,3.04
425,29,2.29
1898,36,2.96
1054,0,2.37
906,15,3.05
2544,9,2.92
1887,24,2.02
651,32,2.2
998,22,4.44
1927,35,3.09
1211,5,2.72
2188,34,1.47
2368,9,2.94
369,35,2.81
2345,36,2.59
2844,22,2.33
2048,34,1.31
2549,34,2.37
259,25,3.52
1637,16,3.01
1568,14,3.89
1145,34,4.03
18,30,2.2
1333,17,2.64
1904,15,4.14
1657,36,3.79
110,18,3.09
331,10,2.14
1597,15,4.24
946,29,3.53
1288,18,1.44
268,7,2.59
435,8,3.23
2036,14,1.63
2498,8,2.7
2345,25,4.19
1942,13,2.0
1614,34,2.62
719,34,3.48
2232,14,2.93
2460,3,3.58
2368,16,2.81
741,2,1.59
1600,19,2.52
1350,29,3.4
1591,27,2.59
805,35,3.31
417,5,2.13
882,16,3.68
791,16,2.44
1976,2,2.57
1727,2,4.09
1928,38,2.97
1809,27,3.64
1631,6,3.17
2138,4,1.92
2807,7,3.34
1099,20,3.64
2622,23,2.03
1291,13,3.23
2984,27,3.35
1845,28,3.44
426,1,2.86
883,38,1.87
1838,26,4.77
786,1,2.09
535,31,3.24
1635,29,3.07
285,26,2.72
2670,29,3.47
1130,24,4.56
504,18,1.78
46,30,3.34
1471,23,3.91
1168,4,3.36
537,1,1.88
62,8,3.13
1766,0,3.08
1106,28,2.16
2384,2,2.46
211,7,3.24
2448,15,2.2
709,27,2.9
2395,14,4.1
2028,18,3.37
377,39,3.12
1186,14,2.97
2869,29,2.81
2967,2,1.95
2092,28,2.72
2848,22,1.94
787,5,3.23
733,11,3.01
968,21,2.44
2700,36,4.19
522,38,3.17
2159,4,2.93
2656,7,3.16
1079,29,2.57
2944,0,3.13
524,33,2.48
2194,7,4.21
2312,37,1.78
468,1,2.55
1585,17,2.75
2920,33,3.02
1211,17,2.58
1987,0,2.88
2727,24,1.8
1749,35,3.46
758,33,2.64
1178,9,1.91
919,20,1.79
1120,24,2.94
2623,26,3.46
706,38,2.31
1959,19,3.51
834,33,3.98
2862,7,3.78
399,9,1.99
1808,16,1.4
1400,18,2.48
2650,22,2.69
328,10,2.45
1296,29,3.5
1621,31,2.79
2443,5,4.04
2596,27,2.7
1042,27,2.29
919,35,3.5
77,22,1.95
1073,3,2.63
1450,21,3.16
1772,7,3.13
1580,27,3.18
1018,29,2.57
129,1,3.24
519,4,2.78
2352,10,3.23
1136,15,2.81
2773,15,3.07
912,38,3.01
816,3,4.41
974,10,4.2
1963,17,4.24
2867,7,3.8
2411,25,3.54
1090,27,4.6
1801,23,3.37
809,6,3.79
1343,23,3.18
1038,39,3.05
570,1,4.21
970,26,2.44
1880,4,2.1
2401,20,3.59
610,17,3.73
2516,32,2.69
1984,11,1.96
2972,39,1.79
388,24,3.49
1698,39,2.79
759,9,3.46
1862,29,2.78
2490,28,3.46
516,20,3.9
1842,1,3.69
2891,38,3.33
45,2,2.6
1443,38,2.62
723,3,3.49
756,2,3.02
2251,7,3.96
1909,21,1.83
2587,34,3.08
386,4,3.67
2031,22,1.8
2678,27,2.35
2786,9,2.2
360,31,1.9
1492,7,3.09
983,31,2.41
1968,32,2.57
205,34,4.07
1073,25,3.03
366,31,2.82
2301,36,2.15
2126,8,2.11
769,31,4.29
2680,10,1.45
987,24,2.76
417,5,3.86
1462,35,2.03
2360,4,4.38
1167,34,3.83
197,25,2.36
2308,18,2.66
1390,27,3.97
2644,15,4.02
1216,25,1.92
2582,25,3.73
2072,30,4.55
2991,5,1.98
1099,17,2.83
1902,19,2.55
1670,5,2.46
2971,0,3.95
1418,25,3.6
2727,20,2.62
2158,29,3.01
2138,27,3.0
37,5,3.4
2870,20,1.71
993,0,4.6
1587,15,3.31
572,35,3.59
2632,14,3.81
307,24,4.54
2110,38,2.4
305,31,2.65
2227,20,4.55
2588,37,2.76
2980,26,3.14
1768,12,2.91
932,23,2.78
2893,0,3.31
1468,0,4.23
1543,2,2.41
1993,13,2.91
2798,13,3.43
2787,31,4.41
797,39,2.94
1535,10,3.19
747,25,3.23
2675,5,2.99
453,33,2.3
831,34,4.25
758,26,2.74
861,1,3.97
1976,0,3.33
1553,15,2.15
1919,36,3.88
819,29,2.04
1393,32,4.07
1880,17,2.55
381,14,2.66
1243,13,2.63
649,8,3.69
246,38,3.14
2299,33,3.55
565,8,2.82
2957,1,3.37
821,27,2.19
2763,36,3.99
472,30,4.69
2017,1,2.82
122,13,3.9
1350,37,2.36
781,19,2.39
2796,10,3.18
121,17,2.82
2187,22,3.33
2135,0,2.86
2178,29,3.12
2300,35,4.13
1886,38,1.76
2835,13,3.86
1384,33,2.92
1837,1,2.86
47,24,4.87
1969,23,4.3
2549,34,3.13
1834,11,3.29
2473,7,2.72
1399,9,2.14
1878,39,4.24
731,13,3.18
111,12,3.43
1251,18,2.41
1811,28,2.39
135,23,2.89
1319,39,2.38
610,12,3.77
1058,24,4.15
2476,3,3.11
1989,15,3.33
2247,4,1.98
560,25,3.4
259,20,3.48
2773,0,3.95
2722,9,2.3
1649,12,3.05
2185,23,2.4
916,26,3.8
2984,11,1.77
2429,7,3.74
238,37,2.98
688,36,3.37
2506,20,2.8
1611,6,4.08
1159,12,2.66
2130,6,4.15
595,39,2.14
2702,16,2.54
1751,28,3.69
403,26,3.0
822,33,3.28
2236,38,4.41
2541,23,2.75
1783,25,2.51
2303,32,3.98
1698,9,4.45
2473,6,2.55
1439,11,3.2
1191,7,2.77
1614,3,3.93
485,20,1.58
2484,12,3.58
1556,18,3.59
2228,17,3.87
901,38,3.52
1465,15,2.55
644,31,2.36
2187,3,3.63
787,22,2.52
2150,18,3.27
2516,12,4.26
2331,26,2.24
18,4,1.96
1957,34,3.09
756,10,2.91
687,3,1.94
2037,14,2.41
601,28,3.28
1044,38,3.64
1350,36,2.44
1380,2,4.37
433,29,3.1
1042,15,3.09
1574,21,2.51
376,22,2.55
1625,38,1.91
1364,38,2.3
1011,38,3.22
716,10,2.77
1257,24,2.89
1128,26,2.25
1024,3,3.9
2785,31,1.94
221,2,3.49
1986,34,4.45
1050,14,2.65
1088,8,2.94
2302,6,2.92
2784,2,2.67
826,16,3.49
1155,32,3.59
30,34,3.73
787,17,4.07
10,32,2.16
2478,1,1.49
1171,19,2.87
2746,13,3.07
2172,33,3.03
1643,6,3.58
1365,38,3.45
1542,34,3.43
51,20,3.08
398,20,3.24
314,23,2.92
2696,26,3.57
514,29,2.58
2550,20,3.98
530,11,1.74
1785,16,4.38
2745,6,4.48
2782,14,3.66
1764,38,2.83
860,4,2.58
2467,24,2.12
2242,8,3.01
312,25,2.53
996,7,2.85
2770,14,2.01
1323,22,2.57
2524,38,3.64
2632,1,3.31
2165,4,3.28
264,3,3.64
1543,0,2.98
21,37,2.38
2525,38,3.19
549,25,3.05
1197,19,3.77
948,39,3.13
1021,38,2.78
206,17,1.88
1637,6,4.06
631,26,2.59
2227,39,3.52
2936,38,3.19
2390,7,3.36
440,3,3.06
1099,8,1.77
290,13,3.05
2605,22,2.33
2697,9,2.05
208,1,3.04
272,29,2.36
415,29,2.84
384,24,1.88
1285,37,3.35
891,4,3.27
1663,34,3.49
1042,12,3.4
2708,10,3.23
2295,19,2.27
1320,20,3.38
2462,28,4.27
1344,35,4.15
1578,5,1.62
2763,20,3.06
1717,22,2.12
1885,25,2.87
2229,20,3.4
1680,12,1.57
944,8,4.09
893,29,4.81
61,31,2.29
1233,2,2.41
166,15,1.59
1906,0,2.8
1324,36,2.45
655,38,2.36
351,35,2.19
2311,1,3.23
2172,13,3.34
1566,2,2.76
932,36,2.98
1905,8,3.64
1114,4,2.14
2187,33,2.74
1990,21,1.31
1386,28,3.24
2908,27,2.37
1117,5,3.08
134,9,2.53
1228,17,4.32
2867,39,3.63
1872,35,4.19
1018,29,2.9
2505,34,3.51
1882,24,2.17
438,33,1.97
680,5,3.01
2695,37,2.98
2670,29,3.05
1248,26,2.17
1192,5,3.75
1131,18,1.6
1404,27,3.09
2072,13,4.55
1535,21,2.09
2857,8,2.19
1331,5,3.21
935,19,2.0
1382,31,2.19
370,15,2.89
997,39,1.83
2219,36,3.23
1605,10,4.28
2270,23,3.74
2491,39,2.54
1177,7,3.2
2910,11,1.63
376,5,3.06
2329,35,2.63
2761,31,2.71
1944,15,3.47
958,37,3.26
811,29,3.42
827,19,2.77
1846,6,4.55
2534,35,4.34
1534,38,3.09
335,35,3.59
2790,38,3.06
410,19,3.05
54,25,3.66
701,27,2.42
1758,5,3.66
1099,31,3.35
2397,23,2.67
975,32,2.0
393,0,2.41
554,23,2.45
2895,39,1.9
2129,19,3.89
826,7,4.34
744,11,3.4
1471,5,3.33
2225,30,3.05
2559,36,3.12
139,1,3.02
2521,31,3.3
1846,31,2.88
542,15,3.66
2242,3,2.85
1857,37,1.75
2534,32,3.31
1338,7,2.85
1721,38,3.45
2853,31,3.54
2295,14,3.1
2678,18,3.84
2486,27,3.56
73,34,3.82
2802,13,3.84
2879,3,2.83
2142,31,4.26
435,20,2.81
1807,11,2.93
2046,12,2.35
457,4,3.51
2277,31,2.56
2078,31,3.86
1649,24,4.35
335,37,3.21
660,12,2.95
569,33,2.59
177,23,3.53
2872,26,2.53
2616,35,2.88
2457,9,3.17
777,2,2.62
1261,28,2.46
1302,1,3.97
77,1,2.63
933,27,2.01
636,15,2.29
2588,2,3.03
1678,9,2.49
1191,10,3.59
1413,21,3.24
12,10,2.2
2217,15,3.55
831,1,2.9
1450,14,3.12
449,13,4.47
2497,8,2.92
1790,15,3.63
427,7,3.24
916,14,3.25
631,6,3.32
226,24,3.02
447,27,3.45
1911,26,1.49
1500,6,2.0
2251,31,3.41
675,13,3.11
1321,11,1.8
2682,33,3.14
2064,7,2.91
1402,31,2.79
2666,2,2.37
1044,16,3.4
2488,30,2.34
1268,34,3.68
1268,1,2.92
392,38,2.5
724,14,2.27
2784,10,2.39
1889,16,2.7
1286,29,1.79
2268,30,2.21
1032,3,1.88
2494,36,4.09
14,37,2.6
2435,21,3.87
642,34,3.36
1046,38,3.29
225,26,3.12
2283,13,3.88
2759,30,3.75
1158,14,3.66
1544,30,3.18
792,12,2.11
1563,12,3.34
437,16,2.77
1075,19,3.54
1948,20,1.31
2040,4,3.45
581,4,3.11
2003,0,3.2
687,34,2.9
365,28,3.08
269,7,3.39
1717,31,4.15
1395,30,2.35
1576,20,3.25
78,4,3.92
189,37,2.13
1631,20,4.13
1326,27,3.68
2719,9,2.06
2406,35,2.82
959,22,2.94
2384,39,2.52
903,39,3.94
341,30,3.07
2882,25,4.37
2615,0,2.99
2120,4,2.96
1066,29,2.67
411,27,2.65
898,36,2.86
2886,9,2.97
644,8,2.75
21,31,2.2
678,38,1.87
1100,16,3.16
2651,13,1.99
88,4,3.81
1618,27,2.98
2065,13,1.82
2991,34,4.24
2872,16,2.57
2431,6,4.14
1589,13,2.6
2688,37,2.0
1170,24,3.32
2501,1,2.89
2864,19,1.81
1417,25,3.49
310,21,3.02
2979,28,3.4
492,5,3.91
760,13,2.68
1,25,4.34
2089,20,3.26
672,18,3.9
212,35,3.12
1357,23,2.22
1966,14,2.19
304,26,2.17
691,38,2.26
1782,32,2.5
1834,25,3.14
616,37,3.37
523,17,1.48
2073,31,3.27
808,7,2.77
25,26,3.62
2644,30,1.39
1777,23,3.67
108,38,3.69
1354,12,1.9
180,23,2.32
881,25,3.55
2179,22,1.75
1831,24,3.71
603,6,2.78
2801,27,3.4
2807,1,2.97
168,14,1.73
223,15,3.45
469,23,4.18
278,22,1.7
2238,12,4.09
2579,0,3.09
1550,14,3.21
2021,26,4.5
1779,10,3.98
621,12,3.83
1214,16,2.06
218,10,2.32
1335,22,4.17
2284,23,3.63
168,16,3.29
2828,5,2.4
2241,1,4.51
2290,8,2.72
1186,22,3.81
1363,15,3.99
2839,24,2.62
2503,31,2.55
2241,33,3.12
1426,31,2.67
2440,4,1.92
2649,33,3.27
1066,8,3.18
93,3,3.84
1239,6,2.33
2397,13,3.19
513,2,2.23
2972,10,4.16
106,33,4.33
1256,33,2.65
2765,32,2.91
1201,35,2.51
1703,35,3.62
1318,32,2.73
2836,15,4.34
1876,16,3.59
1544,6,2.57
1236,27,3.15
2871,18,2.98
917,2,2.14
1769,38,3.11
1077,34,2.66
1257,17,2.72
2902,4,2.36
2731,37,2.04
1542,30,2.1
951,4,3.79
2092,36,3.03
2651,16,2.53
1732,6,1.15
1540,32,4.73
2681,7,2.77
92,1,2.53
759,24,2.78
731,37,3.11
954,2,2.92
1462,18,1.95
337,18,3.16
1318,33,3.14
700,23,1.49
925,20,3.28
2728,21,3.4
2312,17,3.28
2153,26,2.87
2017,36,4.66
2272,22,2.03
978,20,2.64
115,26,2.34
2939,18,3.46
1259,14,3.56
1298,3,3.16
1979,20,1.95
2777,39,2.83
34,5,3.81
1412,6,3.16
1733,37,3.83
2943,24,2.57
2510,4,4.01
449,26,3.42
2877,33,1.74
1238,11,2.51
1070,18,3.4
405,15,3.64
333,16,1.35
2038,4,3.15
2288,27,4.16
1278,12,2.92
228,22,3.69
2781,5,2.28
2939,35,3.37
166,32,3.37
585,36,4.26
737,27,3.43
1535,2,4.33
598,34,1.98
593,35,2.88
2775,4,2.08
1700,8,1.76
1414,27,2.11
1447,26,3.35
925,36,2.79
649,29,2.24
1688,20,1.76
447,9,4.0
97,9,3.23
2427,13,1.31
2718,0,4.32
1704,30,3.24
1268,22,2.76
631,25,3.18
2756,32,2.4
503,7,3.1
288,28,1.75
369,13,2.96
65,35,4.25
162,29,1.62
2645,23,2.04
2975,22,2.23
2619,7,2.46
1818,24,2.83
662,1,3.42
481,25,4.33
1657,33,3.68
2317,17,3.03
1791,31,3.33
2784,24,3.77
567,15,3.09
406,10,3.4
765,4,2.83
1941,2,2.74
866,7,3.26
1118,25,3.42
2438,36,2.28
2595,12,4.25
1236,6,3.69
742,12,3.98
2634,2,3.24
2922,7,2.23
1832,22,3.49
43,6,2.34
2928,39,3.97
1466,16,3.14
1539,0,2.01
911,18,1.6
607,36,2.64
1419,14,2.5
2286,30,1.46
1703,29,4.06
719,8,2.86
2790,12,3.76
2452,24,3.16
214,37,2.2
2894,14,3.23
132,28,3.33
2057,32,3.52
1767,20,3.91
153,14,2.68
2479,15,1.69
483,20,1.25
2021,5,3.16
305,32,3.59
2332,8,4.07
2520,4,3.96
2017,8,1.4
993,25,3.14
2238,31,1.96
1552,18,2.56
2560,10,2.36
343,31,2.93
715,36,4.14
1710,20,1.7
2728,27,3.36
1058,14,2.49
471,36,4.09
741,12,2.16
513,38,3.06
1139,18,4.53
2193,7,2.99
559,32,2.8
792,33,2.19
1202,32,2.53
1749,39,3.24
360,11,4.3
285,18,2.9
2813,3,2.39
2632,0,2.68
1758,23,3.24
2775,34,2.08
1384,21,2.87
1523,7,2.03
1165,11,2.67
1692,21,2.77
1246,34,1.81
1413,11,2.47
1354,11,3.15
743,39,3.96
1417,26,3.47
2702,37,1.84
358,33,2.48
1953,35,3.6
2635,11,3.96
40,7,2.77
2950,32,2.48
2321,2,2.38
2877,22,3.89
2671,26,1.83
458,2,2.82
1969,4,2.28
2282,5,3.52
197,14,3.95
1875,29,3.22
1735,8,3.92
2584,13,2.15
938,16,3.34
2195,31,4.01
2622,5,1.98
30,12,2.94
2155,8,4.09
1702,3,2.8
390,30,3.29
2927,27,2.69
2454,32,3.05
1145,39,2.47
2632,37,3.39
347,3,3.31
2845,33,2.53
119,10,3.06
520,0,2.4
1239,27,4.29
2781,37,3.79
2128,23,2.79
2467,32,2.86
584,31,1.96
2760,2,3.42
1709,26,3.23
1313,30,2.32
2282,18,3.7
2309,34,1.5
1982,29,3.53
2981,34,2.11
2705,3,2.64
1046,20,4.3
2126,22,3.14
742,26,1.5
672,11,1.97
1772,34,4.12
1686,25,3.14
2078,17,3.15
2486,10,3.1
1697,25,4.59
63,7,2.46
1454,10,2.13
157,20,3.97
2617,20,2.68
2991,32,2.99
777,5,2.49
2302,17,2.82
1904,24,2.14
2921,34,3.3
1351,10,3.66
2247,32,2.92
2929,35,2.32
1339,3,3.48
6,17,1.96
1280,16,4.68
1903,20,2.77
821,8,1.98
1344,33,3.5
2024,33,2.27
2296,3,3.32
4,2,3.75
2561,13,1.55
2886,1,3.7
2554,20,3.09
31,27,2.52
1857,1,3.77
1653,8,2.2
1299,23,4.1
709,26,4.77
886,9,3.07
1201,29,3.66
1980,13,3.12
748,20,1.72
2127,30,1.85
2291,34,2.69
501,8,1.5
205,4,2.64
1484,21,2.92
1407,39,3.33
2771,20,3.23
333,35,3.04
2651,34,2.67
166,16,2.15
2209,7,3.16
6,28,4.1
2253,32,4.3
532,17,3.78
1701,15,2.18
2093,38,2.79
457,23,2.97
227,10,3.99
2047,33,3.66
2100,11,2.7
1743,32,2.12
471,31,2.05
897,18,2.86
1321,1,1.86
2662,21,3.16
2560,18,3.63
2834,38,3.29
1665,20,3.28
1526,26,2.27
1226,37,2.66
2463,29,2.93
2662,10,3.62
1446,19,3.41
2568,22,3.62
674,3,3.35
1097,17,2.61
2393,15,3.1
2823,9,3.21
2633,37,3.19
1233,18,4.29
2928,1,2.56
898,33,2.9
1963,30,2.43
848,8,2.91
1967,32,2.44
2773,29,3.34
2705,34,4.18
2659,2,2.59
2995,1,2.95
2228,24,2.26
647,39,3.01
438,14,4.09
1501,32,3.91
2443,8,4.12
1726,4,3.07
1566,23,2.92
2642,14,1.97
2105,29,2.42
1744,3,3.8
326,15,2.91
322,2,3.08
2231,13,1.72
2283,9,2.76
2667,26,3.85
1210,2,2.28
266,34,1.9
842,14,1.3
329,31,2.09
683,20,2.31
2072,9,3.29
1285,27,3.43
1379,23,3.1
2244,19,1.69
2659,26,1.95
1912,34,1.84
1357,0,3.85
2661,32,2.81
1888,12,2.53
1979,2,3.44
632,13,2.18
321,37,3.81
1471,15,2.58
1401,35,2.1
203,30,1.8
2225,35,3.55
627,36,4.7
1869,30,2.31
2080,21,2.17
2994,2,2.33
727,16,2.28
954,32,2.9
2868,17,3.13
2839,8,3.2
2291,37,3.14
1822,31,1.75
70,16,3.52
1095,0,3.51
1647,7,3.06
158,36,2.43
549,37,3.91
1840,4,3.29
1952,17,2.56
2374,5,3.21
1059,38,2.55
2508,26,2.72
2464,1,1.86
2619,36,1.42
886,21,2.56
511,0,3.28
368,15,3.03
2960,31,4.56
1911,5,3.56
883,19,2.21
2255,14,1.95
2626,25,3.01
1798,2,3.42
1294,37,3.47
669,33,2.37
2154,4,2.61
666,3,2.53
260,16,2.36
1509,9,1.52
313,2,3.39
2679,2,2.22
1845,8,3.52
2585,0,3.79
1534,37,2.53
1501,34,3.09
674,0,1.94
1424,14,2.36
2021,11,3.06
2398,2,2.51
2263,38,3.81
1407,13,1.51
1148,22,3.18
1692,33,3.24
1729,39,2.29
328,26,3.31
1589,14,2.48
2895,9,4.12
98,1,2.09
659,9,3.46
2348,5,2.39
2078,21,3.02
1098,27,2.37
2220,39,2.7
1018,20,4.08
923,38,2.98
2132,32,3.34
1609,8,2.37
1314,6,2.97
639,6,1.8
85,5,3.32
1278,18,2.91
2712,16,3.96
1848,37,4.51
519,14,2.32
1331,33,3.64
184,21,4.6
973,4,2.03
2389,22,3.88
227,13,2.88
837,37,4.55
2312,26,2.87
2498,4,3.44
1275,35,2.16
170,1,3.33
566,7,4.45
1936,26,3.63
2180,22,2.4
827,11,3.68
606,23,3.9
350,5,1.63
99,31,1.43
1770,13,2.56
1805,39,2.18
1061,21,2.21
75,39,1.66
2106,4,2.96
402,36,3.93
188,18,3.06
139,17,2.59
143,31,2.8
108,3,2.26
221,34,1.75
145,37,3.44
2906,34,3.02
510,14,3.03
2424,1,2.47
5,14,2.89
388,17,3.61
2616,9,3.99
1758,2,2.3
1896,5,3.8
560,31,3.62
1840,18,3.7
1772,7,2.69
1784,10,2.13
365,5,3.29
417,22,1.58
1636,5,2.09
2069,8,3.53
2662,9,2.5
517,4,3.01
1221,32,4.45
661,4,4.53
330,1,3.36
378,21,3.34
160,37,3.03
658,11,4.16
2402,33,2.0
1264,8,3.12
79,16,2.9
2200,31,2.74
2565,4,4.05
2431,19,2.8
693,30,2.31
2038,33,3.26
2400,23,2.39
1225,21,1.73
951,6,2.62
2181,36,3.87
1989,28,2.61
2682,8,4.74
2217,28,2.96
866,22,3.07
391,14,3.79
1882,37,2.2
1409,17,4.13
820,24,3.73
2146,23,3.73
2828,8,2.65
340,9,3.6
1555,32,4.01
132,23,2.44
2258,3,1.88
377,29,3.65
640,24,3.08
1522,22,2.06
441,14,1.52
1742,19,2.61
1204,25,2.85
241,0,4.4
1810,30,3.28
2549,21,2.8
23,16,3.18
2680,38,2.83
1204,25,2.81
1888,36,1.58
175,30,2.04
198,36,2.05
99,0,2.99
745,16,3.0
1451,11,4.4
453,6,3.34
1782,33,1.79
499,28,2.14
141,20,1.9
1715,32,4.27
2821,30,2.94
2223,16,3.76
2468,3,2.46
676,30,2.39
1464,24,3.32
2580,6,2.94
918,15,2.78
1823,11,2.32
2409,1,2.32
2494,28,2.76
2604,31,3.95
708,35,2.2
1731,22,2.7
1881,21,3.09
561,33,2.34
997,20,2.74
59,38,4.54
2933,13,4.61
1191,20,2.66
967,34,3.31
2993,8,3.22
1625,2,2.5
1807,29,4.62
263,2,1.72
1455,31,3.87
2244,6,2.42
354,17,2.27
2934,25,2.62
941,37,2.21
2963,3,1.91
47,31,4.23
753,8,2.46
1333,5,2.07
230,14,2.12
1925,37,4.08
757,4,3.29
2364,23,2.37
762,22,3.32
1101,12,4.35
2110,29,2.77
238,9,4.35
78,11,3.26
2782,32,1.95
2607,2,3.53
2992,23,2.28
2698,13,1.49
1985,25,2.46
1053,9,1.63
1159,21,1.97
351,6,1.96
913,10,3.68
350,36,3.2
1305,33,1.03
2524,13,2.89
292,2,2.67
1213,35,2.92
2936,32,4.42
468,12,3.08
1266,9,2.65
2354,6,3.52
1208,28,2.67
2526,30,2.67
2497,33,4.2
230,22,3.39
1065,26,2.63
793,31,2.78
2722,27,2.0
824,33,3.23
1694,5,3.72
836,27,3.47
2395,24,2.62
2058,19,2.86
87,14,1.71
2593,26,2.23
2921,35,2.81
1363,38,2.84
2763,38,4.63
4,30,2.59
1221,16,3.74
1845,13,3.39
1522,12,3.18
2949,6,2.83
2321,4,1.67
1978,33,2.93
1475,15,2.97
1131,32,1.25
881,7,3.3
1402,20,1.39
1976,7,2.81
936,27,3.36
1879,8,4.63
1751,16,4.39
2,18,2.89
1145,3,3.79
1639,16,3.28
149,33,2.84
2996,21,3.5
152,10,2.58
1940,26,4.33
2354,24,3.67
2044,30,2.32
1703,9,4.37
1852,39,4.21
2930,25,3.92
475,15,3.09
1388,31,3.48
807,16,2.36
1095,15,2.34
1664,14,1.95
2081,35,2.03
1181,22,3.12
1354,8,3.27
2826,20,4.3
1731,34,3.09
1997,1,3.3
2843,4,2.8
1563,2,2.87
1251,23,3.08
367,24,3.28
1801,13,3.95
2037,33,2.18
2310,5,3.82
2694,2,3.07
2024,1,2.57
538,36,2.43
1555,12,4.3
2064,21,3.96
2153,14,2.9
791,39,1.6
1227,0,3.79
2768,34,3.43
1949,36,2.86
1702,0,2.01
1083,16,3.82
1009,26,2.56
48,18,3.64
660,20,1.58
1436,11,3.56
2849,7,3.14
114,8,3.67
2344,25,3.38
438,38,3.4
2314,39,1.98
162,10,3.6
504,35,2.91
1060,9,2.82
2635,22,1.68
2506,37,2.3
1006,5,2.45
1671,1,3.62
1395,37,3.52
1510,6,2.96
2320,25,3.27
2010,24,3.16
480,13,3.85
957,1,2.44
159,4,2.89
755,3,2.6
1837,37,2.37
204,15,4.07
2843,7,1.79
512,5,4.84
1988,28,1.38
116,7,3.11
392,15,4.36
2736,27,2.88
2978,36,2.11
2774,25,3.01
2417,30,3.36
1239,33,2.29
1535,13,3.68
2617,39,1.85
2949,3,2.13
741,20,3.18
2375,20,3.51
37,2,1.71
986,12,2.86
2428,23,3.57
2844,38,2.91
1536,28,2.84
369,34,2.92
2272,28,2.07
1958,7,4.26
814,16,3.03
1737,8,3.69
1124,9,3.92
1099,16,2.91
2772,1,2.27
2751,31,3.84
1392,13,4.29
2111,28,3.36
1648,30,4.34
2032,2,2.5
1679,23,3.12
2147,1,3.65
2825,22,3.87
75,5,2.89
1814,23,3.19
2232,35,1.18
1273,27,3.34
1980,31,3.19
2517,29,1.5
2188,19,3.7
1927,18,3.36
1986,27,1.52
2407,39,3.58
1577,24,3.25
1470,13,4.6
980,12,2.73
1256,31,2.23
1642,11,2.32
300,36,3.18
426,15,3.77
2209,11,2.74
401,23,2.51
1402,0,3.2
1983,39,2.6
1942,30,1.97
1281,28,2.67
741,23,2.58
862,12,3.88
494,22,2.47
2537,39,1.39
1206,17,4.32
2574,33,3.79
2785,17,2.75
2406,2,3.54
2613,20,2.03
90,13,3.04
64,27,1.94
1112,15,2.2
1057,25,3.08
1096,7,2.72
1580,32,1.98
2301,21,2.27
2155,28,1.55
2978,25,2.2
514,28,2.63
136,30,2.33
2677,0,2.84
2457,38,3.12
121,25,2.82
1502,27,2.71
2848,21,3.85
824,32,1.44
1118,13,2.49
505,36,2.45
2055,30,2.67
2992,12,3.33
1624,13,2.3
2239,5,3.67
2505,15,3.15
1744,3,3.79
2434,32,1.75
803,31,4.41
2914,6,2.87
278,10,1.96
1472,38,2.02
827,28,3.19
945,20,3.17
2100,2,1.54
1429,26,2.92
2444,25,2.81
779,31,1.79
2742,30,2.92
211,10,2.58
890,9,3.37
2026,12,3.22
2318,38,3.58
2593,32,4.2
1007,11,2.57
1638,18,3.01
845,28,2.99
1016,19,2.89
398,24,3.35
1345,7,4.62
2862,18,3.96
639,15,2.63
493,33,3.31
2999,7,2.26
1630,2,4.52
2176,15,3.44
2122,32,2.7
1500,3,2.46
2500,6,3.31
1486,17,2.31
2486,29,3.02
448,31,1.94
1126,33,2.97
559,25,3.27
970,22,2.86
937,25,3.63
2331,21,2.32
2808,12,1.7
1228,24,4.32
86,29,3.2
1348,9,2.83
1949,29,2.13
2212,16,3.27
877,38,3.21
206,5,3.33
1932,14,1.98
1453,24,2.54
2196,28,3.77
791,10,3.63
1314,8,3.02
947,21,2.36
1994,23,3.89
1546,31,2.06
557,20,3.02
2809,34,3.17
30,15,4.31
1472,19,2.84
2273,37,2.66
1410,2,2.32
2477,27,2.78
529,9,2.95
1052,20,2.33
126,34,2.92
813,4,3.35
2547,18,4.02
654,6,3.23
138,7,3.39
1361,1,3.43
741,11,2.64
2262,34,4.41
291,18,3.62
2992,4,3.03
2419,35,2.69
2578,5,3.42
2740,26,2.84
1694,25,2.88
1792,0,4.26
549,39,4.21
1320,24,2.22
2822,19,2.27
2467,2,4.12
2409,14,2.98
1099,33,4.15
1396,6,2.36
2968,20,1.4
2615,22,2.91
2766,19,4.41
2775,29,2.55
1545,17,3.57
1130,20,3.35
2415,6,2.3
402,9,4.11
1781,1,3.75
2151,14,3.27
787,19,3.43
2373,33,2.98
373,22,2.69
338,28,2.64
2939,24,2.6
1057,11,3.54
1446,31,3.26
1293,22,3.45
1969,2,2.79
1097,19,3.13
1882,33,2.96
1205,31,3.51
1921,31,1.48
2039,37,3.1
1733,27,3.13
1831,12,2.18
32,39,3.17
1969,13,2.67
2975,13,2.93
2668,8,2.72
2926,0,3.44
2223,36,1.5
15,34,1.61
107,16,2.92
469,16,2.55
202,32,3.13
1912,35,2.87
1795,16,1.86
1409,22,3.24
917,21,3.42
336,22,2.32
1685,24,3.97
2153,14,2.64
2251,31,2.84
65,8,2.8
553,8,3.24
224,9,2.36
2428,38,4.15
2303,29,2.92
2016,8,2.83
1322,22,3.25
2219,6,3.73
613,33,2.93
652,19,3.68
718,31,1.6
2880,4,3.18
1388,23,3.35
2867,20,3.16
2121,35,3.01
1084,31,4.43
2503,2,1.55
2384,1,3.66
668,36,4.08
14,36,2.79
1440,27,3.25
2075,33,3.24
1074,10,1.75
2235,15,4.25
771,20,2.69
2715,11,2.88
990,36,3.68
538,9,4.02
2021,34,4.35
936,31,3.87
2419,25,3.09
2134,22,4.11
2208,37,3.21
2473,17,2.74
1903,16,2.63
1736,12,3.29
1415,35,3.16
2323,7,2.48
1313,19,2.79
2038,27,2.77
258,22,3.05
963,34,3.17
1244,10,2.72
2575,37,3.58
533,5,2.23
1870,31,2.31
1384,16,2.07
1654,32,3.35
113,2,2.6
1300,39,3.51
2305,25,4.13
329,10,2.72
2825,38,4.44
51,6,3.09
1702,8,3.66
221,35,3.13
2831,26,4.42
2644,10,3.68
1254,39,4.26
222,27,2.4
943,39,2.61
1078,26,3.07
1655,6,2.94
1959,10,3.08
1297,31,2.77
2246,7,3.19
2176,38,2.91
1628,4,3.81
1033,7,1.82
987,36,2.27
227,23,2.91
2606,23,3.84
1988,36,2.41
2263,33,4.08
855,35,3.9
2473,4,2.73
1476,1,2.44
2366,33,2.95
2408,38,2.9
936,28,3.29
958,10,2.07
2968,29,3.32
2950,20,3.26
1320,4,2.9
2246,11,2.44
1594,3,3.91
2446,9,1.76
2638,20,2.54
242,33,4.12
2477,26,4.02
2659,10,2.22
2054,35,3.51
1815,20,1.97
1297,35,2.95
1648,14,2.06
2758,37,2.56
360,39,4.55
1165,24,3.37
1534,4,2.8
2001,35,2.37
503,7,3.3
1590,8,1.41
2275,13,2.57
109,12,4.04
743,29,2.46
1344,0,2.34
811,14,3.1
786,1,4.63
228,34,3.29
852,34,3.71
828,12,3.97
379,29,3.13
1607,36,4.52
2026,22,1.36
2433,27,2.57
2161,35,2.19
2339,35,4.12
1129,14,2.7
1987,35,2.7
291,34,2.9
2725,33,1.99
60,11,3.71
1336,23,3.09
106,16,2.61
2671,34,2.05
2137,13,2.05
2790,21,3.54
900,21,3.29
2493,4,2.36
1453,27,3.73
1007,2,3.84
1970,37,2.62
306,33,3.21
2663,34,2.54
202,1,3.94
2992,19,1.52
1047,25,3.22
471,31,2.53
2357,27,2.02
733,11,2.06
2584,31,2.62
376,22,3.31
2547,13,1.73
2684,20,3.31
142,8,3.82
2308,0,1.62
1722,32,3.54
1908,27,2.12
1840,22,2.82
2426,1,2.85
348,10,3.0
1602,8,3.52
828,30,2.5
2554,17,3.37
2430,10,3.08
425,12,3.24
1824,21,3.15
1460,34,3.51
322,16,2.33
2298,1,4.03
1768,28,3.77
180,4,2.49
1004,28,2.2
1713,30,3.36
29,12,2.87
2034,25,2.58
738,5,2.79
2235,26,2.72
55,34,4.1
2926,21,3.62
2562,28,1.94
1434,18,3.06
2065,9,3.13
88,31,3.38
1082,21,3.14
2752,4,4.16
725,8,3.09
1254,28,3.32
1178,38,3.06
1297,30,2.75
1070,27,4.45
895,15,3.53
2500,14,2.28
1330,27,2.76
2475,3,2.76
2166,1,3.69
2736,23,1.95
1022,28,2.7
2628,5,3.33
251,12,2.67
2451,27,2.28
1766,11,2.22
2969,30,2.94
2248,35,3.79
1170,4,3.41
1075,34,2.99
2962,8,4.3
2368,0,2.08
199,17,1.67
1465,1,3.69
2193,16,3.48
1083,9,3.41
1731,22,2.78
2191,17,4.42
1124,36,3.17
526,35,4.19
2170,14,4.33
1489,27,3.45
265,11,2.28
2030,23,4.05
2779,28,3.26
1244,27,3.42
396,27,3.69
2961,6,2.35
1481,29,3.93
108,20,1.5
2907,19,3.33
636,12,2.95
1484,1,3.79
933,30,3.84
1940,35,2.23
2817,8,4.11
1186,1,2.94
36,39,2.79
413,1,3.79
483,2,2.97
2960,29,3.9
603,6,3.33
1082,22,2.25
1164,32,2.13
172,13,3.17
260,35,3.0
25,30,2.71
198,20,3.73
2627,24,3.2
423,39,1.71
1142,8,2.14
2840,23,3.46
2054,4,2.42
1121,26,2.6
72,39,2.74
2977,2,2.48
432,4,2.68
380,30,2.75
1794,32,3.5
2598,15,2.91
808,38,3.23
56,22,3.54
2663,37,3.24
1127,38,2.95
2264,8,2.97
21,30,2.76
2258,5,2.47
291,13,2.93
2763,34,4.26
1995,39,2.68
835,8,3.64
188,31,1.09
1175,23,2.66
1985,38,2.35
2239,23,3.71
2455,11,2.32
214,37,2.32
1915,18,3.41
2602,4,1.77
1502,23,3.18
593,15,3.74
41,9,3.44
2418,34,1.77
20,28,3.6
1033,30,3.28
825,24,3.08
1660,21,4.36
1937,35,3.85
2066,18,3.56
748,31,2.13
2367,19,3.37
2909,4,1.83
968,14,3.09
252,29,3.85
340,6,2.97
2799,4,2.73
2510,4,2.66
1805,37,3.12
2679,19,2.22
2024,28,2.77
401,16,3.14
2419,12,1.8
2330,11,3.2
2438,9,2.29
337,37,1.72
1924,20,3.08
1369,17,3.47
2321,7,4.3
1878,37,2.24
2688,5,2.24
1398,22,3.54
2866,22,2.73
1920,34,2.85
6,28,2.47
1438,37,2.8
586,22,2.65
1522,10,4.29
1080,15,3.59
822,35,3.77
238,8,2.5
2538,11,4.33
2489,1,3.99
858,23,2.87
2306,36,2.87
2096,19,3.38
2551,10,3.19
2187,12,2.24
1226,27,2.48
2557,34,2.87
654,12,3.5
1340,30,1.38
461,29,3.74
2718,9,3.54
1199,39,2.82
1063,28,3.26
2027,11,3.6
433,4,3.39
2533,27,3.22
1609,27,2.91
1082,38,2.74
2544,11,3.38
2923,9,2.45
2010,0,2.61
2649,16,3.51
1809,31,2.05
1158,7,3.55
655,29,2.03
1533,30,2.46
1987,12,3.73
2655,20,3.82
156,20,2.09
201,26,2.13
1964,22,4.6
499,34,2.4
1426,29,2.82
2536,16,3.35
2208,14,3.16
1235,24,3.19
2047,37,3.13
1477,5,3.04
831,34,3.82
972,4,4.69
1338,39,3.67
2479,24,3.32
1406,20,3.51
2026,5,3.85
1979,17,3.03
1343,13,1.87
2165,12,3.03
2745,0,2.88
203,31,3.33
1845,7,2.88
962,21,3.12
462,36,2.41
1874,20,4.14
2992,8,3.38
2748,31,3.23
1579,1,2.88
201,1,2.24
516,4,3.37
1776,20,2.17
1230,34,2.1
1355,22,2.8
2654,32,2.55
744,30,3.5
875,12,1.4
2395,5,2.74
2397,21,2.26
1276,2,2.87
2906,37,2.21
1630,33,3.28
394,30,2.35
2017,23,4.12
978,39,1.34
167,19,2.99
976,18,2.92
2029,36,3.71
452,0,2.05
860,21,1.53
210,2,2.86
768,22,2.35
1609,30,2.15
214,23,2.45
1802,1,2.11
1687,11,3.71
973,4,2.62
1421,35,3.03
304,8,2.19
2905,20,2.61
1836,36,1.81
861,10,3.29
1856,3,2.52
2856,35,2.87
2168,37,3.74
1864,8,2.29
1634,29,3.6
2475,35,1.87
1568,22,2.57
945,4,2.76
2378,17,2.07
1250,21,2.05
1751,9,3.71
2683,30,1.88
564,0,2.77
180,19,3.14
290,13,1.49
187,30,3.71
486,15,2.92
1361,12,3.48
773,15,1.97
1833,30,2.31
1058,13,1.94
1300,23,2.85
182,23,3.5
1263,1,1.51
1372,17,4.08
146,39,1.89
1068,21,4.03
1840,7,2.05
499,30,2.46
803,29,3.86
1999,26,3.24
1319,6,3.15
2023,6,2.21
531,33,1.76
2259,0,3.39
2941,2,2.53
1363,17,2.21
2053,13,2.48
2359,20,2.24
2210,6,2.93
216,9,2.43
786,11,2.84
2884,34,3.95
1636,31,3.75
1992,14,2.49
1985,16,3.28
2300,25,2.27
228,22,3.32
1958,31,3.22
909,6,4.31
1661,17,3.65
285,6,2.61
2697,37,3.54
2011,11,2.8
2414,0,2.3
1644,4,3.43
1128,7,2.93
1270,35,2.74
1701,24,2.64
2240,9,3.5
644,3,3.41
2955,20,2.63
2779,11,3.58
26,6,2.7
2046,3,3.34
712,8,4.47
2663,1,4.24
2241,32,2.94
2429,18,2.13
1026,28,2.88
1627,19,2.38
1069,5,3.53
939,17,1.69
3,36,2.75
2978,4,3.59
1473,13,3.77
1159,39,3.36
1315,31,3.16
2326,12,2.74
176,19,2.05
2330,29,2.71
1144,24,1.52
1798,32,4.36
2507,27,2.16
951,29,4.55
341,20,1.49
2745,25,3.28
2774,3,2.3
121,38,3.41
575,39,2.5
1921,3,1.68
1685,36,3.5
1517,22,2.97
2324,37,2.48
969,29,4.26
2077,20,2.06
1835,25,2.68
685,17,2.45
2369,0,3.39
643,8,3.95
2400,39,2.96
2580,22,3.31
1105,17,2.26
1317,36,3.5
294,11,1.95
1521,13,4.33
2506,19,4.29
747,2,1.69
733,24,4.84
1582,1,3.51
2591,30,2.13
2428,22,4.38
324,26,3.55
1086,38,3.9
2993,18,3.47
2891,6,2.9
362,0,3.7
2101,11,3.55
402,4,3.29
1587,18,3.39
681,21,2.46
1893,5,2.11
993,34,2.48
2917,32,3.93
2755,32,3.3
1473,3,4.65
1107,21,3.92
2427,0,4.42
2694,14,3.93
933,12,1.34
1804,9,3.18
2028,8,2.22
81,6,3.59
2779,11,2.53
2562,32,4.44
2969,30,1.75
2811,9,4.38
2542,20,2.35
1260,29,3.82
2989,24,2.04
741,3,3.04
1681,10,1.48
325,38,2.97
1080,10,3.48
2362,26,2.89
1235,18,1.96
103,39,4.34
2487,9,3.67
817,25,2.44
747,32,3.45
2086,14,2.63
813,11,3.51
1248,13,3.16
1317,29,4.03
1720,9,1.69
2203,36,3.16
1056,25,4.55
1931,24,3.64
2537,25,2.74
1786,35,4.37
1357,31,2.97
1790,17,2.52
1682,8,1.72
1765,22,1.32
2288,13,4.07
2394,4,4.38
1399,19,2.31
2064,25,2.6
587,22,1.69
2998,1,1.76
260,34,1.63
1919,23,1.9
2409,7,3.72
1423,7,2.58
2508,37,3.58
1947,38,2.08
2979,11,1.97
1787,11,4.09
100,38,3.31
2803,36,2.34
2343,12,3.13
929,31,2.87
1468,12,1.42
328,35,2.26
1352,27,2.7
2812,24,1.92
1066,14,2.41
2290,39,4.16
1366,17,3.24
459,7,2.81
2715,39,3.5
1409,14,3.7
1511,6,4.44
220,12,2.62
859,37,2.9
2312,20,2.13
2169,18,3.06
1304,33,2.53
435,20,2.35
1270,5,2.51
2532,23,2.15
280,23,3.53
2762,26,2.83
68,15,4.32
1672,14,3.86
743,27,1.92
1288,34,2.44
2013,35,2.98
1706,0,3.52
1447,16,2.62
291,20,1.89
2217,39,2.04
1486,1,4.05
556,8,3.48
353,31,2.43
1264,35,2.48
1827,19,4.69
283,13,1.06
1606,33,3.2
456,30,3.51
1005,18,3.0
2525,26,1.9
1872,7,2.71
2333,29,3.25
2079,27,2.3
2496,27,4.0
2262,17,3.08
1738,9,3.29
2445,15,3.41
337,9,1.35
2984,29,3.04
968,24,2.48
2903,23,4.04
903,31,3.27
672,12,4.35
1304,27,2.42
769,20,2.63
2671,14,4.76
2607,6,3.63
1715,3,3.03
2596,16,2.84
2971,37,2.96
2602,17,3.66
479,11,4.13
844,6,3.48
1626,4,2.86
1881,20,1.81
2118,1,2.65
505,17,3.43
110,16,4.27
1406,15,2.46
397,13,2.43
351,7,3.51
1558,7,3.3
2837,22,4.07
2469,19,3.39
922,1,3.0
2042,21,2.46
111,10,2.77
209,17,2.51
1766,39,3.57
1202,20,3.57
2979,18,3.95
1786,29,3.59
2473,37,4.24
2376,23,3.6
1908,33,2.73
11,8,3.28
856,33,2.73
1259,22,2.14
2302,16,3.64
1590,24,4.25
1502,24,3.45
129,1,3.11
100,38,2.88
290,22,1.63
1593,17,2.75
1677,32,2.64
1149,18,2.26
1845,33,3.19
2694,31,3.05
1828,0,3.21
665,34,1.49
1371,31,2.54
698,0,3.28
183,35,2.83
351,4,2.32
1820,4,4.32
1402,30,2.46
2756,24,4.1
1489,4,3.03
678,34,1.99
2850,23,1.49
340,15,2.96
111,33,3.77
2309,9,3.65
1212,24,2.56
2419,28,1.85
1721,8,4.69
1823,17,3.76
2652,23,2.83
2497,22,2.83
1730,21,2.83
1896,4,2.52
2909,23,3.68
1412,20,3.67
1362,7,3.99
1944,37,3.44
1353,35,2.64
656,1,4.05
2197,21,4.21
350,29,3.44
2371,33,2.96
2913,38,3.52
1144,14,3.41
1005,4,3.42
398,17,4.3
646,15,3.56
413,23,2.6
37,27,1.84
2235,25,3.18
420,8,3.57
2773,31,1.89
1484,25,3.0
2235,32,3.0
2519,31,2.78
1102,34,4.52
1984,26,2.35
1963,9,2.6
1398,33,2.87
810,9,3.9
2378,8,2.47
958,4,3.49
320,18,3.54
2523,21,3.44
2874,33,3.54
514,34,3.31
334,28,2.59
1095,25,1.99
2513,18,2.44
724,12,2.59
8,17,3.25
1720,11,2.25
2004,29,1.64
164,38,3.32
781,1,2.66
1319,3,2.79
2406,21,2.81
2129,0,4.11
2822,22,1.44
1299,24,4.39
921,23,3.06
2947,18,4.31
1641,7,2.99
1845,12,3.69
2970,25,1.67
2873,39,1.68
1591,23,3.65
1103,19,1.83
680,18,2.07
1252,10,2.67
438,14,2.31
946,38,3.38
1284,13,2.84
2824,15,3.56
2724,13,2.95
10,12,2.37
158,27,1.36
2916,28,2.56
2832,12,1.67
1182,14,2.2
2368,36,1.77
1226,17,2.05
121,13,3.72
2187,11,2.45
674,13,2.44
2028,23,3.5
1284,37,1.21
1457,2,2.12
44,34,3.16
816,13,4.15
1379,35,4.27
98,35,3.23
1895,39,4.48
2287,0,3.57
475,32,1.86
2572,14,2.74
2605,31,2.92
1416,1,3.51
9,6,2.5
1537,6,3.37
1413,17,3.27
1863,21,2.57
1234,37,2.92
616,21,3.03
2200,24,3.27
2458,8,2.92
10,16,2.02
552,3,2.49
2604,6,3.16
880,3,2.97
268,9,3.6
2715,33,3.13
451,10,1.94
2642,29,2.94
2446,30,1.39
2969,12,1.92
1392,23,2.55
1083,4,1.66
294,31,2.26
2836,9,1.73
952,38,1.92
869,35,3.86
110,7,2.77
1566,26,2.6
2155,6,2.51
1013,7,1.31
2345,27,2.53
2887,16,3.06
1855,29,3.14
1989,15,4.04
845,5,3.06
1708,39,3.49
2127,29,2.74
2008,32,1.9
1274,18,2.08
2778,28,3.73
339,30,2.6
2105,8,1.92
2968,14,4.27
147,16,2.53
746,10,3.02
1041,29,3.4
2416,13,2.81
2757,21,3.79
1213,25,3.66
2296,4,3.32
2198,3,3.44
714,30,4.42
2265,13,2.71
2718,27,3.53
2909,15,4.12
1611,21,1.16
1419,1,4.3
1787,39,2.26
304,16,2.45
1582,32,3.06
2451,19,2.42
1878,23,3.21
2908,22,3.04
380,11,2.81
2500,30,3.04
694,5,3.91
1619,14,2.19
2193,7,2.38
50,7,2.91
1448,31,2.02
2391,25,4.06
2930,15,2.66
1756,20,2.66
2938,34,3.69
1880,23,1.97
2810,19,3.0
848,22,1.42
2972,9,4.2
1196,16,3.67
1513,30,2.96
1383,26,2.78
2237,17,4.26
1553,12,3.57
2458,37,1.64
227,34,3.77
1808,36,4.02
213,10,2.17
419,23,4.04
1876,21,2.82
919,24,3.07
777,17,4.35
1554,1,3.6
2269,8,3.01
176,25,2.63
2632,39,2.72
1346,16,3.56
535,33,2.53
2773,11,1.62
1418,3,2.24
1830,36,1.49
1664,26,3.54
324,5,1.94
85,39,2.59
887,11,2.46
112,4,1.93
2676,7,2.39
949,13,2.86
2798,3,2.87
1422,23,2.59
52,3,3.23
2132,15,2.73
2760,23,2.74
2779,27,3.65
741,9,2.88
2877,21,2.73
425,21,2.64
1045,38,2.18
1712,20,2.96
56,3,1.74
2860,35,3.13
807,8,3.4
655,5,3.74
1007,39,3.04
908,25,1.92
8,0,4.02
2172,15,2.78
1782,38,4.06
1125,7,2.1
990,33,3.38
2883,27,2.34
2814,23,2.25
1104,2,1.64
2079,32,3.57
378,35,2.74
2378,35,2.51
1950,10,2.29
1323,39,3.69
282,39,2.71
1036,13,3.75
639,32,3.44
2920,11,3.58
2747,16,3.2
69,19,1.28
2889,6,2.49
1839,5,1.67
2071,26,2.08
337,10,2.35
2475,6,1.76
2893,2,2.73
2257,17,2.78
215,18,2.69
635,31,2.91
423,6,2.27
2121,25,1.74
2871,13,3.89
786,23,4.18
938,19,2.81
1772,9,4.25
1690,17,3.41
1298,3,3.72
1257,8,2.92
2337,9,2.03
2603,7,2.61
439,6,3.32
1338,0,3.99
1534,35,2.75
1418,37,2.6
2076,36,2.68
270,14,3.57
1491,35,3.3
1946,38,3.68
2122,6,1.18
1681,21,3.94
674,30,2.66
2294,0,3.01
410,17,1.98
2546,17,2.5
1442,39,3.21
2259,20,3.73
792,20,3.37
1247,14,3.0
360,22,4.12
582,25,2.91
1044,10,3.67
423,14,2.5
121,19,3.01
2221,38,2.02
34,26,3.16
2966,0,3.06
71,17,3.27
545,0,2.24
2822,1,4.25
2832,36,2.57
968,21,1.76
535,9,2.66
14,22,3.04
1330,5,3.26
271,29,3.58
1797,11,3.46
1518,38,1.89
1584,20,4.04
463,36,3.01
523,7,4.0
2818,19,4.03
855,18,3.47
2840,39,3.93
2046,36,4.04
443,30,2.84
2299,26,2.75
2208,21,3.0
2084,28,2.78
2928,19,1.87
1222,10,3.94
2441,27,3.81
1228,34,2.54
2092,3,3.42
2363,37,3.76
408,16,2.81
895,22,2.94
2254,38,2.03
1265,12,2.26
2089,10,3.02
2636,26,3.66
2011,21,2.24
2762,18,2.74
1387,34,2.29
898,14,3.69
95,28,3.68
540,36,1.22
2107,26,3.86
2902,20,2.66
509,12,2.92
2561,20,2.07
2847,20,2.52
1046,28,1.61
738,16,3.05
1228,32,2.31
2747,9,2.77
2935,10,3.25
471,18,2.17
284,38,2.79
372,16,3.86
1522,10,1.97
2903,20,4.05
2177,18,2.14
1404,35,2.93
507,36,1.81
1119,20,2.99
578,8,2.38
1201,26,3.03
2521,31,3.59
1008,28,2.38
668,35,3.49
1447,10,2.91
1908,10,2.81
2368,24,4.44
2106,32,1.57
273,3,2.69
1222,39,2.36
41,9,3.02
738,16,3.73
1797,8,3.2
1269,39,2.16
709,37,2.83
2284,8,3.08
126,0,2.91
778,17,3.82
836,18,2.9
2188,28,3.18
879,13,2.04
394,34,3.76
828,37,3.59
2175,2,2.17
1944,2,4.29
837,11,1.5
525,35,2.75
1252,4,4.29
146,32,1.55
735,24,4.13
2776,16,2.17
1924,21,2.43
169,23,2.68
1562,4,3.4
1149,0,3.18
300,7,3.49
938,6,3.75
522,28,3.71
2153,28,2.74
618,13,3.11
969,8,2.48
1718,16,3.99
1936,11,1.74
506,16,3.68
302,9,2.36
653,20,2.77
64,13,2.21
2638,38,2.25
2280,35,3.06
1623,15,3.25
319,28,3.88
1682,32,2.05
829,33,3.95
92,39,4.05
961,33,2.84
64,5,2.46
844,23,2.51
219,8,2.72
704,11,3.39
619,2,3.9
1933,26,2.61
247,23,2.28
964,29,1.82
1497,26,2.43
1014,37,1.31
57,5,3.18
1069,34,2.43
1110,0,2.43
2029,21,3.8
1062,14,3.64
2230,3,2.95
2212,32,2.26
757,6,1.32
1859,6,2.93
1913,18,3.14
126,16,2.9
267,26,2.01
2402,29,3.53
1623,31,2.5
1681,18,3.96
1532,7,4.01
2007,21,3.7
610,3,1.74
469,39,3.5
801,15,3.98
133,19,1.56
2897,19,3.78
1020,11,2.1
318,29,2.45
1601,36,4.24
711,16,3.18
451,7,3.98
1882,32,2.68
1744,20,3.15
1324,17,2.66
2681,11,4.03
142,33,3.62
1498,7,2.26
2907,9,1.24
569,1,2.97
2352,11,1.16
2705,28,2.5
1580,0,2.83
2692,31,2.56
2641,8,3.26
1889,4,4.02
30,24,3.16
1267,24,2.63
695,26,2.17
158,13,3.09
2194,11,3.77
340,4,2.07
2914,30,3.96
1769,31,2.2
92,24,1.66
329,1,3.7
172,5,2.18
2750,8,2.39
621,15,2.64
2320,15,2.89
1119,11,1.6
989,37,2.22
77,25,2.09
2199,27,3.28
142,22,3.46
231,22,3.08
1794,18,4.0
1932,21,2.87
954,13,3.28
2176,31,2.2
2908,35,2.73
1760,37,3.24
2744,39,2.64
2545,3,3.36
1829,21,4.25
2858,33,1.93
1554,36,3.53
2179,16,3.52
1485,25,3.61
269,37,2.76
2666,3,3.15
962,24,2.27
1595,28,2.65
1628,31,4.0
1968,12,3.16
1075,36,1.69
1703,22,3.75
2857,27,1.43
1029,37,3.02
648,28,2.14
738,27,3.28
2550,7,2.42
1208,29,2.69
2457,32,1.69
1460,7,2.19
820,33,3.76
903,30,4.48
2237,33,2.5
1504,9,2.41
981,6,3.28
2863,39,3.84
383,29,2.62
2898,35,3.43
1346,0,3.02
1467,8,2.11
490,33,3.55
1157,32,2.7
426,7,3.04
2298,4,3.39
1983,10,3.25
1586,33,2.64
1446,3,1.91
1500,3,4.05
2732,17,2.87
1408,20,2.7
2367,17,4.32
1020,3,4.36
2273,29,1.47
423,14,3.46
2956,19,2.03
1215,32,2.05
1801,31,3.26
1780,15,1.5
2127,1,4.27
855,1,3.72
365,22,3.67
2070,35,4.24
548,19,2.34
2378,11,4.08
2104,7,1.69
1272,14,3.24
925,39,3.2
261,29,2.26
435,25,3.34
2586,2,3.75
535,33,2.31
381,14,2.38
2151,2,3.31
29,9,4.27
1507,28,2.55
1072,14,2.95
1391,19,2.7
547,25,2.93
327,19,1.65
2314,39,2.43
1752,13,4.06
729,25,2.28
219,25,3.22
126,30,2.77
882,22,1.47
1403,13,4.34
319,1,4.12
1329,36,3.29
1224,5,2.97
85,8,2.2
1065,36,2.42
2771,13,4.47
1575,38,2.71
1387,14,2.73
1943,15,2.43
362,11,2.03
2415,9,3.98
1205,1,3.84
1255,14,2.14
988,22,2.71
1849,28,3.61
2636,39,2.71
2537,31,4.14
1258,31,2.16
1453,19,2.87
831,14,1.97
2714,38,2.43
1318,15,3.51
1372,17,3.45
876,2,4.66
361,7,3.58
1899,19,2.94
358,23,2.67
1407,0,4.03
2784,30,3.29
64,35,2.16
1420,17,2.43
2229,9,2.71
2635,14,2.3
2237,13,3.02
1516,30,1.84
580,18,3.64
2218,6,2.65
322,36,4.1
1196,39,2.91
2332,38,3.42
2414,13,3.24
2159,1,3.71
2126,35,3.8
2301,2,1.78
2284,39,2.94
2141,22,2.76
1839,33,3.01
222,21,3.08
896,19,3.93
1514,12,3.69
1818,19,2.49
985,38,3.69
1633,30,3.07
2891,19,3.58
2300,20,2.92
2044,22,1.75
2190,8,2.78
2359,20,2.18
1409,4,3.14
582,12,2.22
1336,9,2.05
2394,22,1.98
302,9,2.84
1788,9,2.07
2555,25,3.66
2295,14,3.5
2536,10,2.52
1948,30,2.18
2976,23,2.24
1373,30,4.61
791,2,3.71
912,15,2.46
1376,21,1.91
2202,38,2.92
1534,22,3.4
1953,14,3.98
2992,18,1.41
595,38,3.92
1591,27,3.44
62,33,1.67
2918,33,2.88
1166,36,2.27
466,1,3.07
1173,3,3.58
2359,10,3.34
816,15,4.14
2151,11,2.2
2076,4,4.53
508,19,3.48
2182,22,3.23
59,30,2.78
2118,37,4.21
1959,30,2.26
185,17,3.57
2620,23,3.8
1498,9,2.2
1681,29,4.47
2216,38,3.79
578,35,3.2
1148,13,2.09
1237,14,3.06
182,23,2.36
71,14,4.5
556,3,3.71
852,33,2.34
1219,35,2.1
1316,27,2.44
1081,24,2.53
1913,4,3.89
2731,2,2.27
1324,12,1.61
2366,22,3.11
829,36,4.05
2142,37,3.05
267,27,1.5
1400,6,1.94
614,2,3.34
2550,5,1.86
1401,0,2.67
578,7,2.43
632,10,2.68
2327,29,2.97
2802,24,3.24
1457,19,2.37
2290,16,2.8
2035,35,2.94
1246,20,1.75
2831,16,4.32
985,4,3.27
4,2,2.66
2368,6,3.46
1345,23,1.99
1032,11,3.31
1076,19,1.55
1024,10,2.13
1166,33,2.93
779,23,2.5
2875,23,3.7
280,15,4.15
1112,22,2.31
1184,1,3.91
985,14,3.16
2076,5,2.44
810,31,1.42
272,25,2.93
1124,29,2.06
1228,33,1.45
190,32,3.43
546,11,2.81
2342,30,4.02
2004,4,3.43
848,13,3.03
1368,18,1.99
771,9,3.32
769,23,3.42
2101,22,3.14
2732,20,4.79
1071,38,1.5
1011,18,3.56
703,36,2.34
2931,15,2.49
465,24,2.24
2601,15,2.75
917,30,2.15
1453,17,3.13
2031,22,3.11
194,16,4.07
66,3,2.22
2603,9,2.03
1726,39,3.68
601,8,2.64
1500,38,1.79
1712,2,4.15
1905,30,3.61
476,29,2.47
2621,22,4.72
2810,14,2.5
887,11,3.37
2878,11,4.43
82,6,2.01
1961,25,3.16
2748,33,2.4
44,18,3.6
2872,26,1.96
1502,10,2.75
610,31,2.84
1889,32,3.17
1353,2,4.03
1438,16,3.45
1788,6,2.49
720,11,2.9
691,14,1.52
1946,29,2.42
2747,9,3.75
2885,10,3.41
110,33,3.98
219,5,1.87
463,28,2.33
2908,24,4.0
515,39,3.47
637,23,3.51
1217,3,3.01
627,6,2.6
70,17,4.02
2507,18,1.45
1518,20,2.63
2145,13,2.8
1851,30,2.7
224,23,3.53
1866,4,4.34
2879,18,2.28
2689,10,3.57
1635,33,2.74
1806,17,3.4
2544,13,2.86
1780,35,1.82
1062,6,3.3
769,2,2.11
1876,12,2.84
2808,0,3.38
1669,15,2.72
2536,30,1.83
2604,37,3.22
992,11,2.03
1729,8,2.97
2029,7,2.98
1530,13,3.59
489,21,3.19
57,34,3.19
512,20,3.19
2152,18,1.88
2605,26,2.67
2108,1,2.36
1602,38,2.78
735,35,3.95
1583,13,3.41
371,17,3.25
2074,33,3.45
2441,28,2.26
1843,26,3.86
606,33,3.31
110,16,2.99
773,19,4.34
2302,6,3.27
1831,0,3.44
1860,29,2.76
1828,12,2.23
917,18,2.19
2814,33,3.05
2586,34,3.53
2663,22,2.54
2635,7,3.27
597,0,2.62
1238,34,2.61
2161,21,3.14
1336,23,3.15
2617,13,3.19
955,20,2.45
2944,2,3.44
1125,10,1.82
762,10,2.96
938,9,2.56
2701,16,3.23
2132,11,2.86
719,5,2.53
1954,5,2.71
2916,3,2.67
949,38,3.62
302,10,3.61
1241,21,2.63
2616,10,2.34
2589,10,3.26
2140,10,2.88
2702,18,2.65
1476,6,2.55
614,25,3.54
2119,17,2.11
1549,10,2.84
1425,26,2.59
669,7,1.4
2129,10,3.72
2643,8,3.73
218,16,1.72
2932,6,2.82
749,6,2.19
125,23,3.9
201,33,4.02
2622,16,1.92
1044,11,3.3
722,16,1.89
952,14,2.77
1882,27,4.05
2228,27,3.46
1433,15,2.52
1086,32,2.79
2321,29,2.1
2855,10,2.8
1777,21,3.51
2811,38,1.54
699,27,2.52
2969,31,3.23
622,15,2.5
2588,25,3.07
986,9,2.42
460,23,4.05
1085,24,3.2
300,15,4.07
2545,4,2.55
1276,25,2.2
1431,14,2.64
1280,18,2.22
2639,23,3.5
2389,30,3.27
1830,27,2.57
1822,28,2.53
2451,34,2.71
2336,21,2.66
989,22,3.68
214,3,2.99
532,38,2.22
2918,22,2.06
2790,16,3.31
1600,32,1.96
1985,19,2.9
2259,24,3.7
2219,36,2.65
538,20,4.25
1287,5,2.48
2850,17,3.31
676,36,3.63
390,1,3.54
2469,32,4.02
2110,5,3.7
2134,37,3.27
1609,37,4.26
2539,31,3.19
2944,24,3.02
2108,26,2.84
2525,3,3.17
320,25,2.64
690,11,2.88
2100,7,4.33
657,36,2.22
828,29,2.07
1101,0,2.06
119,17,3.14
2769,29,2.84
1206,23,2.58
506,25,3.2
2685,26,3.4
2201,31,2.26
1042,0,3.42
497,21,2.64
1772,0,2.08
79,16,4.42
59,1,2.79
1435,15,3.56
2811,37,2.88
2874,24,3.7
1654,2,2.34
1773,3,2.5
1863,14,2.8
1707,27,3.78
1512,0,3.01
244,29,2.87
2256,0,2.62
2904,29,2.3
1111,0,3.18
1675,8,2.23
2648,3,1.78
2693,22,3.27
1978,22,2.96
39,0,3.25
2526,30,3.22
1616,34,3.35
20,27,2.78
221,14,1.91
1873,33,2.63
2323,24,3.26
2511,0,2.3
251,17,3.42
212,38,2.38
2735,22,2.65
419,3,2.35
1196,31,2.76
507,17,3.24
646,23,3.01
1652,31,3.71
869,9,4.74
492,9,1.59
2343,24,2.7
2505,38,4.44
1170,2,3.46
1262,21,2.88
740,30,2.72
1791,8,4.42
424,8,2.67
292,0,2.1
2204,30,3.58
1984,37,2.54
2398,2,4.16
1958,33,4.45
243,14,1.45
1231,32,2.26
1790,19,2.0
2306,17,2.12
585,18,2.72
2083,10,2.51
2478,16,2.52
1343,20,4.13
95,0,3.46
2268,30,3.45
301,18,2.32
1661,0,3.42
1209,1,3.2
2823,14,3.3
2448,8,3.35
690,11,3.36
1166,22,3.03
993,4,1.95
2182,2,3.81
661,37,4.49
1930,4,2.73
1926,15,3.85
2306,0,2.51
1063,10,4.24
305,28,3.49
1848,12,2.92
526,5,2.81
407,5,3.47
1383,13,3.97
886,5,2.76
2426,1,3.94
2517,29,3.66
873,5,2.51
1971,9,4.11
990,31,3.54
1305,37,2.89
1589,4,3.22
11,4,2.54
2723,18,2.15
2743,1,4.09
1988,14,3.32
973,37,2.77
9,13,4.15
28,17,2.6
2871,30,1.65
686,5,2.73
2559,20,3.53
2550,17,2.2
582,29,3.83
2826,24,3.04
2709,20,2.32
1242,24,2.74
1662,27,1.99
2051,30,2.91
1211,8,1.79
43,7,4.24
1635,2,3.84
2823,38,2.04
1435,10,1.73
42,22,1.58
730,17,2.5
1982,23,2.02
648,27,3.47
2705,39,2.28
1983,14,3.46
2929,7,3.8
1929,29,4.28
1160,23,2.85
2558,14,3.95
1543,31,2.82
37,0,3.24
2020,2,3.03
823,11,1.75
579,28,1.47
2885,38,3.07
2565,30,3.9
2833,38,3.0
1021,39,3.05
2927,17,2.43
1082,3,1.66
2203,38,1.96
1896,10,1.95
2023,2,3.39
113,5,3.48
2884,16,2.16
1780,19,2.89
1820,2,2.83
601,24,3.64
442,5,2.95
228,30,2.88
874,5,2.76
1146,26,3.19
671,33,2.72
1292,31,2.72
695,3,2.02
1509,6,1.47
2917,23,3.95
1028,5,3.42
121,18,2.74
742,8,2.63
1510,4,3.05
1243,27,3.48
694,20,3.68
257,7,2.08
2091,28,3.6
2918,7,4.09
2964,13,4.39
1554,6,3.23
1713,22,1.87
2636,39,3.73
913,3,1.81
594,31,3.16
1034,27,3.42
2840,13,2.53
212,29,2.74
1676,15,2.96
1962,29,3.81
1406,12,2.3
1413,17,4.63
922,10,2.46
2384,10,2.98
922,10,1.56
2131,35,3.16
2040,5,2.66
2200,39,4.21
1759,17,2.18
1494,30,4.15
78,17,2.77
412,26,3.56
1578,11,1.64
1598,22,2.75
2429,16,4.59
2996,21,3.87
2838,9,2.9
313,38,2.67
2912,10,2.75
2443,4,1.92
2591,1,3.24
4,39,3.55
109,35,3.1
2966,20,3.19
886,33,2.48
93,12,3.03
1123,34,3.85
192,29,4.62
2381,26,2.73
1236,19,2.71
627,31,3.08
573,11,2.31
2404,2,3.97
1926,17,2.55
2639,25,2.69
196,2,3.1
262,17,2.93
2370,0,3.39
2468,0,2.54
1935,33,3.53
332,23,3.03
1320,4,3.64
1260,38,2.26
681,25,2.57
2055,2,4.16
534,6,4.29
2120,0,2.65
1524,14,3.09
2666,13,3.87
2187,21,4.2
2590,34,2.62
324,29,2.88
2997,11,2.58
2649,27,2.63
1941,16,2.34
73,8,3.59
2888,35,3.75
1413,33,3.52
1262,12,2.27
988,0,3.95
1346,29,2.3
1787,24,2.03
1329,9,3.2
1032,8,4.11
2007,24,2.83
1231,14,1.7
411,16,3.5
2306,31,2.4
1820,11,4.5
2699,27,2.55
2174,24,2.54
1194,5,3.8
2592,0,2.87
2503,9,2.99
662,37,2.98
1230,2,2.91
1357,29,1.74
2966,9,3.26
1674,26,4.65
1089,11,3.13
2136,39,4.39
1859,32,2.46
1067,27,2.98
1907,9,1.49
1961,18,2.61
2564,9,2.76
500,5,3.33
1303,32,4.28
326,36,1.52
1442,20,2.44
553,17,2.84
1938,14,3.1
888,21,2.98
996,12,1.81
929,13,3.25
2969,36,2.49
308,20,2.66
2705,1,1.67
1331,33,2.05
1923,32,2.5
470,26,2.91
1655,3,2.76
625,14,2.38
2339,24,4.35
249,2,1.76
2372,28,3.64
1467,32,3.03
604,18,2.74
59,26,2.99
1021,24,3.45
2317,5,3.79
1342,37,2.99
2142,34,3.29
1278,19,2.28
687,6,3.7
515,33,3.2
533,26,1.64
402,36,2.36
2769,10,1.78
2925,29,2.65
2656,1,2.5
2141,19,4.35
574,10,1.55
1566,14,2.36
971,17,2.26
1806,25,1.52
437,31,2.11
2504,36,3.69
2463,28,4.05
2003,12,2.33
1399,20,2.8
1555,32,3.17
2752,18,2.97
1639,9,2.38
2930,30,2.86
762,25,3.52
1463,17,4.52
2313,27,3.29
2555,30,2.81
2694,32,3.27
2945,1,3.17
861,6,1.65
1975,27,3.14
2737,36,3.6
867,13,1.95
1123,13,3.04
1054,38,2.68
1315,10,2.84
2535,3,3.09
1963,9,3.7
28,4,3.54
2336,13,3.18
581,1,2.59
2998,32,3.25
2300,10,1.65
927,4,3.59
2158,39,2.8
1889,0,1.66
2692,22,2.05
2446,2,4.21
1556,34,3.06
276,34,2.85
2737,27,2.27
2295,20,3.62
1348,28,2.25
2456,32,3.31
2173,38,1.54
153,7,2.49
1605,2,3.54
2706,0,3.45
1902,23,4.09
2068,7,2.18
1827,9,2.73
247,19,2.97
1414,38,2.88
1371,11,1.59
1227,37,2.28
1033,36,3.58
1716,23,2.91
1692,10,3.53
2579,19,2.94
2151,35,2.55
2645,4,2.51
2399,17,1.64
2282,24,2.07
1671,35,2.88
37,7,2.95
1628,10,3.49
2340,24,3.47
2065,31,2.98
2138,28,3.81
1372,14,1.92
677,32,1.85
977,38,3.8
1468,19,2.47
253,21,3.63
2865,34,3.9
1617,32,3.38
2017,28,1.56
2232,2,1.82
2338,5,2.32
761,23,3.66
2206,29,1.27
2971,12,2.22
2739,6,2.98
393,2,2.82
431,7,2.65
997,12,4.24
1092,15,4.44
1101,10,3.33
102,3,2.43
2700,14,3.25
893,12,2.64
2633,29,3.37
2255,27,3.61
2261,8,2.32
2127,22,3.1
1789,13,1.79
2181,22,3.14
1221,18,3.46
472,29,3.95
1781,30,1.29
2338,16,3.13
1280,28,1.91
1499,35,4.08
2682,3,3.47
422,22,2.78
2606,12,1.72
2629,5,2.86
539,5,2.77
1707,4,2.96
1781,3,4.07
2510,27,1.91
2349,37,2.26
1312,22,2.16
1961,29,1.75
986,38,1.72
806,9,3.42
2305,3,3.73
2501,21,3.18
2486,31,2.36
2446,38,2.27
1177,33,3.11
649,11,2.57
2270,14,3.75
1725,0,3.36
1460,39,3.27
2184,3,4.25
1552,15,3.56
626,37,3.83
776,2,3.68
1303,20,3.34
2633,23,3.36
2533,26,2.52
1269,10,3.7
1774,13,3.05
2925,11,3.97
1167,24,4.22
2549,2,3.52
1551,2,2.68
2141,33,2.16
1407,34,2.33
1913,17,2.74
2327,17,1.87
1751,3,2.55
621,18,2.3
1312,27,2.09
2524,33,2.65
2930,26,3.8
672,4,3.27
801,19,3.53
171,15,2.89
1549,27,2.02
2420,11,2.65
2780,3,2.59
1417,27,3.09
1982,6,1.88
2233,0,3.03
939,25,2.36
835,0,4.33
2257,30,4.31
2848,22,3.11
2047,27,2.29
1385,24,4.16
2032,28,2.24
1465,14,2.37
2417,8,3.58
2772,24,3.59
1256,10,4.76
1005,22,1.54
2885,7,4.05
1732,39,3.29
1273,6,2.48
1341,25,2.6
2312,15,3.39
1753,24,3.48
1957,10,1.93
2730,14,2.53
913,14,2.57
1692,30,1.64
70,17,2.39
1258,20,4.35
432,37,2.27
1078,14,2.91
170,0,2.09
2084,25,1.86
1951,0,3.61
1985,30,4.29
259,10,3.57
2299,23,2.94
2061,9,1.73
2719,34,2.85
2589,6,2.19
2105,37,3.34
1004,1,2.53
1185,8,4.17
437,32,2.25
2826,31,3.15
230,19,3.42
831,1,3.63
841,21,2.6
1217,5,3.43
620,2,3.69
2405,25,2.62
2400,13,2.15
2913,27,2.67
1282,4,4.01
622,1,2.01
635,4,2.4
1994,29,3.86
2676,32,2.32
1766,25,3.4
2341,20,1.85
1410,12,2.71
829,5,3.44
2282,30,4.04
1727,35,2.4
537,19,1.88
1403,38,2.03
805,25,3.55
2037,32,2.43
2587,12,2.4
852,12,3.47
2226,34,2.96
556,35,2.23
1246,2,3.1
948,22,2.4
2871,5,3.15
228,8,2.44
1865,19,2.82
1934,1,1.72
254,19,3.86
2723,39,3.06
2054,7,3.92
2095,2,1.96
2931,34,3.78
2628,18,3.41
254,6,2.81
59,24,2.44
1722,20,2.31
2608,4,3.56
1015,26,4.22
1215,25,3.4
265,36,3.19
1708,23,3.42
1582,5,4.35
2294,5,4.39
2485,13,2.65
2736,20,3.91
2524,1,2.32
938,32,2.01
878,10,3.35
2705,28,1.44
547,30,2.74
2463,3,4.16
398,22,3.11
2040,28,1.81
2216,6,3.47
1631,35,2.5
1852,19,2.54
2851,31,4.47
230,25,3.58
703,8,3.97
1428,17,3.07
2192,23,2.25
1700,38,3.9
1555,26,3.0
2116,8,2.78
2146,6,3.95
7,16,3.26
2863,6,2.07
177,0,2.42
1230,29,1.6
299,35,1.59
1824,12,2.46
2277,13,3.51
2944,30,2.77
631,36,4.05
270,21,2.57
81,32,3.09
1696,26,3.3
820,38,3.56
501,10,3.31
2754,38,4.2
1511,29,2.99
1512,24,3.49
990,3,3.04
1502,24,3.36
2751,31,3.32
1313,3,3.18
2154,31,3.41
641,1,2.58
609,9,3.28
1009,32,4.0
1600,12,2.33
1664,18,2.6
1829,39,4.57
1998,6,2.4
2430,9,4.41
2886,22,3.97
1927,30,2.8
104,34,2.6
2712,32,3.26
1532,0,1.51
1988,24,1.71
1079,9,2.24
121,15,1.85
407,32,3.25
676,8,3.01
2489,23,4.4
1655,23,1.3
432,15,2.81
909,16,3.32
61,29,1.49
2774,2,3.36
1271,7,2.57
2987,30,2.52
2917,20,4.05
1614,30,2.78
1048,9,2.96
2454,36,3.53
1332,38,2.49
2661,8,2.61
2263,30,2.41
262,6,3.55
2963,10,3.08
1437,28,2.7
2171,25,1.71
764,36,4.08
2368,23,2.27
2206,36,4.37
1685,33,4.27
1089,38,4.11
369,10,2.08
870,16,3.16
1028,18,3.0
2734,24,3.36
914,33,2.89
1780,34,3.67
2632,26,2.88
1631,5,2.57
543,16,3.03
2204,22,3.16
2936,8,2.15
752,9,2.4
2112,1,2.27
421,11,2.82
2371,30,3.83
1487,33,3.87
1604,39,4.18
547,18,4.36
2299,30,3.2
866,36,1.65
2558,15,2.25
1572,35,3.34
2489,7,4.01
454,34,2.46
2692,3,3.42
2865,7,2.32
1758,2,2.94
679,1,3.1
274,31,1.89
60,12,3.61
342,34,2.71
1418,11,1.27
2161,2,3.69
1815,31,3.47
2116,23,3.0
1339,37,3.13
467,27,2.04
2906,21,3.21
2311,13,2.69
2472,2,2.13
720,38,2.99
1236,30,4.48
563,5,3.66
983,11,2.7
2967,10,2.49
2336,13,3.47
425,5,3.16
554,22,1.91
759,27,3.76
1731,13,1.73
244,11,3.47
1358,24,2.34
2376,28,1.73
2763,34,3.73
1130,39,4.07
1786,9,3.74
1911,35,2.59
1963,19,3.04
2849,2,2.7
1189,8,1.27
1870,33,3.78
2679,31,3.77
2010,21,1.74
1081,12,1.99
960,17,2.66
1212,24,3.38
2801,0,4.12
324,15,1.64
2203,39,3.08
2107,28,3.06
1795,32,2.73
2249,3,2.79
2343,27,3.15
1976,35,1.54
1414,31,2.6
1308,25,2.35
2658,33,3.03
2397,34,2.99
1456,3,3.03
963,3,2.81
1718,2,1.73
2430,34,4.01
1296,7,1.61
2540,27,1.38
2379,19,2.32
875,19,3.24
2206,11,3.09
432,37,2.65
1140,32,2.74
619,34,2.29
619,17,1.82
2674,0,3.86
435,12,3.75
1546,14,3.39
2844,21,2.51
932,28,2.61
572,19,2.8
266,7,3.81
102,16,3.0
2757,30,3.09
2872,24,2.94
1535,34,3.54
2270,10,2.6
2963,35,2.07
2484,10,2.84
1214,29,2.18
640,32,2.35
2993,33,2.9
334,37,3.01
907,24,2.7
1582,3,3.21
1605,14,2.38
2399,15,2.84
1900,7,2.87
570,8,4.59
2776,5,3.95
2163,16,2.74
1546,1,3.31
909,33,3.9
367,37,1.81
2852,19,1.92
2944,23,2.41
2426,29,2.32
2166,17,3.51
1014,6,1.65
2575,9,4.32
1873,10,3.4
814,39,2.22
206,25,4.38
816,5,3.28
66,8,2.99
2052,12,3.17
3,2,2.31
1739,35,2.98
325,15,3.21
1264,28,2.22
2039,19,1.58
605,31,3.46
796,28,4.6
2583,35,1.77
1822,16,1.74
2647,30,1.66
2880,5,2.88
347,28,3.06
1082,22,1.31
59,10,3.12
2728,31,4.43
1710,20,3.18
2559,18,3.11
2255,29,3.04
111,10,2.91
23,4,1.93
1452,23,2.84
1964,24,3.66
787,5,3.18
1708,23,3.81
2620,12,3.52
1958,14,3.1
747,23,2.57
515,4,3.03
2192,36,2.42
1766,19,1.51
2857,4,3.87
2342,30,2.35
325,0,2.67
2241,3,3.75
2508,33,2.91
2020,23,3.05
1072,27,2.93
1563,8,2.95
1545,7,3.46
1756,33,2.84
526,29,2.17
919,0,2.94
2077,4,3.52
538,29,2.74
1750,33,4.03
2191,39,3.24
627,22,4.13
841,39,3.95
2266,10,2.75
593,24,2.99
713,24,1.43
67,24,3.86
761,31,2.4
2192,24,3.49
1165,35,2.86
1370,2,2.25
465,8,3.48
96,39,2.85
408,10,2.63
1854,30,2.79
804,1,4.03
1468,12,4.38
757,37,3.06
2006,19,3.07
2761,9,3.47
2326,22,2.81
361,8,2.25
1394,18,1.33
212,36,2.59
1283,4,3.05
1700,26,2.67
1121,3,3.44
1234,4,3.64
1572,17,3.01
778,16,3.5
2069,37,2.1
729,1,3.84
616,37,2.22
371,7,3.81
2672,7,3.09
1243,12,3.07
1528,33,2.79
632,28,1.86
761,8,3.1
847,29,3.4
948,8,3.81
1120,13,2.23
1456,2,3.2
2236,10,4.13
2549,8,1.38
2924,16,3.06
2423,36,4.15
2482,6,2.68
1168,6,3.32
2547,39,2.28
2054,21,3.45
1341,25,3.2
1254,7,2.37
1519,29,2.48
1730,6,1.54
2665,10,4.25
1960,0,1.55
711,8,3.15
475,12,3.88
574,22,2.82
2844,9,3.16
508,20,3.33
2640,14,2.32
2223,34,2.62
692,31,3.84
1295,13,3.44
1698,28,1.63
788,12,2.77
572,12,3.23
2234,28,2.93
587,17,3.19
514,33,3.13
2702,27,2.63
1976,29,2.14
556,11,2.37
1710,24,3.82
295,32,2.41
1117,14,2.04
1511,11,4.26
2092,18,1.58
2587,11,2.17
1808,13,2.59
2087,18,3.03
1983,25,1.79
2337,34,2.95
248,30,3.37
2407,34,1.95
1462,24,2.88
1819,3,2.87
2257,14,3.22
2172,3,2.02
975,39,2.17
1878,11,3.13
403,14,1.7
284,19,3.73
2711,16,4.02
2624,33,2.77
2020,11,1.68
241,3,3.44
167,1,4.24
1776,30,3.68
561,6,3.68
2196,9,3.67
701,2,2.0
2671,11,2.43
1920,11,3.92
265,15,2.53
2549,0,2.43
2327,30,3.42
2797,2,3.37
2951,21,3.15
2207,13,1.92
1084,3,2.38
499,6,2.71
1611,26,3.8
488,20,2.56
465,12,3.22
228,36,3.19
666,17,2.15
1380,21,2.91
1490,20,2.76
2870,38,4.52
799,33,2.58
2801,35,2.68
262,9,3.66
860,37,2.87
364,29,3.76
2047,36,3.02
2031,1,3.46
2146,38,2.6
1036,36,3.41
2832,38,2.93
583,14,3.28
927,10,3.52
2183,9,3.43
2307,38,3.91
916,11,1.99
2565,32,3.4
1987,27,3.66
1775,22,3.63
1464,9,3.08
151,39,1.2
1505,0,3.59
868,9,3.93
142,28,2.27
2299,25,2.68
907,30,3.13
2692,11,4.16
1071,16,3.01
94,19,3.63
761,39,1.59
356,28,2.63
532,1,2.11
2740,11,2.28
2018,30,1.8
1453,15,1.7
2696,4,3.98
2750,5,2.64
2772,39,2.84
917,5,2.59
2112,33,2.06
2974,36,4.33
1493,14,2.61
727,17,3.33
1555,35,3.04
766,33,3.04
1610,25,3.31
923,28,3.97
653,20,3.42
905,10,1.43
2655,13,4.03
746,35,3.66
940,3,3.13
88,31,3.75
1834,29,3.83
563,17,2.62
1269,24,1.85
1491,36,2.95
1466,20,3.78
442,28,2.18
1950,9,2.94
1573,0,3.78
559,38,2.14
2801,23,3.17
2949,19,3.01
2529,33,3.38
2751,8,3.87
943,33,1.73
1258,9,3.87
793,37,3.74
2174,14,3.18
690,15,3.58
477,20,2.34
685,33,3.53
2420,35,4.25
1144,7,3.09
542,28,1.69
2608,36,2.16
179,16,4.21
2615,3,2.34
748,9,4.26
2999,38,3.43
2350,4,2.85
2634,38,2.66
1476,0,4.71
1848,30,2.64
1146,6,3.02
2105,13,2.71
1024,9,2.19
1163,3,1.65
1223,19,2.83
2769,5,4.33
1809,11,4.17
1385,38,2.44
410,29,2.4
646,5,1.83
1552,1,2.08
1639,28,4.28
1267,21,3.54
1114,22,2.54
62,18,2.55
1236,25,2.74
248,38,1.86
1728,27,3.59
497,21,4.03
2104,30,2.14
459,2,3.11
2967,3,3.92
1567,27,2.67
1413,19,4.27
1734,5,2.4
2605,15,3.51
1105,6,4.45
2492,11,4.34
2040,19,3.29
792,25,2.66
1308,29,1.5
2539,17,1.81
1725,26,2.95
1575,26,3.51
595,11,3.41
2456,39,2.32
2375,36,4.24
942,7,3.19
2997,27,4.41
1200,16,2.85
2037,22,2.05
1814,4,4.41
2431,17,2.88
2395,12,1.82
272,29,4.26
1285,31,4.06
396,12,3.78
154,21,2.81
1091,12,2.46
2889,22,2.53
1723,6,1.82
348,20,1.4
1087,3,1.9
2404,12,3.26
1305,4,2.33
1564,36,4.52
2415,14,2.87
1015,17,2.36
277,33,1.96
221,31,3.01
1753,12,4.22
2109,9,3.16
1127,9,3.3
1931,27,2.0
2123,23,1.85
473,35,2.38
1025,1,3.06
416,27,2.13
1493,0,4.03
1389,11,2.99
1869,31,3.14
1698,28,2.36
17,33,3.14
1534,0,3.12
1463,10,1.68
1903,8,4.32
1866,20,4.27
1737,17,2.98
2251,35,3.01
472,13,2.07
2927,20,3.02
2866,18,2.89
2462,31,2.8
1699,7,3.02
501,6,2.47
121,24,2.73
1776,10,3.81
607,26,1.96
350,0,3.46
820,12,3.65
2702,6,2.68
784,13,2.86
1847,18,3.44
497,10,3.28
392,30,3.64
1133,9,3.04
2977,20,2.59
2518,37,3.92
350,15,3.86
775,0,2.91
1746,27,4.05
2197,23,3.1
2304,27,3.57
1223,13,3.21
1932,11,2.39
1467,38,3.4
1873,3,2.52
344,15,4.6
677,13,1.61
2156,10,2.64
595,21,1.38
2073,31,2.28
2331,30,3.08
2935,5,3.04
938,37,3.43
2668,25,3.21
1991,24,2.94
238,13,2.34
2986,0,3.33
2364,10,2.62
840,20,4.09
2511,37,2.3
592,39,3.89
2888,17,1.68
1632,11,4.4
1406,34,2.33
2020,39,4.13
150,2,3.36
2400,31,2.32
2490,38,2.43
395,6,3.52
6,8,3.54
2582,18,3.46
220,5,1.99
2919,0,2.89
12,8,3.34
2843,5,3.32
1409,29,3.2
2752,31,3.05
458,32,2.51
2273,7,3.37
2384,35,3.84
167,18,3.3
1862,25,2.4
1974,17,4.48
1945,17,2.12
2546,22,2.27
2196,38,3.18
36,17,1.58
990,19,2.88
2356,13,3.26
642,11,2.42
240,8,2.37
917,8,1.21
2953,37,2.1
856,17,2.97
2352,9,2.57
2665,26,4.2
554,2,2.45
2814,25,3.26
1886,36,2.49
1325,21,2.26
2946,17,3.22
1229,31,4.23
195,7,3.48
1899,21,2.49
1426,23,2.87
2694,6,3.8
2300,25,3.05
1972,24,2.59
1307,20,3.24
2255,1,4.42
500,31,2.54
1167,3,3.73
19,15,2.44
2867,7,2.99
687,27,3.16
2068,23,4.29
1812,27,3.66
448,30,3.98
1767,32,2.64
1125,36,2.85
2787,27,2.94
294,37,4.05
1574,13,3.13
65,34,3.2
2547,16,3.67
76,10,1.28
2949,19,2.63
2683,4,4.4
2075,15,3.93
1639,0,4.09
1300,25,3.92
1596,4,4.29
2728,16,2.13
83,12,2.15
2534,5,2.6
2054,12,2.37
1700,34,4.08
368,0,3.98
2519,28,3.86
1738,32,1.79
1473,39,2.75
1931,11,2.2
2737,39,4.35
370,10,2.19
278,31,1.9
340,13,3.11
2863,26,1.2
614,19,1.61
1104,7,3.86
793,33,2.17
2651,32,3.72
67,34,3.36
215,36,4.0
416,25,2.52
552,7,3.53
1310,2,4.03
571,4,3.21
540,6,1.94
1261,32,2.07
117,31,1.82
2199,8,3.32
1107,19,3.76
1753,24,3.28
1244,20,3.91
1309,39,4.4
1778,26,3.37
2482,38,1.53
2368,38,3.01
1635,1,3.4
242,33,2.63
465,30,2.54
2251,37,3.38
549,27,2.21
2806,38,4.46
1469,13,3.98
858,37,1.91
1879,9,3.23
786,19,1.66
541,15,3.94
2535,10,3.12
1906,35,3.86
572,16,1.69
1510,26,3.9
2888,30,2.24
2709,4,4.19
2453,20,3.53
657,13,3.2
949,37,3.1
15,15,1.87
1105,9,3.75
307,32,2.86
705,4,3.22
397,36,3.81
678,36,2.23
2913,39,4.18
211,36,3.81
399,34,3.9
1397,32,2.09
258,0,3.29
2163,12,2.75
334,29,3.59
349,24,2.08
2281,10,3.55
449,37,2.85
828,20,3.02
2656,4,1.73
2146,9,3.21
2616,7,2.45
462,35,4.0
500,39,3.06
2679,1,2.21
1062,36,3.11
1266,27,3.66
1075,12,3.01
1999,22,2.57
127,27,3.44
1127,36,2.77
1990,21,3.21
2525,6,2.94
2771,12,2.36
2484,38,3.58
1409,39,4.08
85,15,2.76
1383,38,1.99
786,16,1.71
2075,17,2.23
2908,12,3.08
72,16,2.71
2636,29,3.29
1450,15,1.3
1030,15,2.84
1114,21,3.92
1616,33,2.03
1619,13,4.44
152,11,2.8
1236,3,2.52
2631,29,1.4
1287,23,2.18
1406,0,1.72
2105,12,1.48
2474,2,2.46
1647,28,2.79
142,31,3.48
2616,22,3.47
1548,1,3.55
1885,33,1.71
1032,3,2.83
1210,30,1.81
1077,32,3.02
2185,9,3.66
2222,20,2.17
2908,35,2.63
219,37,2.34
255,11,2.91
812,2,3.27
270,31,3.09
1611,15,3.5
2272,36,3.44
883,2,2.02
604,34,3.48
1187,1,2.12
1734,31,3.57
701,9,2.45
2968,26,3.6
73,38,4.33
898,5,2.68
2022,38,3.42
947,28,2.9
543,34,2.22
631,0,3.73
2843,13,3.79
1508,2,2.39
878,18,4.22
1279,38,2.35
757,15,2.82
2666,11,3.37
198,2,3.0
1451,22,3.65
2541,19,2.63
82,28,3.81
1332,38,4.28
1723,30,2.04
2422,12,3.73
2549,15,1.72
357,33,2.2
1320,35,2.66
580,18,2.82
300,13,2.84
646,34,3.02
2168,38,2.22
2234,1,3.22
2632,24,3.57
308,8,2.69
234,1,2.12
1035,24,2.51
2223,15,2.67
2821,3,2.8
643,11,3.65
2959,11,4.64
1922,27,2.01
1026,28,3.45
2809,33,4.35
1736,6,2.64
182,10,1.49
942,15,4.43
350,30,4.23
2687,30,2.57
1406,31,3.33
1221,31,3.04
1546,27,3.82
225,1,2.55
1752,34,2.31
1747,14,2.22
286,20,3.78
1355,14,1.82
193,27,3.15
1169,5,3.81
671,26,1.43
1862,3,2.49
2740,8,3.16
2586,39,2.99
612,6,4.12
901,26,3.09
1647,2,2.54
51,4,3.12
128,21,1.98
1676,26,2.59
1778,21,1.44
1070,36,2.16
234,19,2.07
2496,8,3.26
584,15,2.96
1467,9,1.96
503,6,3.9
2655,6,1.61
922,22,2.98
285,28,2.67
1156,38,3.07
1970,1,2.09
1500,21,2.64
936,17,1.99
2592,31,1.96
356,35,2.65
1995,24,2.2
1061,4,1.97
1662,20,2.11
2186,9,2.68
1446,16,3.39
1469,30,3.41
2660,34,2.3
1269,17,2.03
1563,19,3.17
2505,27,4.1
2147,34,2.9
1211,25,2.06
2084,3,2.59
630,10,3.2
2718,4,2.23
1503,17,1.37
787,16,2.9
2729,22,2.29
2103,0,3.01
1495,30,3.98
1108,3,2.56
891,24,2.75
2816,30,2.32
2966,39,3.03
2036,4,2.79
2712,5,3.77
2878,27,3.95
170,18,3.15
2297,33,3.35
662,15,3.85
2258,4,3.51
912,36,1.56
2788,10,3.65
2189,24,3.67
632,13,4.53
805,34,1.96
2228,8,3.15
920,37,3.41
2685,32,2.79
2802,25,3.05
1748,29,2.55
1041,30,2.99
385,26,2.67
893,11,3.32
2817,27,1.42
2004,8,2.61
792,6,2.99
46,29,2.7
2552,32,2.34
830,10,3.46
2573,23,1.49
979,37,3.06
2605,15,2.68
2095,10,4.53
528,27,3.02
2155,20,2.41
616,30,3.1
966,13,4.16
1157,6,3.26
2908,0,2.04
201,3,2.06
2302,9,3.22
2231,25,3.21
1174,7,4.0
1573,34,2.54
2538,28,2.05
505,28,2.25
2461,13,2.35
1946,23,1.66
1862,0,1.58
1532,8,4.49
404,17,3.69
236,33,3.5
1620,38,2.8
2907,38,2.49
633,38,4.09
1570,27,1.41
2256,20,3.61
140,33,2.91
588,35,3.87
2635,0,3.26
1844,7,2.71
2965,1,2.13
967,9,2.4
570,14,2.27
2173,38,2.32
1984,29,3.58
2182,8,2.56
1250,36,3.64
1969,8,1.92
1573,12,3.2
2698,33,3.95
1744,21,2.9
2754,18,2.29
2616,19,4.41
339,17,1.93
839,5,2.53
2370,28,2.97
95,30,3.28
196,34,3.01
192,3,2.77
2704,38,4.05
522,38,3.44
753,39,2.81
1685,6,4.23
988,31,3.55
1676,33,3.75
13,12,3.49
2302,9,1.93
2024,38,4.58
2129,8,3.1
373,17,2.48
394,13,3.06
1914,36,2.94
1756,21,2.89
1933,26,3.02
418,29,4.47
1083,38,4.39
2176,9,2.41
817,38,2.32
774,17,4.6
1804,23,2.83
2940,14,3.93
2330,21,2.84
2255,6,2.34
1333,16,4.41
2451,31,2.8
2266,0,2.88
2374,12,3.37
756,26,4.17
1277,3,3.43
1213,29,3.41
1797,12,2.91
1467,39,2.88
2178,0,3.12
2051,0,3.26
1990,39,3.37
555,15,4.31
1714,30,4.69
1518,17,2.95
266,18,2.61
923,2,4.48
2072,38,3.67
534,23,3.13
1881,34,3.25
2051,34,2.73
1694,12,3.7
880,10,2.71
2475,16,2.41
2052,6,2.42
808,1,2.83
2832,7,2.1
2551,15,3.59
232,3,4.53
2921,28,4.4
750,1,2.23
72,25,3.44
2136,26,2.29
528,23,2.92
886,14,3.6
2651,37,2.25
2498,32,2.41
2044,14,2.89
2487,38,1.59
1459,39,2.72
2174,38,4.38
563,27,2.3
1997,21,3.03
2897,39,3.45
2913,10,3.83
1660,17,3.21
1564,30,3.22
1989,39,2.34
2972,0,2.67
345,28,3.45
2516,3,2.4
2189,34,2.34
1030,24,3.5
2717,3,3.45
2679,1,2.75
1673,39,2.86
1565,24,2.64
1702,32,3.9
798,3,3.22
1120,27,2.73
1913,33,2.26
2263,6,2.83
743,2,2.87
58,19,3.05
906,12,2.88
2453,22,2.42
1208,27,2.91
2769,31,3.7
783,27,3.45
97,4,2.99
587,2,4.3
1112,7,3.11
2566,16,2.03
2716,33,1.68
1087,35,1.84
541,19,3.37
816,28,1.41
2239,18,3.11
917,12,3.9
2764,32,2.49
2587,39,2.58
85,22,1.63
1359,2,2.19
2489,18,4.48
2838,26,2.9
1876,29,3.7
2387,30,2.45
1692,35,2.65
1842,10,2.49
1203,18,2.18
1271,17,2.1
1004,37,2.97
674,31,3.19
1699,28,2.06
730,2,1.97
317,2,1.61
76,37,3.03
974,9,4.51
204,15,2.45
2472,38,2.73
1759,1,3.6
193,19,2.84
2945,0,2.02
2829,35,3.73
1463,27,2.74
2349,35,2.51
260,17,2.65
2664,35,1.4
432,24,3.02
2764,8,4.01
696,0,3.62
198,21,4.53
983,12,2.76
39,12,3.76
2757,21,2.45
2519,31,1.52
2127,2,3.04
729,27,2.43
684,37,4.2
2091,14,3.64
132,28,1.82
2125,34,2.61
1970,32,2.49
39,16,3.08
2199,17,3.08
1443,14,3.02
2366,6,1.97
1488,33,2.4
1456,4,3.4
1527,27,3.76
1293,20,4.16
2485,36,2.42
2675,2,2.67
2599,36,2.25
340,36,2.27
